Age:SPD,actual,predicted,score
26-34 Years Old:Yes,0,0,0.0
26-34 Years Old:Yes,0,0,0.0
26-34 Years Old:Yes,0,0,0.0
26-34 Years Old:Yes,0,0,0.0
26-34 Years Old:Yes,0,0,5.5687736214655286e-210
26-34 Years Old:Yes,0,0,7.23067273520369e-195
26-34 Years Old:Yes,0,1,1.0
26-34 Years Old:Yes,0,0,1.0830126067334314e-80
26-34 Years Old:Yes,0,1,1.0
26-34 Years Old:Yes,0,0,3.7354500295073425e-242
26-34 Years Old:Yes,0,0,2.0466295100813534e-283
26-34 Years Old:Yes,1,0,0.0
26-34 Years Old:Yes,0,0,1.6981278609596194e-302
26-34 Years Old:Yes,0,0,0.0
26-34 Years Old:Yes,0,0,1.9023974795337537e-302
26-34 Years Old:Yes,0,0,1.0163744535440442e-162
26-34 Years Old:Yes,0,0,9.148490550011324e-52
26-34 Years Old:Yes,1,1,0.9999880038794313
26-34 Years Old:Yes,1,0,3.390906886251501e-247
26-34 Years Old:Yes,0,0,0.0
26-34 Years Old:Yes,0,0,0.0
26-34 Years Old:Yes,0,0,0.0
26-34 Years Old:Yes,0,0,1.1327194280959067e-263
26-34 Years Old:Yes,0,0,9.031567181919525e-51
26-34 Years Old:Yes,0,0,0.0
26-34 Years Old:Yes,0,0,0.0
26-34 Years Old:Yes,0,0,1.9912544497434293e-122
26-34 Years Old:Yes,1,0,0.0
26-34 Years Old:Yes,0,0,0.0
26-34 Years Old:Yes,0,0,0.0
26-34 Years Old:Yes,0,0,1.07742512995497e-292
26-34 Years Old:Yes,0,0,2.715834213350954e-66
26-34 Years Old:Yes,0,0,0.0
26-34 Years Old:Yes,0,0,0.0
26-34 Years Old:Yes,1,0,0.0
26-34 Years Old:Yes,1,0,3.396432515985433e-153
26-34 Years Old:Yes,0,0,3.389004426520682e-203
26-34 Years Old:Yes,0,0,0.0
26-34 Years Old:Yes,0,0,0.0
26-34 Years Old:Yes,0,0,0.0
26-34 Years Old:Yes,0,0,0.0
26-34 Years Old:Yes,1,0,1.910665719114569e-232
26-34 Years Old:Yes,0,0,0.0
26-34 Years Old:Yes,1,0,4.904610500889895e-190
26-34 Years Old:Yes,0,0,0.0
26-34 Years Old:Yes,1,0,2.888319823143022e-13
26-34 Years Old:Yes,0,0,2.2615038111089034e-194
26-34 Years Old:Yes,1,0,0.0
26-34 Years Old:Yes,1,0,0.0
26-34 Years Old:Yes,1,1,1.0
26-34 Years Old:Yes,0,0,0.0
26-34 Years Old:Yes,0,0,1.887857304405937e-203
26-34 Years Old:Yes,1,0,0.0
26-34 Years Old:Yes,0,0,0.0
26-34 Years Old:Yes,0,0,6.999943326617806e-142
26-34 Years Old:Yes,0,0,0.0
26-34 Years Old:Yes,0,0,0.0
26-34 Years Old:Yes,1,1,1.0
26-34 Years Old:Yes,0,0,0.0
26-34 Years Old:Yes,1,0,3.32731086411908e-110
26-34 Years Old:Yes,0,0,0.0
26-34 Years Old:Yes,0,0,2.853186487588539e-237
26-34 Years Old:Yes,1,0,0.0
26-34 Years Old:Yes,0,0,1.754957807739261e-232
26-34 Years Old:Yes,1,0,0.0
26-34 Years Old:Yes,0,0,1.3747811344927128e-178
26-34 Years Old:Yes,0,0,4.686158383975308e-230
26-34 Years Old:Yes,0,0,0.0
26-34 Years Old:Yes,0,0,3.9289849775965097e-268
26-34 Years Old:Yes,1,0,0.0
26-34 Years Old:Yes,0,0,4.716410342134346e-238
26-34 Years Old:Yes,0,0,2.908950547452931e-146
26-34 Years Old:Yes,1,0,0.0
26-34 Years Old:Yes,0,0,0.0
26-34 Years Old:Yes,0,0,0.0
26-34 Years Old:Yes,0,0,0.0
26-34 Years Old:Yes,0,0,0.0
26-34 Years Old:Yes,1,0,3.211868962911095e-301
26-34 Years Old:Yes,1,0,0.0
26-34 Years Old:Yes,0,0,2.3582162814340036e-189
26-34 Years Old:Yes,0,0,6.428272122034218e-53
26-34 Years Old:Yes,0,0,0.0
26-34 Years Old:Yes,1,0,2.0717362983383448e-268
26-34 Years Old:Yes,0,0,0.0
26-34 Years Old:Yes,1,1,1.0
26-34 Years Old:Yes,0,0,6.608647330613831e-304
26-34 Years Old:Yes,0,0,0.0
26-34 Years Old:Yes,0,0,0.0
26-34 Years Old:Yes,0,0,0.0
26-34 Years Old:Yes,0,0,0.0
26-34 Years Old:Yes,0,0,4.045339492152109e-43
26-34 Years Old:Yes,0,0,2.743124500659792e-68
26-34 Years Old:Yes,1,0,0.0
26-34 Years Old:Yes,0,0,0.0
26-34 Years Old:Yes,0,1,1.0
26-34 Years Old:Yes,0,0,0.0
26-34 Years Old:Yes,1,0,0.0
26-34 Years Old:Yes,0,0,0.0
26-34 Years Old:Yes,0,0,1.287704796477707e-144
26-34 Years Old:Yes,0,0,0.0
26-34 Years Old:Yes,0,0,0.0
26-34 Years Old:Yes,0,0,2.0098070941503256e-186
26-34 Years Old:Yes,0,0,0.0
26-34 Years Old:Yes,0,0,2.3784371561760176e-280
26-34 Years Old:Yes,0,0,3.303696153378802e-209
26-34 Years Old:Yes,1,0,0.0
26-34 Years Old:Yes,1,0,4.8876767163562296e-176
26-34 Years Old:Yes,0,0,0.0
26-34 Years Old:Yes,0,0,0.0
26-34 Years Old:Yes,0,0,0.0
26-34 Years Old:Yes,0,0,0.0
26-34 Years Old:Yes,0,0,0.0
26-34 Years Old:Yes,1,0,0.0
26-34 Years Old:Yes,1,0,3.895246277893026e-125
26-34 Years Old:Yes,0,0,0.0
26-34 Years Old:Yes,0,0,0.0
26-34 Years Old:Yes,1,0,8.877447004002169e-255
26-34 Years Old:Yes,0,0,0.0
26-34 Years Old:Yes,0,0,1.0051258307062765e-292
26-34 Years Old:Yes,0,0,1.0722942783447349e-215
26-34 Years Old:Yes,0,0,0.0
26-34 Years Old:Yes,0,0,0.0
26-34 Years Old:Yes,1,0,2.930812023774095e-277
26-34 Years Old:Yes,1,1,1.0
26-34 Years Old:Yes,0,1,1.0
26-34 Years Old:Yes,0,0,9.055976589274527e-286
26-34 Years Old:Yes,0,0,1.4937429165204123e-270
26-34 Years Old:Yes,0,0,0.0
26-34 Years Old:Yes,1,0,1.1564546835785775e-31
26-34 Years Old:Yes,0,0,2.9870743399136075e-232
26-34 Years Old:Yes,0,0,0.0
26-34 Years Old:Yes,0,0,5.102343601831903e-62
26-34 Years Old:Yes,1,0,0.0
26-34 Years Old:Yes,0,0,0.0
26-34 Years Old:Yes,1,0,1.49508480109395e-241
26-34 Years Old:Yes,0,0,1.0191732424090997e-228
26-34 Years Old:Yes,1,0,0.0
26-34 Years Old:Yes,1,0,1.0402315850401506e-77
26-34 Years Old:Yes,0,0,0.0
26-34 Years Old:Yes,0,0,0.0
26-34 Years Old:Yes,0,1,1.0
26-34 Years Old:Yes,0,0,3.49989573301439e-73
26-34 Years Old:Yes,0,0,0.0
26-34 Years Old:Yes,1,0,1.2193051230691382e-82
26-34 Years Old:Yes,1,0,0.0
26-34 Years Old:Yes,0,1,1.0
26-34 Years Old:Yes,1,0,0.0
26-34 Years Old:Yes,1,1,0.9999999999999956
26-34 Years Old:Yes,0,0,0.0
26-34 Years Old:Yes,0,0,0.0
26-34 Years Old:Yes,1,0,0.0
26-34 Years Old:Yes,0,0,1.7082241242275937e-222
26-34 Years Old:Yes,0,0,0.0
26-34 Years Old:Yes,0,0,1.5890582847467197e-300
26-34 Years Old:Yes,1,0,1.7335977017616757e-301
26-34 Years Old:Yes,0,0,3.5143674611346803e-234
26-34 Years Old:Yes,1,0,0.0
26-34 Years Old:Yes,0,0,0.0
26-34 Years Old:Yes,0,0,0.0
26-34 Years Old:Yes,1,1,1.0
26-34 Years Old:Yes,1,0,0.0
26-34 Years Old:Yes,0,0,0.0
26-34 Years Old:Yes,0,0,0.0
26-34 Years Old:Yes,1,0,0.0
26-34 Years Old:Yes,0,0,0.0
26-34 Years Old:Yes,0,0,0.0
26-34 Years Old:Yes,0,0,0.0
26-34 Years Old:Yes,1,0,3.725311949397951e-107
26-34 Years Old:Yes,1,0,0.0
26-34 Years Old:Yes,1,0,0.0
26-34 Years Old:Yes,1,0,0.0
26-34 Years Old:Yes,1,0,3.3161907431695805e-145
26-34 Years Old:Yes,0,0,0.0
26-34 Years Old:Yes,0,0,1.9698008121199537e-05
26-34 Years Old:Yes,0,0,0.0
26-34 Years Old:Yes,0,0,0.0
26-34 Years Old:Yes,0,0,7.063927204183253e-131
26-34 Years Old:Yes,1,0,6.767540061502772e-285
26-34 Years Old:Yes,0,0,0.0
26-34 Years Old:Yes,0,0,4.97012249015945e-258
26-34 Years Old:Yes,0,1,1.0
26-34 Years Old:Yes,0,0,2.1138524360469695e-228
26-34 Years Old:Yes,0,0,2.14563942077121e-09
26-34 Years Old:Yes,0,0,7.091315011738193e-16
26-34 Years Old:Yes,0,0,0.0
26-34 Years Old:Yes,0,0,0.0
26-34 Years Old:Yes,0,0,0.0
26-34 Years Old:Yes,0,1,1.0
26-34 Years Old:Yes,0,0,4.4170355564561866e-119
26-34 Years Old:Yes,0,0,0.0
26-34 Years Old:Yes,0,0,0.0
26-34 Years Old:Yes,0,0,0.0
26-34 Years Old:Yes,0,0,0.0
26-34 Years Old:Yes,1,0,5.858792565201844e-20
26-34 Years Old:Yes,0,0,0.0
26-34 Years Old:Yes,0,0,5.837111956115283e-291
26-34 Years Old:Yes,0,0,0.0
26-34 Years Old:Yes,0,0,1.9720225882992468e-219
26-34 Years Old:Yes,1,0,3.0779813189970596e-291
26-34 Years Old:Yes,0,0,6.95989144812382e-33
26-34 Years Old:Yes,0,0,1.729883459219369e-293
26-34 Years Old:Yes,0,0,0.0
26-34 Years Old:Yes,0,0,0.0
26-34 Years Old:Yes,0,0,0.0
26-34 Years Old:Yes,0,0,0.0
26-34 Years Old:Yes,0,0,2.1906139248595778e-167
26-34 Years Old:Yes,1,0,0.0
26-34 Years Old:Yes,1,0,0.0
26-34 Years Old:Yes,0,0,1.955276327341928e-278
26-34 Years Old:Yes,0,0,7.786134350397716e-78
26-34 Years Old:Yes,1,1,1.0
26-34 Years Old:Yes,0,0,0.0
26-34 Years Old:Yes,0,0,0.0
26-34 Years Old:Yes,0,0,6.633545235410342e-287
26-34 Years Old:Yes,0,0,0.0
26-34 Years Old:Yes,0,0,5.594011839810599e-209
26-34 Years Old:Yes,0,0,3.97241459372823e-207
26-34 Years Old:Yes,0,0,1.136957703966511e-11
26-34 Years Old:Yes,0,0,7.246392589010814e-257
26-34 Years Old:Yes,0,0,0.0
26-34 Years Old:Yes,0,0,1.1946853944664653e-292
26-34 Years Old:Yes,0,0,0.0
26-34 Years Old:Yes,0,0,3.3224274624429954e-79
26-34 Years Old:Yes,0,0,7.017604047255735e-125
26-34 Years Old:Yes,0,0,0.0
26-34 Years Old:Yes,0,0,0.0
26-34 Years Old:Yes,0,0,0.0
26-34 Years Old:Yes,0,0,0.0
26-34 Years Old:Yes,0,0,0.0
26-34 Years Old:Yes,0,0,0.0
26-34 Years Old:Yes,1,0,4.2178764918538296e-14
26-34 Years Old:Yes,0,0,0.0
26-34 Years Old:Yes,0,0,4.869499545554548e-128
26-34 Years Old:Yes,0,0,3.2633386022693504e-44
26-34 Years Old:Yes,0,0,2.056596853196074e-95
26-34 Years Old:Yes,0,0,0.0
26-34 Years Old:Yes,0,0,0.0
26-34 Years Old:Yes,1,0,3.2879657743327027e-280
26-34 Years Old:Yes,0,0,7.690679213259463e-35
26-34 Years Old:Yes,0,0,0.0
26-34 Years Old:Yes,0,0,0.0
26-34 Years Old:Yes,1,0,2.0431768171340426e-120
26-34 Years Old:Yes,0,0,0.0
26-34 Years Old:Yes,1,0,0.0
26-34 Years Old:Yes,1,0,0.0
26-34 Years Old:Yes,0,0,8.28914332283205e-150
26-34 Years Old:Yes,0,0,0.0
26-34 Years Old:Yes,0,0,0.0
26-34 Years Old:Yes,0,0,0.0
26-34 Years Old:Yes,0,0,0.0
26-34 Years Old:Yes,1,1,1.0
26-34 Years Old:Yes,0,0,6.6560120521070064e-127
26-34 Years Old:Yes,0,0,0.0
26-34 Years Old:Yes,0,0,0.0
26-34 Years Old:Yes,0,0,0.0
26-34 Years Old:Yes,1,0,0.0
26-34 Years Old:Yes,1,0,0.0
26-34 Years Old:Yes,1,0,0.0
26-34 Years Old:Yes,0,0,0.0
26-34 Years Old:Yes,1,0,5.6328475215691e-69
26-34 Years Old:Yes,1,1,1.0
26-34 Years Old:Yes,0,0,3.0137103083264868e-270
26-34 Years Old:Yes,0,0,4.272615652568374e-46
26-34 Years Old:Yes,1,0,1.4321255266177428e-07
26-34 Years Old:Yes,1,0,2.2545145953801372e-219
26-34 Years Old:Yes,0,0,0.0
26-34 Years Old:Yes,1,1,1.0
26-34 Years Old:Yes,0,0,7.080618477780639e-11
26-34 Years Old:Yes,0,0,0.0
26-34 Years Old:Yes,0,0,0.0
26-34 Years Old:Yes,0,0,0.0
26-34 Years Old:Yes,0,0,8.730417044986372e-201
26-34 Years Old:Yes,0,0,0.0
26-34 Years Old:Yes,0,0,0.0
26-34 Years Old:Yes,0,0,0.0
26-34 Years Old:Yes,0,0,0.0
26-34 Years Old:Yes,1,0,1.2534906024802823e-180
26-34 Years Old:Yes,0,0,0.0
26-34 Years Old:Yes,0,0,0.0
26-34 Years Old:Yes,1,0,3.2013561761355934e-121
26-34 Years Old:Yes,0,0,0.0
26-34 Years Old:Yes,0,0,3.3993676648793316e-294
26-34 Years Old:Yes,0,0,1.0370081030120212e-92
26-34 Years Old:Yes,1,0,0.0
26-34 Years Old:Yes,1,0,0.0
26-34 Years Old:Yes,0,0,0.0
26-34 Years Old:Yes,1,1,1.0
26-34 Years Old:Yes,0,1,1.0
26-34 Years Old:Yes,0,0,0.0
26-34 Years Old:Yes,0,0,0.0
26-34 Years Old:Yes,0,0,1.3135378823439228e-275
26-34 Years Old:Yes,1,0,0.0
26-34 Years Old:Yes,0,0,0.0
26-34 Years Old:Yes,1,0,0.0
26-34 Years Old:Yes,1,0,1.0264256042011301e-199
26-34 Years Old:Yes,0,0,0.0
26-34 Years Old:Yes,0,0,0.0
26-34 Years Old:Yes,0,0,8.836130412757622e-66
26-34 Years Old:Yes,0,0,0.0
26-34 Years Old:Yes,1,0,3.6926667979406773e-44
26-34 Years Old:Yes,0,0,1.9798414750822814e-251
26-34 Years Old:Yes,0,0,0.0
26-34 Years Old:Yes,0,0,0.0
26-34 Years Old:Yes,1,0,0.0
26-34 Years Old:Yes,0,0,1.2059884589685964e-225
26-34 Years Old:Yes,1,1,1.0
26-34 Years Old:Yes,1,0,1.8768962423869533e-19
26-34 Years Old:Yes,0,0,0.0
26-34 Years Old:Yes,0,0,1.7593727183376029e-248
26-34 Years Old:Yes,0,0,0.0
26-34 Years Old:Yes,0,0,0.0
26-34 Years Old:Yes,1,0,9.802500842920951e-134
26-34 Years Old:Yes,0,0,0.0
26-34 Years Old:Yes,1,0,5.634306611446216e-293
26-34 Years Old:Yes,1,0,0.0
26-34 Years Old:Yes,1,0,1.007153680584153e-177
26-34 Years Old:Yes,0,0,7.205413266359209e-109
26-34 Years Old:Yes,0,0,1.3637361875528785e-264
26-34 Years Old:Yes,0,0,2.7772296782520496e-145
26-34 Years Old:Yes,0,0,0.0
26-34 Years Old:Yes,1,0,0.0
26-34 Years Old:Yes,0,0,1.2699956527179038e-84
26-34 Years Old:Yes,0,0,2.8791625350707268e-114
26-34 Years Old:Yes,0,0,0.0
26-34 Years Old:Yes,0,0,0.0
26-34 Years Old:Yes,0,0,2.0338521032762123e-294
26-34 Years Old:Yes,1,0,4.952948247600489e-159
26-34 Years Old:Yes,1,0,0.0
26-34 Years Old:Yes,0,0,0.0
26-34 Years Old:Yes,0,0,0.0
26-34 Years Old:Yes,0,0,0.0
26-34 Years Old:Yes,0,0,0.0
26-34 Years Old:Yes,0,0,0.0
26-34 Years Old:Yes,0,1,1.0
26-34 Years Old:Yes,0,0,1.9604728772995923e-159
26-34 Years Old:Yes,0,0,0.0
26-34 Years Old:Yes,0,0,2.4599889249257383e-180
26-34 Years Old:Yes,0,0,0.0
26-34 Years Old:Yes,1,0,5.823111753151261e-66
26-34 Years Old:Yes,1,1,1.0
26-34 Years Old:Yes,1,0,0.0
26-34 Years Old:Yes,0,0,0.0
26-34 Years Old:Yes,0,0,0.0
26-34 Years Old:Yes,0,0,4.6156247424606856e-209
26-34 Years Old:Yes,0,0,1.1118744905013196e-96
26-34 Years Old:Yes,0,0,0.0
26-34 Years Old:Yes,0,0,0.0
26-34 Years Old:Yes,0,1,1.0
26-34 Years Old:Yes,0,0,0.0
26-34 Years Old:Yes,0,0,0.0
26-34 Years Old:Yes,0,0,0.0
26-34 Years Old:Yes,1,0,0.0
26-34 Years Old:Yes,0,0,0.0
26-34 Years Old:Yes,0,0,0.0
26-34 Years Old:Yes,0,0,5.280414267159405e-302
26-34 Years Old:Yes,0,0,6.473192989747019e-298
26-34 Years Old:Yes,0,0,0.0
26-34 Years Old:Yes,0,0,0.0
26-34 Years Old:Yes,0,0,0.0
26-34 Years Old:Yes,0,0,0.0
26-34 Years Old:Yes,0,0,0.0
26-34 Years Old:Yes,0,0,0.0
26-34 Years Old:Yes,0,0,0.0
26-34 Years Old:Yes,0,0,0.0
26-34 Years Old:Yes,0,0,3.65920076985568e-160
26-34 Years Old:Yes,0,0,1.794959098497761e-248
26-34 Years Old:Yes,0,0,0.0
26-34 Years Old:Yes,0,0,0.0
26-34 Years Old:Yes,0,0,0.0
26-34 Years Old:Yes,1,0,2.7061187062219567e-295
26-34 Years Old:Yes,0,1,1.0
26-34 Years Old:Yes,0,1,1.0
26-34 Years Old:Yes,0,0,0.0
26-34 Years Old:Yes,0,0,1.9409734621467252e-284
26-34 Years Old:Yes,0,0,9.997634049100166e-115
26-34 Years Old:Yes,1,0,1.8035218275979583e-54
26-34 Years Old:Yes,1,0,1.3553129206301632e-63
26-34 Years Old:Yes,1,0,0.0
26-34 Years Old:Yes,0,0,0.0
26-34 Years Old:Yes,0,0,1.295189452898878e-285
26-34 Years Old:Yes,0,0,2.5239910133723933e-256
26-34 Years Old:Yes,1,0,0.0
26-34 Years Old:Yes,0,0,0.0
26-34 Years Old:Yes,0,0,0.0
26-34 Years Old:Yes,0,0,8.869680918340515e-262
26-34 Years Old:Yes,0,0,0.0
26-34 Years Old:Yes,0,0,0.0
26-34 Years Old:Yes,1,0,4.407729620302788e-214
26-34 Years Old:Yes,0,0,0.0
26-34 Years Old:Yes,0,0,0.0
26-34 Years Old:Yes,1,1,1.0
26-34 Years Old:Yes,0,0,3.867343979753353e-192
26-34 Years Old:Yes,0,0,0.0
26-34 Years Old:Yes,1,0,0.0
26-34 Years Old:Yes,0,0,0.0
26-34 Years Old:Yes,1,0,0.0
26-34 Years Old:Yes,0,0,0.0
26-34 Years Old:Yes,0,0,0.0
26-34 Years Old:Yes,1,1,1.0
26-34 Years Old:Yes,0,0,4.179848664110053e-171
26-34 Years Old:Yes,1,0,1.1137050533873419e-31
26-34 Years Old:Yes,1,0,0.0
26-34 Years Old:Yes,0,0,2.2702884549929918e-299
26-34 Years Old:Yes,1,0,1.3161445754789062e-75
26-34 Years Old:Yes,0,0,2.678286338828845e-43
26-34 Years Old:Yes,1,1,0.9999764592414188
26-34 Years Old:Yes,0,0,0.0
26-34 Years Old:Yes,0,0,6.082987843041545e-270
26-34 Years Old:Yes,0,0,0.0
26-34 Years Old:Yes,0,0,2.4694250110530133e-33
26-34 Years Old:Yes,0,0,0.0
26-34 Years Old:Yes,0,0,0.0
26-34 Years Old:Yes,1,0,0.0
26-34 Years Old:Yes,0,0,0.0
26-34 Years Old:Yes,0,0,0.0
26-34 Years Old:Yes,1,0,3.361412074273716e-146
26-34 Years Old:Yes,0,0,0.0
26-34 Years Old:Yes,1,0,3.202359307881747e-183
26-34 Years Old:Yes,0,0,0.0
26-34 Years Old:Yes,0,0,0.0
26-34 Years Old:Yes,1,0,2.9793216588851017e-274
26-34 Years Old:Yes,0,0,0.0
26-34 Years Old:Yes,0,0,0.0
26-34 Years Old:Yes,1,0,2.800483597476168e-163
26-34 Years Old:Yes,1,0,7.035568150435066e-182
26-34 Years Old:Yes,1,0,1.686179898855771e-250
26-34 Years Old:Yes,0,1,1.0
26-34 Years Old:Yes,0,0,0.0
26-34 Years Old:Yes,0,0,0.0
26-34 Years Old:Yes,1,0,4.282947332587508e-86
26-34 Years Old:Yes,0,0,4.432099646138527e-254
26-34 Years Old:Yes,0,0,0.0
26-34 Years Old:Yes,1,0,8.207538236608414e-290
26-34 Years Old:Yes,0,0,0.0
26-34 Years Old:Yes,0,0,0.0
26-34 Years Old:Yes,0,0,0.0
26-34 Years Old:Yes,1,0,1.5361093844538258e-62
26-34 Years Old:Yes,0,0,0.0
26-34 Years Old:Yes,1,0,0.0
26-34 Years Old:Yes,1,0,8.585140521598717e-62
26-34 Years Old:Yes,0,0,0.0
26-34 Years Old:Yes,1,0,0.0
26-34 Years Old:Yes,0,0,0.0
26-34 Years Old:Yes,0,0,0.0
26-34 Years Old:Yes,1,0,6.417757375492816e-80
26-34 Years Old:Yes,0,0,0.0
26-34 Years Old:Yes,1,0,0.0
26-34 Years Old:Yes,0,0,7.253469703992504e-284
26-34 Years Old:Yes,0,1,1.0
26-34 Years Old:Yes,0,0,0.0
26-34 Years Old:Yes,1,0,0.0
26-34 Years Old:Yes,0,0,0.0
26-34 Years Old:Yes,0,0,0.0
26-34 Years Old:Yes,0,0,0.0
26-34 Years Old:Yes,0,0,0.0
26-34 Years Old:Yes,1,0,3.8655449538518063e-121
26-34 Years Old:Yes,0,0,8.536663338590723e-279
26-34 Years Old:Yes,0,0,0.0
26-34 Years Old:Yes,0,0,0.0
26-34 Years Old:Yes,0,0,0.0
26-34 Years Old:Yes,0,0,0.0
26-34 Years Old:Yes,1,0,1.1576662964759565e-298
26-34 Years Old:Yes,0,0,5.2287673932734985e-285
26-34 Years Old:Yes,0,0,0.0
26-34 Years Old:Yes,0,0,5.1743820496935896e-284
26-34 Years Old:Yes,0,0,6.364834482303727e-201
26-34 Years Old:Yes,0,0,1.6228563141979401e-170
26-34 Years Old:Yes,0,0,8.200052135836765e-230
26-34 Years Old:Yes,0,0,1.4925390137431909e-263
26-34 Years Old:Yes,0,0,1.7513638510080058e-21
26-34 Years Old:Yes,1,1,1.0
26-34 Years Old:Yes,0,0,0.0
26-34 Years Old:Yes,0,0,0.0
26-34 Years Old:Yes,0,0,2.393080452873498e-227
26-34 Years Old:Yes,0,0,1.4937880070862179e-56
26-34 Years Old:Yes,0,0,0.0
26-34 Years Old:Yes,0,0,0.0
26-34 Years Old:Yes,0,0,0.0
26-34 Years Old:Yes,0,0,0.0
26-34 Years Old:Yes,0,0,0.0
26-34 Years Old:Yes,1,0,8.181070754582131e-58
26-34 Years Old:Yes,1,0,4.956603425354309e-15
26-34 Years Old:Yes,0,0,0.0
26-34 Years Old:Yes,0,0,0.0
26-34 Years Old:Yes,0,0,0.0
26-34 Years Old:Yes,0,0,0.0
26-34 Years Old:Yes,1,0,5.865260673939589e-22
26-34 Years Old:Yes,1,1,1.0
26-34 Years Old:Yes,0,0,8.287864994645996e-247
26-34 Years Old:Yes,0,0,0.0
26-34 Years Old:Yes,0,0,1.6804077458011867e-265
26-34 Years Old:Yes,0,1,1.0
26-34 Years Old:Yes,0,0,0.0
26-34 Years Old:Yes,1,0,0.0
26-34 Years Old:Yes,0,0,0.11875801548314885
26-34 Years Old:Yes,1,0,3.0256556170074934e-48
26-34 Years Old:Yes,0,0,0.0
26-34 Years Old:Yes,0,0,0.0
26-34 Years Old:Yes,0,0,1.8245139287033319e-212
26-34 Years Old:Yes,0,0,0.0
26-34 Years Old:Yes,0,0,0.0
26-34 Years Old:Yes,1,0,5.144524841819156e-136
26-34 Years Old:Yes,1,0,4.0076147900666365e-26
26-34 Years Old:Yes,1,0,2.5049680352008087e-154
26-34 Years Old:Yes,0,0,0.0
26-34 Years Old:Yes,0,0,3.6532707494011014e-215
26-34 Years Old:Yes,0,0,0.0
26-34 Years Old:Yes,0,0,0.0
26-34 Years Old:Yes,1,0,0.0
26-34 Years Old:Yes,0,0,6.732334462900245e-82
26-34 Years Old:Yes,0,0,0.0
26-34 Years Old:Yes,0,0,1.1250944523771861e-119
26-34 Years Old:Yes,1,1,1.0
26-34 Years Old:Yes,1,0,5.765527207947594e-87
26-34 Years Old:Yes,0,0,0.0
26-34 Years Old:Yes,1,0,0.0
26-34 Years Old:Yes,0,0,1.9997922036560314e-243
26-34 Years Old:Yes,0,0,0.0
26-34 Years Old:Yes,0,0,0.0
26-34 Years Old:Yes,0,0,0.0
26-34 Years Old:Yes,0,0,0.0
26-34 Years Old:Yes,0,0,3.1024649311126174e-254
26-34 Years Old:Yes,0,0,0.0
26-34 Years Old:Yes,0,0,1.6412369609685339e-248
26-34 Years Old:Yes,0,0,0.0
26-34 Years Old:Yes,1,0,1.076599810318727e-243
26-34 Years Old:Yes,0,0,0.0
26-34 Years Old:Yes,1,0,2.9673994751523724e-28
26-34 Years Old:Yes,0,0,7.481451464084166e-132
26-34 Years Old:Yes,0,0,0.0
26-34 Years Old:Yes,0,0,2.0563550362751895e-207
26-34 Years Old:Yes,0,0,0.0
26-34 Years Old:Yes,0,0,1.5565820333994515e-271
26-34 Years Old:Yes,0,0,8.187149411455395e-143
26-34 Years Old:Yes,0,0,0.0
26-34 Years Old:Yes,0,0,0.008683955361401671
26-34 Years Old:Yes,0,0,5.617365446378128e-230
26-34 Years Old:Yes,1,0,0.0
26-34 Years Old:Yes,0,0,5.346111653820661e-59
26-34 Years Old:Yes,0,0,2.0860562694388305e-144
26-34 Years Old:Yes,0,0,0.0
26-34 Years Old:Yes,1,0,0.0
26-34 Years Old:Yes,1,0,0.0
26-34 Years Old:Yes,0,0,0.0
26-34 Years Old:Yes,0,0,2.4967461285409834e-127
26-34 Years Old:Yes,0,0,0.0
26-34 Years Old:Yes,0,0,0.0
26-34 Years Old:Yes,1,0,5.816208075074795e-213
26-34 Years Old:Yes,0,0,4.650405826556889e-83
26-34 Years Old:Yes,1,0,9.579023856163235e-108
26-34 Years Old:Yes,1,0,0.0
26-34 Years Old:Yes,1,1,1.0
26-34 Years Old:Yes,0,0,0.0
26-34 Years Old:Yes,1,0,0.0
26-34 Years Old:Yes,0,0,1.55132949892687e-233
26-34 Years Old:Yes,1,0,3.9446780506905813e-156
26-34 Years Old:Yes,0,0,0.0
26-34 Years Old:Yes,0,0,1.0633712007701679e-250
26-34 Years Old:Yes,1,0,4.9610116043298865e-225
26-34 Years Old:Yes,0,0,0.0
26-34 Years Old:Yes,0,0,3.0034235773086146e-140
26-34 Years Old:Yes,0,0,0.0
26-34 Years Old:Yes,1,1,1.0
26-34 Years Old:Yes,0,0,6.157494931092404e-25
26-34 Years Old:Yes,1,0,0.0
26-34 Years Old:Yes,1,0,1.6336765002550187e-307
26-34 Years Old:Yes,0,0,0.0
26-34 Years Old:Yes,0,0,4.099343771284293e-221
26-34 Years Old:Yes,0,0,0.0
26-34 Years Old:Yes,0,0,1.5526959983531154e-79
26-34 Years Old:Yes,0,0,1.7282721578767465e-134
26-34 Years Old:Yes,0,0,0.0
26-34 Years Old:Yes,1,0,1.5173260113142934e-100
26-34 Years Old:Yes,0,0,6.649051435912101e-174
26-34 Years Old:Yes,0,0,0.0
26-34 Years Old:Yes,0,0,0.0
26-34 Years Old:Yes,0,0,0.0
26-34 Years Old:Yes,0,0,0.0
26-34 Years Old:Yes,0,1,1.0
26-34 Years Old:Yes,0,0,0.0
26-34 Years Old:Yes,0,0,5.268979227395136e-35
26-34 Years Old:Yes,0,0,6.207841014427237e-47
26-34 Years Old:Yes,1,1,0.9999999995959106
26-34 Years Old:Yes,0,1,1.0
26-34 Years Old:Yes,0,0,0.0
26-34 Years Old:Yes,0,0,1.430877224944825e-14
26-34 Years Old:Yes,0,0,1.491871367283217e-194
26-34 Years Old:Yes,0,1,1.0
26-34 Years Old:Yes,0,0,0.0
26-34 Years Old:Yes,1,0,2.454141218069419e-62
26-34 Years Old:Yes,0,0,0.0
26-34 Years Old:Yes,0,1,1.0
26-34 Years Old:Yes,0,0,0.0
26-34 Years Old:Yes,1,1,1.0
26-34 Years Old:Yes,0,0,1.3668765427886208e-257
26-34 Years Old:Yes,0,0,0.0
26-34 Years Old:Yes,0,0,2.2796794425024747e-105
26-34 Years Old:Yes,1,0,1.837362057921229e-234
26-34 Years Old:Yes,0,0,0.0
26-34 Years Old:Yes,0,0,0.0
26-34 Years Old:Yes,0,0,0.0
26-34 Years Old:Yes,0,0,5.6831388527669125e-101
26-34 Years Old:Yes,0,0,0.0
26-34 Years Old:Yes,0,0,0.0
26-34 Years Old:Yes,0,0,0.0
26-34 Years Old:Yes,0,0,0.0
26-34 Years Old:Yes,1,1,1.0
26-34 Years Old:Yes,0,0,0.0
26-34 Years Old:Yes,0,0,0.0
26-34 Years Old:Yes,1,0,1.6921750843013706e-147
26-34 Years Old:Yes,0,0,2.2706935535301763e-248
26-34 Years Old:Yes,0,0,0.0
26-34 Years Old:Yes,0,0,0.0
26-34 Years Old:Yes,0,0,1.6169356149083506e-117
26-34 Years Old:Yes,1,0,1.1150401324679173e-123
26-34 Years Old:Yes,1,0,4.1895053625876907e-224
26-34 Years Old:Yes,0,0,0.0
26-34 Years Old:Yes,0,0,1.0634018831430655e-223
26-34 Years Old:Yes,0,0,0.0
26-34 Years Old:Yes,0,1,1.0
26-34 Years Old:Yes,0,0,0.0
26-34 Years Old:Yes,0,0,0.0
26-34 Years Old:Yes,0,0,3.4728768392426277e-272
26-34 Years Old:Yes,0,0,0.0
26-34 Years Old:Yes,0,0,0.0
26-34 Years Old:Yes,0,0,0.0
26-34 Years Old:Yes,1,0,0.0
26-34 Years Old:Yes,0,0,0.0
26-34 Years Old:Yes,1,0,0.0
26-34 Years Old:Yes,0,0,0.0
26-34 Years Old:Yes,0,0,0.0
26-34 Years Old:Yes,0,0,4.2406221347902705e-201
26-34 Years Old:Yes,1,0,0.0
26-34 Years Old:Yes,1,1,0.9999999999998699
26-34 Years Old:Yes,0,0,0.0
26-34 Years Old:Yes,0,0,0.0
26-34 Years Old:Yes,0,0,1.6480740986226192e-282
26-34 Years Old:Yes,1,0,1.0264219760823715e-136
26-34 Years Old:Yes,1,0,2.083623283957887e-127
26-34 Years Old:Yes,0,0,1.9553452664779474e-91
26-34 Years Old:Yes,1,0,1.1332463216873195e-294
26-34 Years Old:Yes,1,0,0.0
26-34 Years Old:Yes,0,0,0.0
26-34 Years Old:Yes,0,0,0.0
26-34 Years Old:Yes,0,0,2.578405161075785e-18
26-34 Years Old:Yes,1,0,1.1333157926805672e-150
26-34 Years Old:Yes,0,0,0.0
26-34 Years Old:Yes,0,0,0.0
26-34 Years Old:Yes,0,0,0.0
26-34 Years Old:Yes,0,0,5.816508209943973e-306
26-34 Years Old:Yes,1,0,3.786107105950612e-294
26-34 Years Old:Yes,0,1,0.9999999965836031
26-34 Years Old:Yes,1,0,2.561092427521547e-242
26-34 Years Old:Yes,1,1,1.0
26-34 Years Old:Yes,0,0,3.083954916036127e-13
26-34 Years Old:Yes,1,1,0.999998620799157
26-34 Years Old:Yes,0,0,0.0
26-34 Years Old:Yes,0,0,2.2683467235602717e-07
26-34 Years Old:Yes,0,0,0.0
26-34 Years Old:Yes,0,0,0.0
26-34 Years Old:Yes,0,0,0.0
26-34 Years Old:Yes,0,0,1.4841192691170702e-18
26-34 Years Old:Yes,0,0,0.0
26-34 Years Old:Yes,0,0,0.0
26-34 Years Old:Yes,0,0,0.0
26-34 Years Old:Yes,0,0,0.0
26-34 Years Old:Yes,0,0,1.5404109350651655e-146
26-34 Years Old:Yes,1,0,0.0
26-34 Years Old:Yes,1,1,1.0
26-34 Years Old:Yes,0,0,0.0
26-34 Years Old:Yes,1,1,1.0
26-34 Years Old:Yes,0,0,4.4532426165537205e-190
26-34 Years Old:Yes,1,0,0.0
26-34 Years Old:Yes,0,0,0.0
26-34 Years Old:Yes,0,0,8.051394003937643e-15
26-34 Years Old:Yes,1,0,1.6168601442018016e-125
26-34 Years Old:Yes,0,0,0.0
26-34 Years Old:Yes,0,0,0.0
26-34 Years Old:Yes,1,0,0.0
26-34 Years Old:Yes,0,0,0.0
26-34 Years Old:Yes,0,0,1.3320764974809676e-243
26-34 Years Old:Yes,0,0,0.0
26-34 Years Old:Yes,0,0,2.0473386135879858e-226
26-34 Years Old:Yes,0,0,1.7890381459860337e-296
26-34 Years Old:Yes,0,0,4.372236532698298e-132
26-34 Years Old:Yes,0,0,7.108761942473565e-171
26-34 Years Old:Yes,1,0,2.8361508835457234e-234
26-34 Years Old:Yes,0,0,0.0
26-34 Years Old:Yes,0,0,2.0315411565940884e-124
26-34 Years Old:Yes,1,0,1.0880324984875613e-85
26-34 Years Old:Yes,0,0,1.1379352127130798e-115
26-34 Years Old:Yes,0,0,1.9644374820859227e-214
26-34 Years Old:Yes,0,0,0.0
26-34 Years Old:Yes,0,0,2.2630061349816274e-197
26-34 Years Old:Yes,0,0,1.2193023076285043e-220
26-34 Years Old:Yes,0,0,9.070472853680613e-279
26-34 Years Old:Yes,0,0,2.021664092529692e-194
26-34 Years Old:Yes,0,0,7.418253745831922e-64
26-34 Years Old:Yes,0,0,0.0
26-34 Years Old:Yes,0,0,0.0
26-34 Years Old:Yes,0,0,1.360009922278269e-276
26-34 Years Old:Yes,0,0,0.0
26-34 Years Old:Yes,0,0,2.829837531054915e-242
26-34 Years Old:Yes,0,0,0.0
26-34 Years Old:Yes,0,0,3.261955764655078e-295
26-34 Years Old:Yes,0,0,1.4942957420120155e-272
26-34 Years Old:Yes,0,0,0.0
26-34 Years Old:Yes,0,0,0.0
26-34 Years Old:Yes,0,0,9.572498973482371e-176
26-34 Years Old:Yes,0,0,4.856990807082395e-302
26-34 Years Old:Yes,0,0,0.0
26-34 Years Old:Yes,0,0,0.0
26-34 Years Old:Yes,1,0,5.650848425483631e-302
26-34 Years Old:Yes,1,0,3.84881351320881e-167
26-34 Years Old:Yes,0,0,0.0
26-34 Years Old:Yes,0,0,1.2144085805367302e-200
26-34 Years Old:Yes,1,0,3.1616538681331494e-97
26-34 Years Old:Yes,0,0,6.726086910810046e-287
26-34 Years Old:Yes,1,0,4.346429243932688e-118
26-34 Years Old:Yes,0,0,0.0
26-34 Years Old:Yes,0,0,0.0
26-34 Years Old:Yes,0,0,0.0
26-34 Years Old:Yes,0,0,6.543554005748817e-195
26-34 Years Old:Yes,0,0,5.222734465591325e-196
26-34 Years Old:Yes,0,0,0.0
26-34 Years Old:Yes,0,0,0.0
26-34 Years Old:Yes,0,0,0.0
26-34 Years Old:Yes,0,0,0.0
26-34 Years Old:Yes,1,1,1.0
26-34 Years Old:Yes,1,0,1.3532093782660044e-68
26-34 Years Old:Yes,0,0,5.448715698260801e-281
26-34 Years Old:Yes,0,0,0.0
26-34 Years Old:Yes,1,1,1.0
26-34 Years Old:Yes,0,0,1.7235629399124883e-233
26-34 Years Old:Yes,0,0,0.0
26-34 Years Old:Yes,0,0,0.0
26-34 Years Old:Yes,0,0,0.0
26-34 Years Old:Yes,1,0,1.9144245539298657e-154
26-34 Years Old:Yes,0,0,0.0
26-34 Years Old:Yes,0,0,0.0
26-34 Years Old:Yes,0,0,1.994488345887743e-307
26-34 Years Old:Yes,1,1,1.0
26-34 Years Old:Yes,1,0,5.352353526717679e-66
26-34 Years Old:Yes,0,0,1.0755401024967342e-70
26-34 Years Old:Yes,1,0,0.0
26-34 Years Old:Yes,0,0,0.0
26-34 Years Old:Yes,0,0,4.217582006473548e-300
26-34 Years Old:Yes,0,0,0.0
26-34 Years Old:Yes,0,0,0.0
26-34 Years Old:Yes,0,0,0.0
26-34 Years Old:Yes,0,0,0.0
26-34 Years Old:Yes,0,1,1.0
26-34 Years Old:Yes,0,0,0.0
26-34 Years Old:Yes,0,0,0.0
26-34 Years Old:Yes,0,0,3.0148300165360897e-102
26-34 Years Old:Yes,0,0,0.0
26-34 Years Old:Yes,0,0,3.2188443387018924e-233
26-34 Years Old:Yes,0,0,2.1027655482178058e-54
26-34 Years Old:Yes,1,0,9.245139288165701e-58
26-34 Years Old:Yes,0,0,0.0
26-34 Years Old:Yes,0,0,4.8725532166473006e-142
26-34 Years Old:Yes,0,0,0.0
26-34 Years Old:Yes,0,0,0.0
26-34 Years Old:Yes,0,0,1.3783090245164257e-232
26-34 Years Old:Yes,1,0,2.455693524113336e-188
26-34 Years Old:Yes,0,1,1.0
26-34 Years Old:Yes,0,0,0.0
26-34 Years Old:Yes,0,0,0.0
26-34 Years Old:Yes,0,0,9.610122380968517e-85
26-34 Years Old:Yes,0,0,0.0
26-34 Years Old:Yes,0,0,9.334379147689305e-55
26-34 Years Old:Yes,0,0,0.0
26-34 Years Old:Yes,0,0,0.0
26-34 Years Old:Yes,0,0,0.0
26-34 Years Old:Yes,0,0,0.0
26-34 Years Old:Yes,0,0,0.0
26-34 Years Old:Yes,1,0,8.361254878240324e-296
26-34 Years Old:Yes,0,0,0.0
26-34 Years Old:Yes,1,0,3.175181692588281e-09
26-34 Years Old:Yes,0,0,1.3753743283716148e-293
26-34 Years Old:Yes,0,0,0.0
26-34 Years Old:Yes,0,0,0.0
26-34 Years Old:Yes,0,0,0.0
26-34 Years Old:Yes,0,0,8.290447051109227e-221
26-34 Years Old:Yes,0,0,0.0
26-34 Years Old:Yes,0,0,0.0
26-34 Years Old:Yes,0,0,1.1362051830490986e-63
26-34 Years Old:Yes,1,0,5.1458014558068e-222
26-34 Years Old:Yes,0,1,1.0
26-34 Years Old:Yes,0,0,5.310277112506163e-190
26-34 Years Old:Yes,1,0,0.0
26-34 Years Old:Yes,0,0,0.0
26-34 Years Old:Yes,0,0,0.0
26-34 Years Old:Yes,0,1,1.0
26-34 Years Old:Yes,1,0,1.4399503850009943e-277
26-34 Years Old:Yes,1,0,1.1121217358877629e-293
26-34 Years Old:Yes,1,1,1.0
26-34 Years Old:Yes,0,0,0.0
26-34 Years Old:Yes,0,0,0.0
26-34 Years Old:Yes,0,0,0.0
26-34 Years Old:Yes,0,0,5.164230058225841e-131
26-34 Years Old:Yes,0,0,0.0
26-34 Years Old:Yes,1,0,7.179874267270773e-172
26-34 Years Old:Yes,0,0,0.0
26-34 Years Old:Yes,0,0,0.0
26-34 Years Old:Yes,0,0,0.0
26-34 Years Old:Yes,0,0,2.3514004125732573e-65
26-34 Years Old:Yes,1,0,3.450473574830683e-200
26-34 Years Old:Yes,1,0,2.4029223894946456e-288
26-34 Years Old:Yes,0,0,9.205195251976968e-191
26-34 Years Old:Yes,0,0,0.0
26-34 Years Old:Yes,0,0,6.186880687953395e-209
26-34 Years Old:Yes,0,0,0.0
26-34 Years Old:Yes,0,0,4.2482962451672715e-19
26-34 Years Old:Yes,0,0,0.0
26-34 Years Old:Yes,0,0,4.255147063385012e-190
26-34 Years Old:Yes,0,0,1.1486592165453076e-232
26-34 Years Old:Yes,0,0,0.0
26-34 Years Old:Yes,1,0,0.0
26-34 Years Old:Yes,0,0,6.213694976755777e-82
26-34 Years Old:Yes,0,0,5.0116134380128825e-174
26-34 Years Old:Yes,1,0,0.0
26-34 Years Old:Yes,1,0,0.00012688419626015124
26-34 Years Old:Yes,0,0,6.267853214701203e-237
26-34 Years Old:Yes,0,1,1.0
26-34 Years Old:Yes,1,0,0.0
26-34 Years Old:Yes,1,0,3.5655369773956247e-183
26-34 Years Old:Yes,0,0,3.679178552526645e-188
26-34 Years Old:Yes,0,0,0.0
26-34 Years Old:Yes,0,0,0.0
26-34 Years Old:Yes,0,0,5.213551452779701e-92
26-34 Years Old:Yes,0,0,0.0
26-34 Years Old:Yes,0,0,0.0
26-34 Years Old:Yes,0,0,5.857575568482877e-284
26-34 Years Old:Yes,0,0,0.0
26-34 Years Old:Yes,0,0,0.0
26-34 Years Old:Yes,0,0,0.0
26-34 Years Old:Yes,0,1,1.0
26-34 Years Old:Yes,0,0,5.960357486116684e-274
26-34 Years Old:Yes,0,0,1.2534344898611461e-21
26-34 Years Old:Yes,0,0,0.0
26-34 Years Old:Yes,0,0,0.0
26-34 Years Old:Yes,1,0,2.4607843255617542e-37
26-34 Years Old:Yes,0,0,1.8655740925192964e-175
26-34 Years Old:Yes,0,0,0.0
26-34 Years Old:Yes,0,0,0.0
26-34 Years Old:Yes,0,0,0.0
26-34 Years Old:Yes,0,1,1.0
26-34 Years Old:Yes,1,0,3.131035250759054e-304
26-34 Years Old:Yes,0,0,0.0
26-34 Years Old:Yes,0,0,0.0
26-34 Years Old:Yes,1,0,6.814106707243903e-165
26-34 Years Old:Yes,1,0,2.7589157261171455e-128
26-34 Years Old:Yes,1,0,0.0
26-34 Years Old:Yes,0,0,0.0
26-34 Years Old:Yes,0,0,3.666227715349115e-288
26-34 Years Old:Yes,0,0,0.0
26-34 Years Old:Yes,0,0,3.784568836934861e-269
26-34 Years Old:Yes,1,0,1.6949828628655162e-202
26-34 Years Old:Yes,0,0,0.0
26-34 Years Old:Yes,0,0,1.0399777260593655e-66
26-34 Years Old:Yes,0,0,9.863774610978127e-274
26-34 Years Old:Yes,0,0,2.964018790152282e-150
26-34 Years Old:Yes,0,0,2.988448031443347e-86
26-34 Years Old:Yes,1,0,0.0
26-34 Years Old:Yes,0,0,0.0
26-34 Years Old:Yes,0,1,1.0
26-34 Years Old:Yes,0,0,2.062763404316564e-295
26-34 Years Old:Yes,1,0,7.557745437658196e-279
26-34 Years Old:Yes,1,0,3.1435510501998616e-182
26-34 Years Old:Yes,0,0,7.075137173073883e-143
26-34 Years Old:Yes,0,0,0.0
26-34 Years Old:Yes,0,0,0.0
26-34 Years Old:Yes,1,0,0.0
26-34 Years Old:Yes,0,0,0.0
26-34 Years Old:Yes,0,0,0.0
26-34 Years Old:Yes,0,0,0.0
26-34 Years Old:Yes,0,0,0.0
26-34 Years Old:Yes,0,0,1.872934826937494e-281
26-34 Years Old:Yes,0,0,0.0
26-34 Years Old:Yes,0,0,1.1603193356381111e-135
26-34 Years Old:Yes,0,0,8.283705251821212e-163
26-34 Years Old:Yes,0,1,1.0
26-34 Years Old:Yes,0,1,1.0
26-34 Years Old:Yes,0,0,0.0
26-34 Years Old:Yes,0,0,0.0
26-34 Years Old:Yes,1,0,0.0
26-34 Years Old:Yes,1,0,0.0
26-34 Years Old:Yes,0,0,0.0
26-34 Years Old:Yes,0,0,0.0
26-34 Years Old:Yes,1,0,2.2413138254019148e-247
26-34 Years Old:Yes,1,0,0.0
26-34 Years Old:Yes,0,0,0.0
26-34 Years Old:Yes,0,0,6.330790203104434e-278
26-34 Years Old:Yes,0,0,2.100162427096724e-88
26-34 Years Old:Yes,0,0,0.0
26-34 Years Old:Yes,0,0,0.0
26-34 Years Old:Yes,0,0,0.0
26-34 Years Old:Yes,0,0,0.0
26-34 Years Old:Yes,0,0,0.0
26-34 Years Old:Yes,1,1,1.0
26-34 Years Old:Yes,0,0,2.9530159019282765e-116
26-34 Years Old:Yes,0,0,0.0
26-34 Years Old:Yes,0,0,2.5985509669653913e-165
26-34 Years Old:Yes,0,0,0.0
26-34 Years Old:Yes,0,0,0.0
26-34 Years Old:Yes,0,0,0.0
26-34 Years Old:Yes,1,0,4.781304883042376e-97
26-34 Years Old:Yes,1,0,5.160427975656498e-93
26-34 Years Old:Yes,0,0,1.0063565091761335e-109
26-34 Years Old:Yes,0,0,0.0
26-34 Years Old:Yes,0,0,0.0
26-34 Years Old:Yes,0,0,0.0
26-34 Years Old:Yes,0,0,0.0
26-34 Years Old:Yes,0,0,0.0
26-34 Years Old:Yes,1,0,3.349384846029263e-190
26-34 Years Old:Yes,0,0,0.0
26-34 Years Old:Yes,0,0,8.662138011389843e-136
26-34 Years Old:Yes,1,1,0.999998130966021
26-34 Years Old:Yes,0,0,0.0
26-34 Years Old:Yes,0,0,0.0
26-34 Years Old:Yes,1,0,4.817195507998512e-198
26-34 Years Old:Yes,0,1,0.9998674279842806
26-34 Years Old:Yes,1,0,0.0
26-34 Years Old:Yes,0,0,0.0
26-34 Years Old:Yes,0,0,0.0
26-34 Years Old:Yes,0,0,4.762603278249767e-13
26-34 Years Old:Yes,1,1,1.0
26-34 Years Old:Yes,1,0,0.0
26-34 Years Old:Yes,0,0,1.330403909285761e-253
26-34 Years Old:Yes,0,1,1.0
26-34 Years Old:Yes,0,0,8.458687184978836e-255
26-34 Years Old:Yes,0,0,0.0
26-34 Years Old:Yes,0,0,0.0
26-34 Years Old:Yes,0,0,0.0
26-34 Years Old:Yes,0,0,0.0
26-34 Years Old:Yes,0,0,0.0
26-34 Years Old:Yes,0,0,0.0
26-34 Years Old:Yes,0,0,8.595943696758495e-116
26-34 Years Old:Yes,1,0,0.0
26-34 Years Old:Yes,1,0,1.945585746472273e-265
26-34 Years Old:Yes,0,0,1.2317667270712023e-278
26-34 Years Old:Yes,0,0,0.0
26-34 Years Old:Yes,0,0,1.501538697806526e-285
26-34 Years Old:Yes,0,0,0.0
26-34 Years Old:Yes,0,0,0.0
26-34 Years Old:Yes,0,0,0.0
26-34 Years Old:Yes,1,1,1.0
26-34 Years Old:Yes,0,1,0.9999999999994365
26-34 Years Old:Yes,0,0,0.0
26-34 Years Old:Yes,0,0,0.0
26-34 Years Old:Yes,0,0,8.99640005598387e-195
26-34 Years Old:Yes,0,0,0.0
26-34 Years Old:Yes,0,0,0.0
26-34 Years Old:Yes,0,0,0.0
26-34 Years Old:Yes,1,0,1.1909677592857803e-58
26-34 Years Old:Yes,0,0,0.0
26-34 Years Old:Yes,0,0,0.0
26-34 Years Old:Yes,0,0,4.0056283372636476e-304
26-34 Years Old:Yes,0,0,0.0
26-34 Years Old:Yes,1,0,6.07098519438831e-67
26-34 Years Old:Yes,0,0,0.0
26-34 Years Old:Yes,0,0,3.690375986060806e-268
26-34 Years Old:Yes,0,0,0.0
26-34 Years Old:Yes,0,0,0.0
26-34 Years Old:Yes,0,0,0.0
26-34 Years Old:Yes,1,0,1.1590607147664227e-239
26-34 Years Old:Yes,0,0,1.1352965358210092e-284
26-34 Years Old:Yes,0,0,0.0
26-34 Years Old:Yes,0,0,2.8116243197162383e-270
26-34 Years Old:Yes,0,0,0.0
26-34 Years Old:Yes,0,0,0.0
26-34 Years Old:Yes,1,0,2.2779560116002837e-279
26-34 Years Old:Yes,0,0,1.0134231663632362e-304
26-34 Years Old:Yes,0,0,5.886879006330619e-174
26-34 Years Old:Yes,0,0,0.0
26-34 Years Old:Yes,0,0,0.0
26-34 Years Old:Yes,1,1,1.0
26-34 Years Old:Yes,0,0,2.7400742857524363e-174
26-34 Years Old:Yes,0,0,1.1833335579809056e-252
26-34 Years Old:Yes,0,0,0.0
26-34 Years Old:Yes,0,0,0.0
26-34 Years Old:Yes,0,0,0.0
26-34 Years Old:Yes,0,0,0.0
26-34 Years Old:Yes,1,0,0.0
26-34 Years Old:Yes,0,0,0.0
26-34 Years Old:Yes,0,0,0.0
26-34 Years Old:Yes,0,0,0.0
26-34 Years Old:Yes,0,0,0.0
26-34 Years Old:Yes,0,0,0.0
26-34 Years Old:Yes,0,0,0.0
26-34 Years Old:Yes,0,0,6.829388845549267e-288
26-34 Years Old:Yes,0,0,4.1168519851329364e-275
26-34 Years Old:Yes,1,0,2.2880616061671566e-85
26-34 Years Old:Yes,0,0,4.857706725395524e-193
26-34 Years Old:Yes,0,0,0.0
26-34 Years Old:Yes,0,0,0.0
26-34 Years Old:Yes,0,0,3.130578304745326e-67
26-34 Years Old:Yes,0,0,0.0
26-34 Years Old:Yes,0,1,1.0
26-34 Years Old:Yes,0,0,1.772061818192718e-76
26-34 Years Old:Yes,0,0,3.556868255488979e-115
26-34 Years Old:Yes,0,0,0.0
26-34 Years Old:Yes,0,0,1.5529208912785432e-230
26-34 Years Old:Yes,0,0,3.6289222535571986e-213
26-34 Years Old:Yes,0,0,3.362761591701794e-101
26-34 Years Old:Yes,0,0,0.0
26-34 Years Old:Yes,0,0,0.0
26-34 Years Old:Yes,0,0,1.610867832442182e-264
26-34 Years Old:Yes,0,0,4.238304374358007e-97
26-34 Years Old:Yes,0,0,0.0
26-34 Years Old:Yes,1,0,0.0
26-34 Years Old:Yes,0,0,0.0
26-34 Years Old:Yes,0,0,0.0
26-34 Years Old:Yes,0,0,0.0
26-34 Years Old:Yes,1,0,3.1317961201950173e-20
26-34 Years Old:Yes,0,0,0.0
26-34 Years Old:Yes,0,0,7.828940373689074e-100
26-34 Years Old:Yes,0,0,0.0
26-34 Years Old:Yes,0,0,4.572768090115008e-252
26-34 Years Old:Yes,1,0,0.0
26-34 Years Old:Yes,0,0,0.0
26-34 Years Old:Yes,0,0,5.431895260905343e-256
26-34 Years Old:Yes,0,0,4.1294220017670976e-92
26-34 Years Old:Yes,1,0,4.113249227324459e-186
26-34 Years Old:Yes,0,0,2.2232117634143787e-295
26-34 Years Old:Yes,0,0,0.0
26-34 Years Old:Yes,0,0,0.0
26-34 Years Old:Yes,1,0,0.0
26-34 Years Old:Yes,0,0,7.580808220629168e-228
26-34 Years Old:Yes,0,0,0.0
26-34 Years Old:Yes,0,0,0.0
26-34 Years Old:Yes,1,0,1.2526162013459609e-90
26-34 Years Old:Yes,1,0,3.196438004953095e-254
26-34 Years Old:Yes,1,0,0.0
26-34 Years Old:Yes,0,0,0.0
26-34 Years Old:Yes,0,0,0.0
26-34 Years Old:Yes,1,0,1.523629857914539e-94
26-34 Years Old:Yes,0,0,4.880571969254168e-111
26-34 Years Old:Yes,1,1,1.0
26-34 Years Old:Yes,1,0,0.007887823227711562
26-34 Years Old:Yes,0,0,0.0
26-34 Years Old:Yes,0,0,0.0
26-34 Years Old:Yes,0,1,1.0
26-34 Years Old:Yes,0,0,3.959131095367822e-152
26-34 Years Old:Yes,1,0,4.338976339398769e-21
26-34 Years Old:Yes,0,0,3.674993944361343e-248
26-34 Years Old:Yes,0,0,0.0
26-34 Years Old:Yes,0,0,4.827952313101053e-254
26-34 Years Old:Yes,1,0,0.0
26-34 Years Old:Yes,0,0,0.0
26-34 Years Old:Yes,0,0,0.0
26-34 Years Old:Yes,0,0,0.0
26-34 Years Old:Yes,0,0,0.0
26-34 Years Old:Yes,0,0,0.0
26-34 Years Old:Yes,0,0,0.0
26-34 Years Old:Yes,0,0,2.652771807931327e-271
26-34 Years Old:Yes,0,0,0.0
26-34 Years Old:Yes,0,0,0.0
26-34 Years Old:Yes,1,0,8.423645939498735e-105
26-34 Years Old:Yes,1,0,0.0
26-34 Years Old:Yes,0,0,0.0
26-34 Years Old:Yes,0,0,0.0
26-34 Years Old:Yes,0,0,0.0
26-34 Years Old:Yes,0,0,0.0
26-34 Years Old:Yes,1,0,0.0
26-34 Years Old:Yes,0,0,0.0
26-34 Years Old:Yes,1,0,3.8126202753573217e-150
26-34 Years Old:Yes,1,0,5.4300353770627556e-216
26-34 Years Old:Yes,0,0,5.777277072177319e-243
26-34 Years Old:Yes,0,0,0.0
26-34 Years Old:Yes,0,0,2.3887086024398643e-227
26-34 Years Old:Yes,0,0,7.407097729431618e-71
26-34 Years Old:Yes,1,0,0.0
26-34 Years Old:Yes,0,0,0.0
26-34 Years Old:Yes,0,0,4.223411314697802e-123
26-34 Years Old:Yes,1,0,0.0
26-34 Years Old:Yes,0,0,1.9129138275552627e-21
26-34 Years Old:Yes,0,0,7.546085755882985e-198
26-34 Years Old:Yes,0,0,0.0
26-34 Years Old:Yes,0,0,0.0
26-34 Years Old:Yes,1,0,4.0416037787542046e-139
26-34 Years Old:Yes,0,0,2.938593897660391e-216
26-34 Years Old:Yes,1,0,1.493618611522268e-280
26-34 Years Old:Yes,1,0,0.0
26-34 Years Old:Yes,0,0,0.0
26-34 Years Old:Yes,0,0,2.3934048597211326e-305
26-34 Years Old:Yes,0,0,0.0
26-34 Years Old:Yes,1,0,0.0
26-34 Years Old:Yes,1,0,0.0
26-34 Years Old:Yes,1,0,4.5967433560094104e-116
26-34 Years Old:Yes,0,0,0.0
26-34 Years Old:Yes,0,0,0.0
26-34 Years Old:Yes,0,0,2.2264974801258624e-218
26-34 Years Old:Yes,1,0,0.0
26-34 Years Old:Yes,0,0,0.0
26-34 Years Old:Yes,1,0,0.0
26-34 Years Old:Yes,1,0,9.96263716616777e-10
26-34 Years Old:Yes,1,0,0.0
26-34 Years Old:Yes,1,0,0.0
26-34 Years Old:Yes,0,0,0.0
26-34 Years Old:Yes,1,0,0.0
26-34 Years Old:Yes,0,0,8.416954840907591e-190
26-34 Years Old:Yes,1,0,4.839580884190454e-219
26-34 Years Old:Yes,0,0,0.0
26-34 Years Old:Yes,0,0,0.0
26-34 Years Old:Yes,0,0,2.6578994691064594e-184
26-34 Years Old:Yes,0,0,8.360959753257681e-194
26-34 Years Old:Yes,0,0,1.3903286359835977e-308
26-34 Years Old:Yes,0,0,0.0
26-34 Years Old:Yes,1,0,0.0
26-34 Years Old:Yes,0,0,0.0
26-34 Years Old:Yes,0,0,0.0
26-34 Years Old:Yes,0,1,1.0
26-34 Years Old:Yes,0,0,2.5744811497561466e-240
26-34 Years Old:Yes,0,0,5.444877608719168e-305
26-34 Years Old:Yes,1,1,1.0
26-34 Years Old:Yes,1,0,0.0
26-34 Years Old:Yes,0,0,0.0
26-34 Years Old:Yes,0,0,0.0
26-34 Years Old:Yes,0,0,0.0
26-34 Years Old:Yes,0,0,1.0645654344393754e-261
26-34 Years Old:Yes,0,0,0.0
26-34 Years Old:Yes,0,1,1.0
26-34 Years Old:Yes,0,0,0.0
26-34 Years Old:Yes,0,0,2.7409391173188305e-221
26-34 Years Old:Yes,0,0,0.0
26-34 Years Old:Yes,1,0,0.0
26-34 Years Old:Yes,0,0,2.632313258639831e-299
26-34 Years Old:Yes,0,0,0.0
26-34 Years Old:Yes,0,0,0.00018020276318423423
26-34 Years Old:Yes,0,0,1.0483417614680252e-101
26-34 Years Old:Yes,0,0,1.0304874869322462e-299
26-34 Years Old:Yes,0,0,6.956883706363829e-65
26-34 Years Old:Yes,0,0,0.0
26-34 Years Old:Yes,0,0,0.0
26-34 Years Old:Yes,0,0,0.0
26-34 Years Old:Yes,0,0,0.0
26-34 Years Old:Yes,1,0,0.0
26-34 Years Old:Yes,1,0,5.203579883782873e-65
26-34 Years Old:Yes,0,1,1.0
26-34 Years Old:Yes,0,0,0.0
26-34 Years Old:Yes,0,0,9.534009696014267e-256
26-34 Years Old:Yes,1,0,1.3355961943647087e-168
26-34 Years Old:Yes,1,1,1.0
26-34 Years Old:Yes,0,1,1.0
26-34 Years Old:Yes,0,0,0.0
26-34 Years Old:Yes,0,0,0.0
26-34 Years Old:Yes,0,0,0.0
26-34 Years Old:Yes,1,0,1.1641968518707483e-219
26-34 Years Old:Yes,1,0,5.0157646145910126e-123
26-34 Years Old:Yes,0,0,0.0
26-34 Years Old:Yes,0,0,0.0
26-34 Years Old:Yes,0,0,0.0
26-34 Years Old:Yes,0,0,0.0
26-34 Years Old:Yes,0,0,0.0
26-34 Years Old:Yes,0,0,1.2936651061540179e-287
26-34 Years Old:Yes,0,0,0.0
26-34 Years Old:Yes,0,0,0.0
26-34 Years Old:Yes,0,0,0.0
26-34 Years Old:Yes,0,0,0.0
26-34 Years Old:Yes,1,0,0.0
26-34 Years Old:Yes,0,0,0.0
26-34 Years Old:Yes,1,0,0.0
26-34 Years Old:Yes,0,0,8.932082587585701e-308
26-34 Years Old:Yes,0,0,1.098808377720444e-300
26-34 Years Old:Yes,1,0,6.125087369581982e-34
26-34 Years Old:Yes,0,0,0.0
26-34 Years Old:Yes,1,1,1.0
26-34 Years Old:Yes,1,0,3.026951632978458e-85
26-34 Years Old:Yes,0,0,0.0
26-34 Years Old:Yes,0,0,0.0
26-34 Years Old:Yes,0,0,0.0
26-34 Years Old:Yes,1,0,0.0
26-34 Years Old:Yes,1,1,1.0
26-34 Years Old:Yes,1,0,1.7609949106965886e-279
26-34 Years Old:Yes,0,0,0.0
26-34 Years Old:Yes,0,0,1.3533260617329348e-09
26-34 Years Old:Yes,0,1,0.9999999999949938
26-34 Years Old:Yes,0,0,0.0
26-34 Years Old:Yes,0,0,2.0568757032281955e-238
26-34 Years Old:Yes,1,0,1.5308244454971e-64
26-34 Years Old:Yes,0,0,0.0
26-34 Years Old:Yes,0,0,0.0
26-34 Years Old:Yes,0,0,0.0
26-34 Years Old:Yes,1,0,0.0
26-34 Years Old:Yes,0,0,0.0
26-34 Years Old:Yes,0,0,0.0
26-34 Years Old:Yes,0,0,1.6304997447962446e-146
26-34 Years Old:Yes,0,0,0.0
26-34 Years Old:Yes,0,0,0.0
26-34 Years Old:Yes,1,0,2.4611731688358712e-148
26-34 Years Old:Yes,0,0,0.0
26-34 Years Old:Yes,1,0,1.9250539397649574e-94
26-34 Years Old:Yes,1,0,0.0
26-34 Years Old:Yes,1,1,1.0
26-34 Years Old:Yes,0,0,0.0
26-34 Years Old:Yes,0,0,2.650763201296924e-215
26-34 Years Old:Yes,0,0,5.721975239434749e-240
26-34 Years Old:Yes,1,0,0.0
26-34 Years Old:Yes,0,0,0.0
26-34 Years Old:Yes,0,0,1.9115976209473053e-156
26-34 Years Old:Yes,1,0,1.6897115864399328e-07
26-34 Years Old:Yes,0,0,0.0
26-34 Years Old:Yes,0,0,0.0
26-34 Years Old:Yes,0,0,7.48167680796342e-85
26-34 Years Old:Yes,1,1,1.0
26-34 Years Old:Yes,0,0,4.97965896839521e-237
26-34 Years Old:Yes,0,0,9.386560215782773e-260
26-34 Years Old:Yes,0,0,0.0
26-34 Years Old:Yes,0,0,2.0046488973146088e-85
26-34 Years Old:Yes,0,0,0.0
26-34 Years Old:Yes,0,0,0.0
26-34 Years Old:Yes,0,0,0.0
26-34 Years Old:Yes,0,0,2.4680964721035537e-260
26-34 Years Old:Yes,0,0,0.0
26-34 Years Old:Yes,0,0,1.5417382184981097e-225
26-34 Years Old:Yes,0,0,2.1629662883516966e-218
26-34 Years Old:Yes,0,1,1.0
26-34 Years Old:Yes,0,0,2.464051713050285e-289
26-34 Years Old:Yes,0,0,3.2799012077256502e-34
26-34 Years Old:Yes,1,0,1.868416580592578e-264
26-34 Years Old:Yes,0,0,0.0
26-34 Years Old:Yes,0,0,0.0
26-34 Years Old:Yes,0,0,0.0
26-34 Years Old:Yes,0,0,1.387837210009207e-79
26-34 Years Old:Yes,0,0,0.0
26-34 Years Old:Yes,0,0,0.0
26-34 Years Old:Yes,0,0,0.0
26-34 Years Old:Yes,0,0,0.0
26-34 Years Old:Yes,0,0,0.0
26-34 Years Old:Yes,0,0,0.0
26-34 Years Old:Yes,1,1,1.0
26-34 Years Old:Yes,0,0,0.0
26-34 Years Old:Yes,1,0,0.0
26-34 Years Old:Yes,0,0,0.0
26-34 Years Old:Yes,0,0,2.7029462945695103e-102
26-34 Years Old:Yes,1,1,1.0
26-34 Years Old:Yes,0,0,0.0
26-34 Years Old:Yes,0,0,0.0
26-34 Years Old:Yes,1,1,1.0
26-34 Years Old:Yes,0,0,5.563134382053635e-245
26-34 Years Old:Yes,0,0,0.0
26-34 Years Old:Yes,1,0,4.284964293645517e-223
26-34 Years Old:Yes,0,0,0.0
26-34 Years Old:Yes,0,1,1.0
26-34 Years Old:Yes,0,0,0.0
26-34 Years Old:Yes,0,0,4.856088638173602e-20
26-34 Years Old:Yes,0,0,0.0
26-34 Years Old:Yes,0,0,1.054946067374815e-303
26-34 Years Old:Yes,0,0,0.0
26-34 Years Old:Yes,0,0,7.384618029140645e-30
26-34 Years Old:Yes,1,0,1.6927171464695554e-113
26-34 Years Old:Yes,0,0,3.627404362670683e-102
26-34 Years Old:Yes,1,0,0.0
26-34 Years Old:Yes,0,0,0.0
26-34 Years Old:Yes,0,0,0.0
26-34 Years Old:Yes,1,0,0.0
26-34 Years Old:Yes,0,0,3.28870277497724e-300
26-34 Years Old:Yes,0,0,0.0
26-34 Years Old:Yes,1,0,5.282924521065706e-210
26-34 Years Old:Yes,0,0,0.0
26-34 Years Old:Yes,1,0,7.671380804096265e-257
26-34 Years Old:Yes,0,0,0.0
26-34 Years Old:Yes,0,0,0.0
26-34 Years Old:Yes,0,0,0.0
26-34 Years Old:Yes,0,0,1.6636937846083069e-304
26-34 Years Old:Yes,0,0,6.393474432808013e-237
26-34 Years Old:Yes,1,0,0.0
26-34 Years Old:Yes,0,0,0.0
26-34 Years Old:Yes,0,0,0.0
26-34 Years Old:Yes,0,0,0.0
26-34 Years Old:Yes,0,0,0.0
26-34 Years Old:Yes,0,0,0.0
26-34 Years Old:Yes,0,0,0.0
26-34 Years Old:Yes,1,0,0.0
26-34 Years Old:Yes,1,1,1.0
26-34 Years Old:Yes,0,0,0.0
26-34 Years Old:Yes,0,0,3.7818722708913075e-262
26-34 Years Old:Yes,0,1,1.0
26-34 Years Old:Yes,1,0,1.106982645960408e-251
26-34 Years Old:Yes,0,0,0.0
26-34 Years Old:Yes,0,0,2.8197572222898416e-45
26-34 Years Old:Yes,0,0,0.0
26-34 Years Old:Yes,0,0,0.0
26-34 Years Old:Yes,0,0,0.0
26-34 Years Old:Yes,0,0,1.1689435634307531e-214
26-34 Years Old:Yes,1,0,1.8252989322353664e-231
26-34 Years Old:Yes,0,0,0.0
26-34 Years Old:Yes,1,0,3.4330003261965407e-243
26-34 Years Old:Yes,0,0,0.0
26-34 Years Old:Yes,1,0,1.1321688350445689e-153
26-34 Years Old:Yes,0,1,1.0
26-34 Years Old:Yes,0,0,0.0
26-34 Years Old:Yes,0,0,2.6319709708282976e-232
26-34 Years Old:Yes,1,0,2.3764251936174465e-213
26-34 Years Old:Yes,1,0,0.0
26-34 Years Old:Yes,1,0,0.0
26-34 Years Old:Yes,0,0,5.868481098430858e-257
26-34 Years Old:Yes,0,0,5.534112400616687e-122
26-34 Years Old:Yes,0,0,2.5064091222194633e-294
26-34 Years Old:Yes,1,0,8.613273344472698e-226
26-34 Years Old:Yes,0,0,0.0
26-34 Years Old:Yes,0,0,2.3370743455872787e-65
26-34 Years Old:Yes,0,0,0.0
26-34 Years Old:Yes,0,0,0.0
26-34 Years Old:Yes,1,0,0.0
26-34 Years Old:Yes,0,0,2.4521642524941438e-279
26-34 Years Old:Yes,0,0,0.0
26-34 Years Old:Yes,0,0,2.4036118775400666e-258
26-34 Years Old:Yes,0,0,0.0
26-34 Years Old:Yes,0,0,0.0
26-34 Years Old:Yes,0,1,1.0
26-34 Years Old:Yes,0,0,4.022978375424864e-121
26-34 Years Old:Yes,0,0,7.207504949990555e-181
26-34 Years Old:Yes,0,0,0.0
26-34 Years Old:Yes,0,0,0.0
26-34 Years Old:Yes,0,0,2.035573929012188e-259
26-34 Years Old:Yes,0,0,0.0
26-34 Years Old:Yes,0,0,2.769702467642841e-14
26-34 Years Old:Yes,1,0,3.268963301485774e-258
26-34 Years Old:Yes,1,0,0.0
26-34 Years Old:Yes,0,0,0.0
26-34 Years Old:Yes,1,1,1.0
26-34 Years Old:Yes,1,0,0.0
26-34 Years Old:Yes,1,0,3.076530274970042e-300
26-34 Years Old:Yes,0,0,0.0
26-34 Years Old:Yes,0,0,0.0
26-34 Years Old:Yes,0,0,0.0
26-34 Years Old:Yes,0,0,0.0
26-34 Years Old:Yes,0,0,0.0
26-34 Years Old:Yes,0,0,0.0
26-34 Years Old:Yes,1,0,2.900521575309957e-44
26-34 Years Old:Yes,0,1,1.0
26-34 Years Old:Yes,1,0,0.0
26-34 Years Old:Yes,0,0,6.92473323790197e-139
26-34 Years Old:Yes,0,0,5.904723257517836e-253
26-34 Years Old:Yes,0,0,0.0
26-34 Years Old:Yes,0,0,0.0
26-34 Years Old:Yes,1,0,0.0
26-34 Years Old:Yes,0,0,0.0
26-34 Years Old:Yes,0,1,1.0
26-34 Years Old:Yes,0,0,0.0
26-34 Years Old:Yes,0,0,1.3624020274497372e-163
26-34 Years Old:Yes,0,0,1.432008362078983e-219
26-34 Years Old:Yes,0,0,0.0
26-34 Years Old:Yes,0,0,6.184896967191401e-188
26-34 Years Old:Yes,0,0,0.0
26-34 Years Old:Yes,1,0,1.570635216953168e-06
26-34 Years Old:Yes,0,0,0.0
26-34 Years Old:Yes,0,0,0.0
26-34 Years Old:Yes,0,0,0.0
26-34 Years Old:Yes,0,0,1.1445254641238549e-87
26-34 Years Old:Yes,0,0,8.722839250561327e-265
26-34 Years Old:Yes,0,0,3.4798582925104784e-80
26-34 Years Old:Yes,0,0,8.797636433469242e-287
26-34 Years Old:Yes,0,0,1.5127011741944404e-226
26-34 Years Old:Yes,0,0,8.651673327095129e-121
26-34 Years Old:Yes,0,0,0.0
26-34 Years Old:Yes,0,0,1.257542900136998e-30
26-34 Years Old:Yes,1,0,0.0
26-34 Years Old:Yes,1,0,0.0
26-34 Years Old:Yes,0,0,0.0
26-34 Years Old:Yes,0,0,0.0
26-34 Years Old:Yes,1,0,5.430113373934803e-161
26-34 Years Old:Yes,0,0,0.0
26-34 Years Old:Yes,1,0,0.0
26-34 Years Old:Yes,0,0,2.9676133471569696e-184
26-34 Years Old:Yes,0,0,0.0
26-34 Years Old:Yes,0,0,0.0
26-34 Years Old:Yes,0,0,0.0
26-34 Years Old:Yes,0,0,0.0
26-34 Years Old:Yes,0,1,1.0
26-34 Years Old:Yes,0,0,1.926350105678071e-135
26-34 Years Old:Yes,0,0,1.2856269218202513e-110
26-34 Years Old:Yes,0,0,0.0
26-34 Years Old:Yes,0,0,0.0
26-34 Years Old:Yes,0,0,0.0
26-34 Years Old:Yes,0,1,1.0
26-34 Years Old:Yes,0,0,0.0
26-34 Years Old:Yes,0,0,0.0
26-34 Years Old:Yes,1,0,2.508294987895632e-119
26-34 Years Old:Yes,0,0,4.408195731046722e-39
26-34 Years Old:Yes,0,0,0.0
26-34 Years Old:Yes,0,0,1.1925922239321587e-267
26-34 Years Old:Yes,0,0,2.099869301247983e-174
26-34 Years Old:Yes,0,0,0.0
26-34 Years Old:Yes,1,0,0.0
26-34 Years Old:Yes,0,0,0.0
26-34 Years Old:Yes,0,0,0.0
26-34 Years Old:Yes,0,1,1.0
26-34 Years Old:Yes,0,0,1.718254725806233e-176
26-34 Years Old:Yes,1,0,1.0926209484026888e-247
26-34 Years Old:Yes,1,0,0.0
26-34 Years Old:Yes,0,0,1.1707908346197192e-286
26-34 Years Old:Yes,0,0,4.439968340491107e-298
26-34 Years Old:Yes,0,0,0.0
26-34 Years Old:Yes,1,0,1.4420720046201571e-181
26-34 Years Old:Yes,0,0,1.4494779510029593e-268
26-34 Years Old:Yes,1,0,3.86024189822884e-234
26-34 Years Old:Yes,1,0,0.0
26-34 Years Old:Yes,0,0,0.0
26-34 Years Old:Yes,1,0,0.0
26-34 Years Old:Yes,1,0,0.0
26-34 Years Old:Yes,0,0,0.0
26-34 Years Old:Yes,1,0,1.1422760783738438e-114
26-34 Years Old:Yes,0,0,0.0
26-34 Years Old:Yes,1,0,0.0
26-34 Years Old:Yes,1,0,7.490839391523541e-72
26-34 Years Old:Yes,1,0,0.0
26-34 Years Old:Yes,1,0,0.0
26-34 Years Old:Yes,0,0,0.0
26-34 Years Old:Yes,0,0,0.0
26-34 Years Old:Yes,0,1,1.0
26-34 Years Old:Yes,1,0,0.0
26-34 Years Old:Yes,0,0,0.0
26-34 Years Old:Yes,0,0,0.0
26-34 Years Old:Yes,0,0,2.957113650104187e-191
26-34 Years Old:Yes,1,1,1.0
26-34 Years Old:Yes,0,0,3.692086426463696e-228
26-34 Years Old:Yes,0,0,0.0
26-34 Years Old:Yes,0,0,3.432720422246693e-255
26-34 Years Old:Yes,1,0,7.701304755694876e-118
26-34 Years Old:Yes,0,0,4.471681267677996e-233
26-34 Years Old:Yes,1,0,0.0
26-34 Years Old:Yes,0,0,0.0
26-34 Years Old:Yes,0,0,0.0
26-34 Years Old:Yes,1,0,1.849143568192379e-274
26-34 Years Old:Yes,1,0,0.0
26-34 Years Old:Yes,0,0,1.4662715542579366e-138
26-34 Years Old:Yes,1,0,0.0
26-34 Years Old:Yes,0,0,0.0
26-34 Years Old:Yes,0,0,0.0
26-34 Years Old:Yes,0,0,0.0
26-34 Years Old:Yes,0,0,1.968554913369137e-200
26-34 Years Old:Yes,0,0,0.0
26-34 Years Old:Yes,0,0,0.0
26-34 Years Old:Yes,1,0,0.0
26-34 Years Old:Yes,0,0,0.0
26-34 Years Old:Yes,1,0,1.2190418824518674e-114
26-34 Years Old:Yes,0,0,0.0
26-34 Years Old:Yes,0,0,0.0
26-34 Years Old:Yes,0,0,0.0
26-34 Years Old:Yes,0,0,0.0
26-34 Years Old:Yes,0,0,0.0
26-34 Years Old:Yes,0,0,0.0
26-34 Years Old:Yes,1,1,1.0
26-34 Years Old:Yes,1,0,0.0
26-34 Years Old:Yes,0,0,3.1307605566305715e-165
26-34 Years Old:Yes,0,1,1.0
26-34 Years Old:Yes,1,0,0.0
26-34 Years Old:Yes,0,0,0.0
26-34 Years Old:Yes,1,0,0.0
26-34 Years Old:Yes,0,0,0.0
26-34 Years Old:Yes,0,0,0.0
26-34 Years Old:Yes,1,0,2.8251920775416895e-68
26-34 Years Old:Yes,0,0,5.784985065683144e-216
26-34 Years Old:Yes,0,0,0.0
26-34 Years Old:Yes,0,0,0.0
26-34 Years Old:Yes,0,0,0.0
26-34 Years Old:Yes,0,0,0.0
26-34 Years Old:Yes,0,0,0.0
26-34 Years Old:Yes,1,0,7.612653331237464e-261
26-34 Years Old:Yes,1,0,5.8239859965972425e-120
26-34 Years Old:Yes,0,0,2.4079537467507656e-259
26-34 Years Old:Yes,0,0,1.2609835670940703e-88
26-34 Years Old:Yes,0,0,1.8897969105823943e-308
26-34 Years Old:Yes,0,0,0.0
26-34 Years Old:Yes,1,0,0.0
26-34 Years Old:Yes,1,0,1.2249628658020684e-71
26-34 Years Old:Yes,0,0,0.0
26-34 Years Old:Yes,0,0,0.0
26-34 Years Old:Yes,1,0,2.826018381253002e-271
26-34 Years Old:Yes,1,0,7.155539096838741e-100
26-34 Years Old:Yes,1,0,1.7575367042275778e-84
26-34 Years Old:Yes,0,0,0.0
26-34 Years Old:Yes,0,0,0.0
26-34 Years Old:Yes,0,0,1.6060915142860323e-257
26-34 Years Old:Yes,0,0,0.0
26-34 Years Old:Yes,0,0,2.7443343275179146e-247
26-34 Years Old:Yes,0,0,2.18390365419992e-267
26-34 Years Old:Yes,0,0,0.0
26-34 Years Old:Yes,0,0,0.0
26-34 Years Old:Yes,0,0,4.19541322075519e-296
26-34 Years Old:Yes,0,0,0.0
26-34 Years Old:Yes,0,0,0.0
26-34 Years Old:Yes,0,0,0.0
26-34 Years Old:Yes,0,1,0.999999338025937
26-34 Years Old:Yes,0,0,0.0
26-34 Years Old:Yes,0,0,6.191158282431167e-292
26-34 Years Old:Yes,0,0,0.0
26-34 Years Old:Yes,1,0,2.334692319733323e-50
26-34 Years Old:Yes,0,1,1.0
26-34 Years Old:Yes,0,0,0.0
26-34 Years Old:Yes,0,0,0.0
26-34 Years Old:Yes,0,1,1.0
26-34 Years Old:Yes,0,0,0.0
26-34 Years Old:Yes,0,0,0.0
26-34 Years Old:Yes,1,0,1.271848146390484e-198
26-34 Years Old:Yes,0,0,0.0
26-34 Years Old:Yes,0,0,0.0
26-34 Years Old:Yes,1,0,0.0
26-34 Years Old:Yes,0,0,0.0
26-34 Years Old:Yes,0,0,8.065793478887917e-274
26-34 Years Old:Yes,0,0,5.658171324666247e-47
26-34 Years Old:Yes,0,1,1.0
26-34 Years Old:Yes,0,0,5.680910569829875e-287
26-34 Years Old:Yes,0,0,0.0
26-34 Years Old:Yes,0,0,3.56045534199575e-57
26-34 Years Old:Yes,0,0,0.0
26-34 Years Old:Yes,0,1,1.0
26-34 Years Old:Yes,0,0,0.0
26-34 Years Old:Yes,0,0,0.0
26-34 Years Old:Yes,0,0,5.528510549399618e-261
26-34 Years Old:Yes,0,0,1.085707875693927e-207
26-34 Years Old:Yes,0,0,9.901505175330827e-72
26-34 Years Old:Yes,0,0,1.3518847402746843e-59
26-34 Years Old:Yes,1,0,4.7967080732241896e-31
26-34 Years Old:Yes,1,0,0.0
26-34 Years Old:Yes,0,0,0.0
26-34 Years Old:Yes,0,0,0.0
26-34 Years Old:Yes,1,1,1.0
26-34 Years Old:Yes,0,0,0.0
26-34 Years Old:Yes,0,0,5.9664110977614324e-65
26-34 Years Old:Yes,0,0,0.0
26-34 Years Old:Yes,0,0,0.0
26-34 Years Old:Yes,0,0,0.0
26-34 Years Old:Yes,0,0,0.0
26-34 Years Old:Yes,0,0,1.4044656942412768e-22
26-34 Years Old:Yes,0,0,0.0
26-34 Years Old:Yes,0,0,4.397993848202021e-235
26-34 Years Old:Yes,0,0,2.884734030129398e-106
26-34 Years Old:Yes,0,0,0.0
26-34 Years Old:Yes,0,0,9.307659211611456e-23
26-34 Years Old:Yes,0,0,4.8952255203989166e-126
26-34 Years Old:Yes,0,0,0.0
26-34 Years Old:Yes,0,0,0.0
26-34 Years Old:Yes,0,0,0.0
26-34 Years Old:Yes,1,0,0.0
26-34 Years Old:Yes,0,0,0.0
26-34 Years Old:Yes,1,0,0.0
26-34 Years Old:Yes,0,0,5.151180002041413e-247
26-34 Years Old:Yes,0,0,0.0
26-34 Years Old:Yes,0,0,1.3387712664410922e-281
26-34 Years Old:Yes,0,0,2.362241990401621e-288
26-34 Years Old:Yes,0,0,5.622896146287075e-191
26-34 Years Old:Yes,1,0,2.559070675596831e-192
26-34 Years Old:Yes,0,0,0.0
26-34 Years Old:Yes,0,0,0.0
26-34 Years Old:Yes,0,1,1.0
26-34 Years Old:Yes,1,0,4.401285841799173e-139
26-34 Years Old:Yes,1,1,1.0
26-34 Years Old:Yes,0,0,0.0
26-34 Years Old:Yes,0,0,0.0
26-34 Years Old:Yes,0,0,0.0
26-34 Years Old:Yes,0,0,0.0
26-34 Years Old:Yes,1,0,0.0
26-34 Years Old:Yes,0,0,1.0609227806198517e-145
26-34 Years Old:Yes,0,0,0.0
26-34 Years Old:Yes,1,0,0.0
26-34 Years Old:Yes,1,0,2.0482384332892133e-85
26-34 Years Old:Yes,0,0,0.0
26-34 Years Old:Yes,0,0,0.0
26-34 Years Old:Yes,0,0,0.0
26-34 Years Old:Yes,1,0,2.833337461637672e-221
26-34 Years Old:Yes,0,0,3.736661517405781e-154
26-34 Years Old:Yes,0,0,0.0
26-34 Years Old:Yes,0,0,0.0
26-34 Years Old:Yes,1,0,3.2257464711049783e-69
26-34 Years Old:Yes,0,0,0.0
26-34 Years Old:Yes,0,0,0.0
26-34 Years Old:Yes,0,0,0.0
26-34 Years Old:Yes,1,0,0.0
26-34 Years Old:Yes,0,1,1.0
26-34 Years Old:Yes,0,0,0.0
26-34 Years Old:Yes,1,0,9.451326573425123e-202
26-34 Years Old:Yes,0,0,0.0
26-34 Years Old:Yes,1,0,0.0
26-34 Years Old:Yes,0,0,0.0
26-34 Years Old:Yes,0,0,0.0
26-34 Years Old:Yes,0,0,1.3556390556758582e-206
26-34 Years Old:Yes,0,1,0.9998668618374181
26-34 Years Old:Yes,0,0,0.0
26-34 Years Old:Yes,1,0,0.0
26-34 Years Old:Yes,0,0,0.0
26-34 Years Old:Yes,0,0,0.0
26-34 Years Old:Yes,0,0,0.0
26-34 Years Old:Yes,0,0,0.0
26-34 Years Old:Yes,0,0,2.373438716960055e-298
26-34 Years Old:Yes,0,0,0.0
26-34 Years Old:Yes,1,0,0.0
26-34 Years Old:Yes,0,0,0.0
26-34 Years Old:Yes,0,0,1.2285018916780311e-29
26-34 Years Old:Yes,0,0,6.3346114800322895e-195
26-34 Years Old:Yes,0,0,0.0
26-34 Years Old:Yes,0,0,2.342997118878365e-115
26-34 Years Old:Yes,0,0,0.0
26-34 Years Old:Yes,0,0,6.14429233149154e-281
26-34 Years Old:Yes,0,0,0.0
26-34 Years Old:Yes,1,0,0.0
26-34 Years Old:Yes,1,0,3.142399714011882e-238
26-34 Years Old:Yes,0,0,1.7623560329825008e-131
26-34 Years Old:Yes,0,0,0.0
26-34 Years Old:Yes,0,1,1.0
26-34 Years Old:Yes,0,0,0.0
26-34 Years Old:Yes,0,0,8.021534601190674e-181
26-34 Years Old:Yes,0,0,0.0
26-34 Years Old:Yes,1,0,0.0
26-34 Years Old:Yes,0,0,0.0
26-34 Years Old:Yes,1,0,0.0
26-34 Years Old:Yes,1,0,9.301238209638172e-287
26-34 Years Old:Yes,0,0,3.896884749783308e-263
26-34 Years Old:Yes,0,0,0.0
26-34 Years Old:Yes,0,0,0.0
26-34 Years Old:Yes,0,0,0.0
26-34 Years Old:Yes,0,0,0.0
26-34 Years Old:Yes,1,0,0.0
26-34 Years Old:Yes,0,0,0.0
26-34 Years Old:Yes,0,0,3.3500910607458456e-236
26-34 Years Old:Yes,0,0,1.9242942353669454e-213
26-34 Years Old:Yes,0,1,1.0
26-34 Years Old:Yes,0,0,0.0
26-34 Years Old:Yes,0,0,4.77337301566877e-210
26-34 Years Old:Yes,0,0,1.7416603872741314e-213
26-34 Years Old:Yes,0,0,5.733962967444554e-138
26-34 Years Old:Yes,0,0,0.0
26-34 Years Old:Yes,0,0,7.506236435076881e-250
26-34 Years Old:Yes,0,0,4.599566427611416e-209
26-34 Years Old:Yes,0,0,0.0
26-34 Years Old:Yes,0,0,2.2324384355787542e-05
26-34 Years Old:Yes,0,0,1.3676999642477141e-191
26-34 Years Old:Yes,0,0,2.5534664252907644e-111
26-34 Years Old:Yes,1,1,1.0
26-34 Years Old:Yes,1,0,5.370391807174963e-169
26-34 Years Old:Yes,1,0,2.5007896617035684e-202
26-34 Years Old:Yes,0,0,0.0
26-34 Years Old:Yes,0,0,0.0
26-34 Years Old:Yes,0,0,0.0
26-34 Years Old:Yes,1,0,5.370438424702196e-37
26-34 Years Old:Yes,1,0,9.4907416017581e-245
26-34 Years Old:Yes,0,0,1.6665934708050026e-289
26-34 Years Old:Yes,1,0,6.45159107822079e-47
26-34 Years Old:Yes,1,0,0.33688869172211267
26-34 Years Old:Yes,1,0,0.0
26-34 Years Old:Yes,0,0,1.4600929444534216e-303
26-34 Years Old:Yes,1,0,3.309901480417977e-94
26-34 Years Old:Yes,0,0,0.0
26-34 Years Old:Yes,1,0,5.881167133619654e-88
26-34 Years Old:Yes,0,0,2.139973045213201e-255
26-34 Years Old:Yes,1,0,0.0
26-34 Years Old:Yes,0,0,3.280197214999088e-269
26-34 Years Old:Yes,1,0,0.0
26-34 Years Old:Yes,0,0,2.44973049289794e-210
26-34 Years Old:Yes,1,0,8.143580407939829e-05
26-34 Years Old:Yes,0,0,3.0899257466234324e-217
26-34 Years Old:Yes,0,0,0.0
26-34 Years Old:Yes,0,0,5.501471086885397e-237
26-34 Years Old:Yes,0,0,0.0
26-34 Years Old:Yes,0,0,0.0
26-34 Years Old:Yes,0,0,1.9773338836465794e-245
26-34 Years Old:Yes,0,0,0.0
26-34 Years Old:Yes,0,0,4.993824748796179e-223
26-34 Years Old:Yes,0,0,0.0
26-34 Years Old:Yes,1,0,2.2988330725671486e-79
26-34 Years Old:Yes,0,0,0.0
26-34 Years Old:Yes,0,0,1.6272785857609155e-229
26-34 Years Old:Yes,0,0,0.0
26-34 Years Old:Yes,0,0,0.0
26-34 Years Old:Yes,1,0,2.1699659679206817e-49
26-34 Years Old:Yes,0,0,0.0
26-34 Years Old:Yes,0,1,1.0
26-34 Years Old:Yes,0,0,2.7383413038014826e-271
26-34 Years Old:Yes,0,0,1.0737153236283158e-130
26-34 Years Old:Yes,0,0,0.0
26-34 Years Old:Yes,0,0,0.0
26-34 Years Old:Yes,0,0,0.0
26-34 Years Old:Yes,0,0,0.0
26-34 Years Old:Yes,0,0,0.0
26-34 Years Old:Yes,0,0,0.0
26-34 Years Old:Yes,1,0,1.5140593259887909e-80
26-34 Years Old:Yes,0,0,0.0
26-34 Years Old:Yes,0,0,0.0
26-34 Years Old:Yes,0,0,0.0
26-34 Years Old:Yes,1,0,1.88233247783521e-168
26-34 Years Old:Yes,1,0,2.4395780482423765e-197
26-34 Years Old:Yes,1,0,1.261750042970146e-293
26-34 Years Old:Yes,0,0,0.0
26-34 Years Old:Yes,0,0,8.31335175694722e-230
26-34 Years Old:Yes,0,0,2.051537713067829e-129
26-34 Years Old:Yes,1,0,0.0
26-34 Years Old:Yes,0,1,1.0
26-34 Years Old:Yes,1,1,1.0
26-34 Years Old:Yes,0,0,0.0
26-34 Years Old:Yes,0,0,0.0
26-34 Years Old:Yes,0,0,3.1540803104573275e-92
26-34 Years Old:Yes,0,0,0.0
26-34 Years Old:Yes,1,0,2.6699218423974336e-188
26-34 Years Old:Yes,0,1,1.0
26-34 Years Old:Yes,0,0,1.8114373518473684e-271
26-34 Years Old:Yes,1,0,0.0
26-34 Years Old:Yes,0,0,0.0
26-34 Years Old:Yes,0,0,0.0
26-34 Years Old:Yes,1,0,3.269469250006773e-54
26-34 Years Old:Yes,0,0,0.0
26-34 Years Old:Yes,1,0,0.0
26-34 Years Old:Yes,1,0,0.0
26-34 Years Old:Yes,0,0,0.0
26-34 Years Old:Yes,0,0,0.0
26-34 Years Old:Yes,0,0,0.0
26-34 Years Old:Yes,0,0,6.688892770898513e-110
26-34 Years Old:Yes,0,0,0.0
26-34 Years Old:Yes,0,0,4.3802008693209225e-257
26-34 Years Old:Yes,1,0,1.94775399284111e-274
26-34 Years Old:Yes,1,0,0.0
26-34 Years Old:Yes,0,0,3.403897686117947e-276
26-34 Years Old:Yes,0,0,1.1827069641546465e-191
26-34 Years Old:Yes,0,0,3.5946499158390686e-68
26-34 Years Old:Yes,0,0,0.0
26-34 Years Old:Yes,0,0,0.0
26-34 Years Old:Yes,0,0,1.8222671712174083e-255
26-34 Years Old:Yes,1,0,4.931436231288249e-93
26-34 Years Old:Yes,1,0,0.0
26-34 Years Old:Yes,0,0,7.813778707001515e-248
26-34 Years Old:Yes,0,0,0.0
26-34 Years Old:Yes,0,0,1.6812112697619108e-164
26-34 Years Old:Yes,0,1,1.0
26-34 Years Old:Yes,0,0,2.4583661031804e-299
26-34 Years Old:Yes,0,0,1.2369078011385116e-110
26-34 Years Old:Yes,0,0,0.0
26-34 Years Old:Yes,1,0,0.0
26-34 Years Old:Yes,0,0,0.0
26-34 Years Old:Yes,0,0,1.713718992194317e-73
26-34 Years Old:Yes,1,0,4.1680938573850425e-305
26-34 Years Old:Yes,0,0,0.0
26-34 Years Old:Yes,0,0,0.0
26-34 Years Old:Yes,0,0,6.3176922746788736e-245
26-34 Years Old:Yes,0,0,0.0
26-34 Years Old:Yes,0,0,0.0
26-34 Years Old:Yes,0,0,0.0
26-34 Years Old:Yes,0,0,1.7807659543772228e-293
26-34 Years Old:Yes,0,1,1.0
26-34 Years Old:Yes,0,0,0.0
26-34 Years Old:Yes,0,0,2.3954612841199627e-290
26-34 Years Old:Yes,0,0,0.0
26-34 Years Old:Yes,0,0,1.9154725129643635e-127
26-34 Years Old:Yes,0,0,0.0
26-34 Years Old:Yes,1,0,0.0
26-34 Years Old:Yes,1,0,0.0
26-34 Years Old:Yes,0,0,0.0
26-34 Years Old:Yes,0,0,2.210998986626994e-301
26-34 Years Old:Yes,0,0,0.0
26-34 Years Old:Yes,0,0,4.245685801218858e-179
26-34 Years Old:Yes,0,0,0.0
26-34 Years Old:Yes,0,0,0.0
26-34 Years Old:Yes,1,0,0.0
26-34 Years Old:Yes,0,1,1.0
26-34 Years Old:Yes,0,0,0.0
26-34 Years Old:Yes,0,0,5.4280027656817895e-220
26-34 Years Old:Yes,0,0,1.6476513906947927e-292
26-34 Years Old:Yes,0,0,3.9353153214924417e-75
26-34 Years Old:Yes,0,0,5.690205036877103e-286
26-34 Years Old:Yes,0,0,3.8184762511072404e-251
26-34 Years Old:Yes,0,0,0.0
26-34 Years Old:Yes,0,0,0.0
26-34 Years Old:Yes,0,0,1.921875105884989e-76
26-34 Years Old:Yes,0,0,0.0
26-34 Years Old:Yes,1,0,4.291981702719595e-135
26-34 Years Old:Yes,0,0,0.0
26-34 Years Old:Yes,1,0,3.105062367472987e-129
26-34 Years Old:Yes,0,0,0.0
26-34 Years Old:Yes,1,0,9.784226531780842e-304
26-34 Years Old:Yes,1,0,0.0
26-34 Years Old:Yes,1,0,0.0
26-34 Years Old:Yes,0,0,0.0
26-34 Years Old:Yes,0,0,0.0
26-34 Years Old:Yes,0,0,0.0
26-34 Years Old:Yes,1,0,1.1534730567419425e-166
26-34 Years Old:Yes,0,0,0.0
26-34 Years Old:Yes,0,0,7.56917146821594e-212
26-34 Years Old:Yes,0,0,0.0
26-34 Years Old:Yes,0,1,1.0
26-34 Years Old:Yes,0,0,0.0
26-34 Years Old:Yes,0,1,1.0
26-34 Years Old:Yes,0,0,0.0
26-34 Years Old:Yes,0,0,5.61741523342159e-292
26-34 Years Old:Yes,0,0,0.0
26-34 Years Old:Yes,0,0,1.7335127527607714e-52
26-34 Years Old:Yes,0,0,0.0
26-34 Years Old:Yes,0,0,0.0
26-34 Years Old:Yes,0,0,0.0
26-34 Years Old:Yes,0,0,0.0
26-34 Years Old:Yes,1,0,9.295737514806167e-40
26-34 Years Old:Yes,0,0,0.0
26-34 Years Old:Yes,0,0,1.0614410181980356e-242
26-34 Years Old:Yes,0,1,1.0
26-34 Years Old:Yes,0,0,0.0
26-34 Years Old:Yes,0,0,1.9020073690487023e-236
26-34 Years Old:Yes,0,0,1.3582883294586987e-262
26-34 Years Old:Yes,1,0,2.2318665493258575e-150
26-34 Years Old:Yes,0,0,0.0
26-34 Years Old:Yes,0,0,0.0
26-34 Years Old:Yes,0,0,0.0
26-34 Years Old:Yes,1,0,0.0
26-34 Years Old:Yes,0,0,0.0
26-34 Years Old:Yes,0,0,0.0
26-34 Years Old:Yes,1,0,0.0
26-34 Years Old:Yes,0,0,0.0
26-34 Years Old:Yes,0,0,1.0995428804705942e-117
26-34 Years Old:Yes,0,0,5.515824764732096e-233
26-34 Years Old:Yes,0,0,1.3853841885964103e-295
26-34 Years Old:Yes,0,0,2.040014051790138e-91
26-34 Years Old:Yes,0,0,0.0
26-34 Years Old:Yes,0,0,1.2058938809440488e-16
26-34 Years Old:Yes,0,0,0.0
26-34 Years Old:Yes,0,0,0.0
26-34 Years Old:Yes,0,0,9.490091833468617e-192
26-34 Years Old:Yes,0,0,0.0
26-34 Years Old:Yes,0,0,0.0
26-34 Years Old:Yes,0,0,1.4688204796006743e-290
26-34 Years Old:Yes,0,0,0.0
26-34 Years Old:Yes,0,0,5.640986158773255e-289
26-34 Years Old:Yes,0,0,3.814157620978748e-223
26-34 Years Old:Yes,0,0,1.8058394468217088e-113
26-34 Years Old:Yes,0,0,4.5431005173582047e-302
26-34 Years Old:Yes,0,0,0.0
26-34 Years Old:Yes,0,0,0.0
26-34 Years Old:Yes,0,0,0.0
26-34 Years Old:Yes,0,0,2.664969355621582e-271
26-34 Years Old:Yes,0,0,0.0
26-34 Years Old:Yes,0,0,0.0
26-34 Years Old:Yes,0,0,0.0
26-34 Years Old:Yes,0,0,0.0
26-34 Years Old:Yes,0,0,0.0
26-34 Years Old:Yes,0,0,0.0
26-34 Years Old:Yes,0,1,1.0
26-34 Years Old:Yes,0,0,0.0
26-34 Years Old:Yes,0,0,0.0
26-34 Years Old:Yes,0,0,1.706444563416284e-179
26-34 Years Old:Yes,0,0,2.6019395338547145e-77
26-34 Years Old:Yes,0,1,1.0
26-34 Years Old:Yes,0,0,1.8778072429748877e-166
26-34 Years Old:Yes,0,0,3.5210906809270666e-252
26-34 Years Old:Yes,1,0,0.0
26-34 Years Old:Yes,0,1,1.0
26-34 Years Old:Yes,0,0,1.2974145764458241e-196
26-34 Years Old:Yes,0,0,0.0
26-34 Years Old:Yes,1,0,0.0
26-34 Years Old:Yes,1,0,0.0
26-34 Years Old:Yes,0,0,0.0
26-34 Years Old:Yes,0,0,2.7954965651114013e-193
26-34 Years Old:Yes,1,0,6.468217139462827e-206
26-34 Years Old:Yes,0,0,0.0
26-34 Years Old:Yes,1,0,2.6987435105496085e-284
26-34 Years Old:Yes,0,0,0.0
26-34 Years Old:Yes,1,0,0.0
26-34 Years Old:Yes,0,0,0.0
26-34 Years Old:Yes,0,0,1.108594825189946e-210
26-34 Years Old:Yes,0,0,2.41019831812899e-243
26-34 Years Old:Yes,1,0,0.0
26-34 Years Old:Yes,1,0,1.700417935504995e-298
26-34 Years Old:Yes,0,0,8.952468187682262e-196
26-34 Years Old:Yes,0,0,0.0
26-34 Years Old:Yes,0,0,0.0
26-34 Years Old:Yes,1,0,0.0
26-34 Years Old:Yes,1,1,1.0
26-34 Years Old:Yes,0,0,0.0
26-34 Years Old:Yes,0,0,0.0
26-34 Years Old:Yes,0,0,0.0
26-34 Years Old:Yes,0,0,3.4700131602129114e-147
26-34 Years Old:Yes,0,0,0.0
26-34 Years Old:Yes,0,0,1.1316804061294824e-188
26-34 Years Old:Yes,0,1,1.0
26-34 Years Old:Yes,1,0,0.0
26-34 Years Old:Yes,0,0,0.0
26-34 Years Old:Yes,0,0,7.322811604726051e-182
26-34 Years Old:Yes,1,1,1.0
26-34 Years Old:Yes,0,0,7.002984664423987e-232
26-34 Years Old:Yes,1,0,2.473507871537301e-238
26-34 Years Old:Yes,0,0,0.0
26-34 Years Old:Yes,0,0,0.0
26-34 Years Old:Yes,0,0,6.295190883676575e-237
26-34 Years Old:Yes,0,0,0.0
26-34 Years Old:Yes,0,0,0.0
26-34 Years Old:Yes,0,0,0.0
26-34 Years Old:Yes,1,1,1.0
26-34 Years Old:Yes,1,0,0.0
26-34 Years Old:Yes,0,0,0.0
26-34 Years Old:Yes,0,1,1.0
26-34 Years Old:Yes,0,0,0.0
26-34 Years Old:Yes,0,0,0.0
26-34 Years Old:Yes,0,0,2.3937401941593552e-05
26-34 Years Old:Yes,0,0,0.0
26-34 Years Old:Yes,1,0,0.0
26-34 Years Old:Yes,0,0,0.0
26-34 Years Old:Yes,0,0,0.0
26-34 Years Old:Yes,0,1,1.0
26-34 Years Old:Yes,0,0,2.9342129030671654e-169
26-34 Years Old:Yes,0,0,0.0
26-34 Years Old:Yes,0,0,4.990775053363729e-124
26-34 Years Old:Yes,0,0,0.0
26-34 Years Old:Yes,0,0,0.0
26-34 Years Old:Yes,0,0,7.234882808737888e-242
26-34 Years Old:Yes,0,0,9.879183861838436e-24
26-34 Years Old:Yes,0,0,0.0
26-34 Years Old:Yes,1,0,0.0
26-34 Years Old:Yes,0,0,0.0
26-34 Years Old:Yes,0,0,0.0
26-34 Years Old:Yes,0,1,1.0
26-34 Years Old:Yes,0,0,4.902573229940465e-146
26-34 Years Old:Yes,1,0,3.0211748931227766e-228
26-34 Years Old:Yes,1,0,0.0
26-34 Years Old:Yes,0,0,2.469662719083117e-24
26-34 Years Old:Yes,1,0,5.501126710862005e-227
26-34 Years Old:Yes,1,0,0.0
26-34 Years Old:Yes,1,0,3.324884738872313e-214
26-34 Years Old:Yes,0,0,1.7306806470205508e-196
26-34 Years Old:Yes,0,0,0.0
26-34 Years Old:Yes,0,0,0.0
26-34 Years Old:Yes,0,0,2.9392461803994323e-165
26-34 Years Old:Yes,0,0,1.0531814247827889e-171
26-34 Years Old:Yes,1,0,2.4304378571424875e-63
26-34 Years Old:Yes,1,0,0.0
26-34 Years Old:Yes,0,0,0.0
26-34 Years Old:Yes,1,0,0.0
26-34 Years Old:Yes,0,0,0.0
26-34 Years Old:Yes,0,0,0.0
26-34 Years Old:Yes,0,0,4.668165701578017e-150
26-34 Years Old:Yes,0,0,0.0
26-34 Years Old:Yes,1,1,1.0
26-34 Years Old:Yes,1,0,1.0333572654456845e-208
26-34 Years Old:Yes,1,0,3.944792756116631e-217
26-34 Years Old:Yes,0,0,0.0
26-34 Years Old:Yes,0,0,0.0
26-34 Years Old:Yes,0,0,1.0552103011935141e-216
26-34 Years Old:Yes,0,0,0.0
26-34 Years Old:Yes,0,0,7.883708791296607e-215
26-34 Years Old:Yes,1,0,1.0828631160868478e-87
26-34 Years Old:Yes,0,0,5.204008195023289e-154
26-34 Years Old:Yes,0,0,0.0
26-34 Years Old:Yes,1,0,0.0
26-34 Years Old:Yes,0,0,0.0
26-34 Years Old:Yes,1,1,1.0
26-34 Years Old:Yes,0,0,1.4612044216369434e-214
26-34 Years Old:Yes,1,0,7.496010197695381e-190
26-34 Years Old:Yes,0,0,7.468892335012122e-184
26-34 Years Old:Yes,0,0,1.9611042860531836e-257
26-34 Years Old:Yes,0,0,9.488715220224829e-217
26-34 Years Old:Yes,1,0,3.3899533260322474e-248
26-34 Years Old:Yes,1,0,1.8005771335945354e-143
26-34 Years Old:Yes,0,0,0.0
26-34 Years Old:Yes,0,0,0.0
26-34 Years Old:Yes,0,0,1.367701626581673e-263
26-34 Years Old:Yes,0,0,0.0
26-34 Years Old:Yes,0,0,2.2176281060767825e-267
26-34 Years Old:Yes,0,1,1.0
26-34 Years Old:Yes,0,0,3.1163917940056963e-232
26-34 Years Old:Yes,1,0,6.314185880139821e-124
26-34 Years Old:Yes,0,0,0.0
26-34 Years Old:Yes,0,0,0.0
26-34 Years Old:Yes,1,0,1.0518161393849483e-103
26-34 Years Old:Yes,0,0,0.0
26-34 Years Old:Yes,0,0,0.0
26-34 Years Old:Yes,1,0,0.0
26-34 Years Old:Yes,0,1,1.0
26-34 Years Old:Yes,1,1,1.0
26-34 Years Old:Yes,1,0,7.7651287694356e-258
26-34 Years Old:Yes,0,0,0.0
26-34 Years Old:Yes,1,0,1.3384848135056622e-151
26-34 Years Old:Yes,0,0,0.0
26-34 Years Old:Yes,0,0,0.0
26-34 Years Old:Yes,0,0,4.022524094073333e-148
26-34 Years Old:Yes,0,0,0.0
26-34 Years Old:Yes,1,0,2.762432257023869e-183
26-34 Years Old:Yes,1,0,0.0
26-34 Years Old:Yes,0,0,9.621707178492437e-93
26-34 Years Old:Yes,0,0,7.632871420743694e-276
26-34 Years Old:Yes,0,1,1.0
26-34 Years Old:Yes,1,0,6.428649545584765e-296
26-34 Years Old:Yes,0,0,0.0
26-34 Years Old:Yes,0,0,7.068645882937613e-110
26-34 Years Old:Yes,0,0,1.5862667347911892e-187
26-34 Years Old:Yes,0,0,0.0
26-34 Years Old:Yes,0,0,3.297985762168529e-147
26-34 Years Old:Yes,0,0,3.717380679570834e-79
26-34 Years Old:Yes,0,0,0.0
26-34 Years Old:Yes,0,0,0.0
26-34 Years Old:Yes,0,0,0.0
26-34 Years Old:Yes,0,0,0.0
26-34 Years Old:Yes,0,0,2.2423183792516034e-252
26-34 Years Old:Yes,0,0,0.0
26-34 Years Old:Yes,0,0,2.28706947736919e-179
26-34 Years Old:Yes,0,0,1.1741552822278693e-185
26-34 Years Old:Yes,0,0,0.0
26-34 Years Old:Yes,0,0,0.0
26-34 Years Old:Yes,0,0,0.0
26-34 Years Old:Yes,0,0,0.0
26-34 Years Old:Yes,0,0,1.189721715601054e-165
26-34 Years Old:Yes,1,0,2.0068972004198432e-84
26-34 Years Old:Yes,1,0,1.8412856065573554e-219
26-34 Years Old:Yes,0,0,0.0
26-34 Years Old:Yes,1,0,0.0
26-34 Years Old:Yes,1,0,1.7710631789175406e-185
26-34 Years Old:Yes,0,0,0.0
26-34 Years Old:Yes,0,0,0.0
26-34 Years Old:Yes,0,0,4.7958335493957284e-306
26-34 Years Old:Yes,0,0,0.0
26-34 Years Old:Yes,0,0,0.0
26-34 Years Old:Yes,0,0,0.0
26-34 Years Old:Yes,0,0,3.420083864500515e-287
26-34 Years Old:Yes,0,0,0.0
26-34 Years Old:Yes,0,0,0.0
26-34 Years Old:Yes,0,0,5.2880526741875564e-61
26-34 Years Old:Yes,0,0,1.0306309846538283e-150
26-34 Years Old:Yes,0,0,1.8462460121977983e-09
26-34 Years Old:Yes,0,0,0.0
26-34 Years Old:Yes,0,0,6.098201630022595e-67
26-34 Years Old:Yes,0,0,0.0
26-34 Years Old:Yes,0,0,0.0
26-34 Years Old:Yes,0,0,0.0
26-34 Years Old:Yes,0,0,1.2439904101026101e-276
26-34 Years Old:Yes,0,0,0.0
26-34 Years Old:Yes,0,0,0.0
26-34 Years Old:Yes,1,0,0.0
26-34 Years Old:Yes,0,0,0.0
26-34 Years Old:Yes,1,0,3.3504788139472504e-237
26-34 Years Old:Yes,0,0,1.8747545301633071e-267
26-34 Years Old:Yes,0,0,0.0
26-34 Years Old:Yes,1,0,0.0
26-34 Years Old:Yes,0,0,0.0
26-34 Years Old:Yes,0,0,0.0
26-34 Years Old:Yes,0,0,0.0
26-34 Years Old:Yes,0,0,0.0
26-34 Years Old:Yes,1,0,4.19012159800285e-227
26-34 Years Old:Yes,1,0,0.0
26-34 Years Old:Yes,1,0,5.152651960680917e-149
26-34 Years Old:Yes,1,0,3.1625297930298133e-103
26-34 Years Old:Yes,0,1,1.0
26-34 Years Old:Yes,1,0,2.4056705555763715e-234
26-34 Years Old:Yes,0,0,0.0
26-34 Years Old:Yes,0,1,1.0
26-34 Years Old:Yes,0,0,5.2947330002084405e-189
26-34 Years Old:Yes,0,0,5.582393719136705e-262
26-34 Years Old:Yes,0,0,0.0
26-34 Years Old:Yes,0,0,0.0
26-34 Years Old:Yes,0,0,0.0
26-34 Years Old:Yes,0,0,0.0
26-34 Years Old:Yes,0,0,3.2553750069972224e-179
26-34 Years Old:Yes,0,0,5.8279313495960425e-258
26-34 Years Old:Yes,0,0,8.309128207861233e-104
26-34 Years Old:Yes,0,0,0.0
26-34 Years Old:Yes,1,1,1.0
26-34 Years Old:Yes,0,0,0.0
26-34 Years Old:Yes,0,0,0.0
26-34 Years Old:Yes,0,0,3.2040591675184233e-284
26-34 Years Old:Yes,0,0,0.0
26-34 Years Old:Yes,0,0,0.0
26-34 Years Old:Yes,0,0,6.450795859136357e-293
26-34 Years Old:Yes,0,0,0.0
26-34 Years Old:Yes,0,0,0.0
26-34 Years Old:Yes,1,0,6.612158865231006e-233
26-34 Years Old:Yes,0,0,0.0
26-34 Years Old:Yes,0,0,4.993454349304329e-204
26-34 Years Old:Yes,0,0,2.242003363866818e-295
26-34 Years Old:Yes,0,1,1.0
26-34 Years Old:Yes,1,0,1.3319111546231478e-302
26-34 Years Old:Yes,0,0,0.0
26-34 Years Old:Yes,0,0,0.0
26-34 Years Old:Yes,0,0,0.0
26-34 Years Old:Yes,0,0,6.213592469386111e-245
26-34 Years Old:Yes,0,0,0.0
26-34 Years Old:Yes,0,0,0.0
26-34 Years Old:Yes,0,0,0.0
26-34 Years Old:Yes,1,0,3.622288615809914e-247
26-34 Years Old:Yes,0,0,0.0
26-34 Years Old:Yes,0,0,0.0
26-34 Years Old:Yes,0,1,0.999999999877933
26-34 Years Old:Yes,0,0,2.9372699023036115e-273
26-34 Years Old:Yes,0,0,1.6732548181285966e-24
26-34 Years Old:Yes,1,1,1.0
26-34 Years Old:Yes,0,0,0.0
26-34 Years Old:Yes,0,0,0.0
26-34 Years Old:Yes,0,0,0.0
26-34 Years Old:Yes,0,0,0.0
26-34 Years Old:Yes,0,0,0.0
26-34 Years Old:Yes,1,0,5.274142950658172e-63
26-34 Years Old:Yes,0,0,4.293510248055474e-177
26-34 Years Old:Yes,1,0,4.3011217007242325e-48
26-34 Years Old:Yes,1,1,1.0
26-34 Years Old:Yes,0,0,0.0
26-34 Years Old:Yes,0,0,0.0
26-34 Years Old:Yes,0,0,0.0
26-34 Years Old:Yes,1,0,5.106360746978214e-206
26-34 Years Old:Yes,0,0,1.0692257475935487e-175
26-34 Years Old:Yes,0,0,2.1819043229890415e-15
26-34 Years Old:Yes,0,0,0.0
26-34 Years Old:Yes,0,0,9.49779655484841e-218
26-34 Years Old:Yes,0,0,2.640104654102489e-35
26-34 Years Old:Yes,0,1,1.0
26-34 Years Old:Yes,0,0,5.971451267814094e-195
26-34 Years Old:Yes,0,0,0.0
26-34 Years Old:Yes,0,0,3.0977276069191193e-245
26-34 Years Old:Yes,0,0,4.691007497946261e-113
26-34 Years Old:Yes,0,0,9.41863303545955e-180
26-34 Years Old:Yes,0,0,0.0
26-34 Years Old:Yes,1,0,1.9768206307764287e-233
26-34 Years Old:Yes,0,0,2.3289341837775852e-161
26-34 Years Old:Yes,1,1,1.0
26-34 Years Old:Yes,0,0,0.0
26-34 Years Old:Yes,1,0,0.0
26-34 Years Old:Yes,0,0,3.1691761444944714e-144
26-34 Years Old:Yes,0,0,0.0
26-34 Years Old:Yes,0,0,7.777918116401047e-294
26-34 Years Old:Yes,0,0,8.658749003534208e-121
26-34 Years Old:Yes,1,0,0.0
26-34 Years Old:Yes,0,0,0.0
26-34 Years Old:Yes,0,0,0.0
26-34 Years Old:Yes,0,0,0.0
26-34 Years Old:Yes,1,0,2.559070675596831e-192
26-34 Years Old:Yes,0,0,0.0
26-34 Years Old:Yes,0,0,0.0
26-34 Years Old:Yes,0,0,0.0
26-34 Years Old:Yes,1,0,6.692254395781096e-256
26-34 Years Old:Yes,0,0,0.0
26-34 Years Old:Yes,0,0,0.0
26-34 Years Old:Yes,0,0,9.254407806188001e-303
26-34 Years Old:Yes,0,0,0.0
26-34 Years Old:Yes,0,0,0.0
26-34 Years Old:Yes,0,0,3.1584867822802627e-119
26-34 Years Old:Yes,0,0,1.1356102087750986e-248
26-34 Years Old:Yes,0,0,0.0
26-34 Years Old:Yes,0,0,0.0
26-34 Years Old:Yes,1,1,1.0
26-34 Years Old:Yes,0,0,0.0
26-34 Years Old:Yes,0,0,0.0
26-34 Years Old:Yes,0,1,1.0
26-34 Years Old:Yes,0,0,0.0
26-34 Years Old:Yes,0,0,7.208476538156376e-303
26-34 Years Old:Yes,1,0,0.0
26-34 Years Old:Yes,0,0,0.0
26-34 Years Old:Yes,0,0,4.6689481258349315e-158
26-34 Years Old:Yes,0,0,7.699547526541358e-295
26-34 Years Old:Yes,1,0,7.4506849799701e-86
26-34 Years Old:Yes,1,0,1.18848150213383e-139
26-34 Years Old:Yes,0,0,0.0
26-34 Years Old:Yes,0,0,0.0
26-34 Years Old:Yes,1,0,1.4408418233147565e-285
26-34 Years Old:Yes,0,0,0.0
26-34 Years Old:Yes,1,1,0.9998960186106024
26-34 Years Old:Yes,0,0,5.2159593016705176e-287
26-34 Years Old:Yes,0,0,2.7055640424780315e-287
26-34 Years Old:Yes,0,0,0.0
26-34 Years Old:Yes,1,1,1.0
26-34 Years Old:Yes,0,0,4.0657932119080026e-306
26-34 Years Old:Yes,0,1,1.0
26-34 Years Old:Yes,0,0,0.0
26-34 Years Old:Yes,0,0,0.0
26-34 Years Old:Yes,0,0,0.0
26-34 Years Old:Yes,0,0,6.6676148790677304e-49
26-34 Years Old:Yes,0,0,1.4910198850318602e-182
26-34 Years Old:Yes,0,0,1.0265605251387636e-119
26-34 Years Old:Yes,0,0,0.0
26-34 Years Old:Yes,0,0,0.0
26-34 Years Old:Yes,0,0,0.0
26-34 Years Old:Yes,0,0,3.0027165583446753e-295
26-34 Years Old:Yes,0,0,0.0
26-34 Years Old:Yes,1,0,1.3815094499704867e-29
26-34 Years Old:Yes,1,0,0.0
26-34 Years Old:Yes,1,0,0.0
26-34 Years Old:Yes,1,0,3.037909901475646e-109
26-34 Years Old:Yes,0,0,0.0
26-34 Years Old:Yes,1,0,1.0174826753080106e-249
26-34 Years Old:Yes,1,0,9.359626353178681e-188
26-34 Years Old:Yes,0,0,6.636912947121995e-174
26-34 Years Old:Yes,1,1,1.0
26-34 Years Old:Yes,0,0,2.079903246448932e-133
26-34 Years Old:Yes,0,0,0.0
26-34 Years Old:Yes,0,0,0.0
26-34 Years Old:Yes,0,0,0.0
26-34 Years Old:Yes,0,0,0.0
26-34 Years Old:Yes,0,0,3.3973168136819985e-226
26-34 Years Old:Yes,0,0,0.0
26-34 Years Old:Yes,0,0,9.265229739820948e-169
26-34 Years Old:Yes,0,0,0.0
26-34 Years Old:Yes,1,0,0.0
26-34 Years Old:Yes,1,0,3.3141202203225163e-101
26-34 Years Old:Yes,1,0,3.2182280507355955e-90
26-34 Years Old:Yes,1,0,0.0
26-34 Years Old:Yes,1,0,2.346121735801706e-278
26-34 Years Old:Yes,0,0,0.0
26-34 Years Old:Yes,1,1,0.9999899517017078
26-34 Years Old:Yes,0,0,1.6416146757616623e-06
26-34 Years Old:Yes,1,0,2.281445637764833e-232
26-34 Years Old:Yes,0,0,0.0
26-34 Years Old:Yes,1,0,1.8288415479015059e-218
26-34 Years Old:Yes,0,0,0.0
26-34 Years Old:Yes,0,0,0.0
26-34 Years Old:Yes,0,0,5.443824678821092e-70
26-34 Years Old:Yes,0,0,0.0
26-34 Years Old:Yes,0,0,1.8248493862391637e-183
26-34 Years Old:Yes,0,0,0.0
26-34 Years Old:Yes,0,0,3.9734195952330753e-178
26-34 Years Old:Yes,1,0,4.933689160790673e-24
26-34 Years Old:Yes,0,0,0.0
26-34 Years Old:Yes,0,0,0.0
26-34 Years Old:Yes,0,0,0.0
26-34 Years Old:Yes,1,0,1.3459652414675385e-305
26-34 Years Old:Yes,0,0,0.0
26-34 Years Old:Yes,0,0,1.176684109641445e-84
26-34 Years Old:Yes,1,0,4.805693509837031e-299
26-34 Years Old:Yes,0,0,2.6196529473858902e-278
26-34 Years Old:Yes,0,0,0.0
26-34 Years Old:Yes,0,0,0.0
26-34 Years Old:Yes,0,0,0.0
26-34 Years Old:Yes,1,1,1.0
26-34 Years Old:Yes,0,0,0.0
26-34 Years Old:Yes,1,0,0.0
26-34 Years Old:Yes,0,0,0.0
26-34 Years Old:Yes,0,0,2.0110811423418602e-103
26-34 Years Old:Yes,0,0,7.779147184200239e-244
26-34 Years Old:Yes,0,0,0.0
26-34 Years Old:Yes,0,0,0.0
26-34 Years Old:Yes,0,0,0.0
26-34 Years Old:Yes,0,0,0.0
26-34 Years Old:Yes,0,0,0.0
26-34 Years Old:Yes,1,0,2.2248238790473096e-172
26-34 Years Old:Yes,0,0,0.0
26-34 Years Old:Yes,0,0,0.0
26-34 Years Old:Yes,1,0,0.0
26-34 Years Old:Yes,0,0,3.172376034674756e-38
26-34 Years Old:Yes,0,0,1.505957789435926e-141
26-34 Years Old:Yes,0,0,0.0
26-34 Years Old:Yes,0,0,0.0
26-34 Years Old:Yes,0,0,0.0
26-34 Years Old:Yes,0,0,0.0
26-34 Years Old:Yes,0,0,0.0
26-34 Years Old:Yes,0,0,4.760898143733414e-272
26-34 Years Old:Yes,0,0,0.0
26-34 Years Old:Yes,0,0,0.0
26-34 Years Old:Yes,1,0,0.0
26-34 Years Old:Yes,0,0,0.0
26-34 Years Old:Yes,0,0,0.0
26-34 Years Old:Yes,0,0,1.6180590355279166e-249
26-34 Years Old:Yes,0,0,0.0
26-34 Years Old:Yes,0,0,0.0
26-34 Years Old:Yes,0,1,1.0
26-34 Years Old:Yes,0,0,0.0
26-34 Years Old:Yes,1,0,3.1281201650495906e-93
26-34 Years Old:Yes,0,0,2.245101908551022e-229
26-34 Years Old:Yes,0,0,0.0
26-34 Years Old:Yes,0,0,0.0
26-34 Years Old:Yes,0,0,1.4178007889971333e-304
26-34 Years Old:Yes,1,0,0.0
26-34 Years Old:Yes,0,0,0.0
26-34 Years Old:Yes,1,0,2.356144870922252e-180
26-34 Years Old:Yes,0,0,1.3598405544380643e-119
26-34 Years Old:Yes,0,0,0.0
26-34 Years Old:Yes,0,0,0.0
26-34 Years Old:Yes,1,0,1.328628955363839e-128
26-34 Years Old:Yes,0,0,0.0
26-34 Years Old:Yes,1,0,1.7859068470538326e-161
26-34 Years Old:Yes,0,0,5.2265693469429485e-294
26-34 Years Old:Yes,0,0,0.0
26-34 Years Old:Yes,0,0,0.0
26-34 Years Old:Yes,0,0,0.0
26-34 Years Old:Yes,0,0,0.0
26-34 Years Old:Yes,1,0,4.322563196810907e-146
26-34 Years Old:Yes,0,0,5.164807409120505e-106
26-34 Years Old:Yes,0,0,7.522798667642562e-172
26-34 Years Old:Yes,1,1,1.0
26-34 Years Old:Yes,0,0,0.0
26-34 Years Old:Yes,0,0,0.0
26-34 Years Old:Yes,1,0,0.0
26-34 Years Old:Yes,0,0,0.0
26-34 Years Old:Yes,0,0,4.1625035799453945e-207
26-34 Years Old:Yes,1,0,1.2353584334391416e-187
26-34 Years Old:Yes,0,0,3.9861714213254776e-204
26-34 Years Old:Yes,0,0,5.388513685793518e-208
26-34 Years Old:Yes,0,0,0.0
26-34 Years Old:Yes,1,0,4.305907929603986e-128
26-34 Years Old:Yes,0,0,0.0
26-34 Years Old:Yes,0,0,0.0
26-34 Years Old:Yes,0,0,0.0
26-34 Years Old:Yes,0,0,2.9090133875162146e-295
26-34 Years Old:Yes,0,0,0.0
26-34 Years Old:Yes,1,0,5.193493810017232e-11
26-34 Years Old:Yes,0,0,0.0
26-34 Years Old:Yes,1,0,0.0
26-34 Years Old:Yes,1,0,0.0
26-34 Years Old:Yes,0,0,4.165194409410653e-210
26-34 Years Old:Yes,1,0,3.418606641405174e-232
26-34 Years Old:Yes,0,0,0.0
26-34 Years Old:Yes,0,0,4.218401159983165e-302
26-34 Years Old:Yes,0,0,3.074034756893863e-254
26-34 Years Old:Yes,0,0,0.0
26-34 Years Old:Yes,0,0,3.4765529172715135e-166
26-34 Years Old:Yes,1,1,1.0
26-34 Years Old:Yes,0,0,0.0
26-34 Years Old:Yes,0,0,0.0
26-34 Years Old:Yes,1,0,0.0
26-34 Years Old:Yes,1,0,0.0
26-34 Years Old:Yes,0,0,0.0
26-34 Years Old:Yes,0,0,0.0
26-34 Years Old:Yes,0,0,2.0225851616209184e-303
26-34 Years Old:Yes,0,0,1.8230693747065453e-67
26-34 Years Old:Yes,1,0,0.0
26-34 Years Old:Yes,1,0,0.0
26-34 Years Old:Yes,0,0,2.8519847242275047e-266
26-34 Years Old:Yes,0,0,8.55119294751256e-289
26-34 Years Old:Yes,1,0,0.0
26-34 Years Old:Yes,0,0,8.31663789223712e-115
26-34 Years Old:Yes,0,0,0.0
26-34 Years Old:Yes,0,1,1.0
26-34 Years Old:Yes,1,0,1.3486498498200173e-299
26-34 Years Old:Yes,0,0,7.239649061935954e-153
26-34 Years Old:Yes,0,0,0.0
26-34 Years Old:Yes,0,0,0.0
26-34 Years Old:Yes,1,0,0.0
26-34 Years Old:Yes,0,1,1.0
26-34 Years Old:Yes,0,0,2.0789387152030343e-297
26-34 Years Old:Yes,1,0,1.2340426691601446e-252
26-34 Years Old:Yes,0,0,0.0
26-34 Years Old:Yes,0,0,0.0
26-34 Years Old:Yes,0,0,0.0
26-34 Years Old:Yes,0,0,0.0
26-34 Years Old:Yes,1,0,0.0
26-34 Years Old:Yes,0,0,0.0
26-34 Years Old:Yes,0,0,0.0
26-34 Years Old:Yes,0,0,6.599761996622663e-183
26-34 Years Old:Yes,0,0,0.0
26-34 Years Old:Yes,0,0,0.0
26-34 Years Old:Yes,0,0,0.0
26-34 Years Old:Yes,1,0,5.694666369781505e-64
26-34 Years Old:Yes,0,0,4.436702409652347e-301
26-34 Years Old:Yes,0,0,0.0
26-34 Years Old:Yes,1,0,0.0
26-34 Years Old:Yes,0,1,0.9975712520641953
26-34 Years Old:Yes,1,1,1.0
26-34 Years Old:Yes,0,0,0.0
26-34 Years Old:Yes,0,0,0.0
26-34 Years Old:Yes,0,0,7.332245019705763e-256
26-34 Years Old:Yes,0,0,0.0
26-34 Years Old:Yes,0,0,0.0
26-34 Years Old:Yes,1,0,0.0
26-34 Years Old:Yes,0,0,3.8272282376100314e-56
26-34 Years Old:Yes,1,0,1.5965918863411324e-250
26-34 Years Old:Yes,1,0,0.0
26-34 Years Old:Yes,0,0,8.332005652846499e-102
26-34 Years Old:Yes,0,0,3.362642260122971e-205
26-34 Years Old:Yes,1,1,1.0
26-34 Years Old:Yes,0,0,0.0
26-34 Years Old:Yes,0,0,0.0
26-34 Years Old:Yes,0,0,0.0
26-34 Years Old:Yes,0,0,0.0
26-34 Years Old:Yes,0,0,1.0440982966655676e-93
26-34 Years Old:Yes,0,1,1.0
26-34 Years Old:Yes,1,1,1.0
26-34 Years Old:Yes,1,0,0.0
26-34 Years Old:Yes,0,0,1.6555957096997788e-59
26-34 Years Old:Yes,0,0,0.0
26-34 Years Old:Yes,0,0,0.0
26-34 Years Old:Yes,0,0,0.0
26-34 Years Old:Yes,1,0,2.9880079802729593e-127
26-34 Years Old:Yes,0,0,0.0
26-34 Years Old:Yes,1,0,0.0
26-34 Years Old:Yes,0,0,0.0
26-34 Years Old:Yes,1,1,1.0
26-34 Years Old:Yes,0,0,6.256325457578295e-29
26-34 Years Old:Yes,0,1,1.0
26-34 Years Old:Yes,0,0,0.0
26-34 Years Old:Yes,0,0,7.576004061958394e-280
26-34 Years Old:Yes,0,0,0.0
26-34 Years Old:Yes,0,0,0.0
26-34 Years Old:Yes,0,0,0.0
26-34 Years Old:Yes,0,0,3.4165031556167115e-191
26-34 Years Old:Yes,0,0,4.5094926871264876e-181
26-34 Years Old:Yes,0,1,1.0
26-34 Years Old:Yes,0,0,0.0
26-34 Years Old:Yes,1,0,1.1139601950626933e-282
26-34 Years Old:Yes,1,0,7.6365683785288534e-177
26-34 Years Old:Yes,1,1,0.9990054961886561
26-34 Years Old:Yes,0,0,0.0
26-34 Years Old:Yes,0,0,0.0
26-34 Years Old:Yes,1,0,1.5386808639797378e-22
26-34 Years Old:Yes,0,0,0.0
26-34 Years Old:Yes,1,0,0.0
26-34 Years Old:Yes,0,0,7.740185540320119e-159
26-34 Years Old:Yes,1,0,0.0
26-34 Years Old:Yes,0,0,0.0
26-34 Years Old:Yes,0,0,0.0
26-34 Years Old:Yes,1,0,4.238268060826717e-263
26-34 Years Old:Yes,1,0,1.5852685594468713e-287
26-34 Years Old:Yes,0,0,0.0
26-34 Years Old:Yes,1,0,6.048406684195706e-265
26-34 Years Old:Yes,0,0,4.543105874413576e-112
26-34 Years Old:Yes,0,0,0.0
26-34 Years Old:Yes,0,0,6.191115854180533e-290
26-34 Years Old:Yes,0,0,0.0
26-34 Years Old:Yes,0,0,2.064320033346928e-86
26-34 Years Old:Yes,0,0,1.0531495801503736e-221
26-34 Years Old:Yes,1,0,2.5265995006119732e-160
26-34 Years Old:Yes,1,0,0.0
26-34 Years Old:Yes,0,0,0.0
26-34 Years Old:Yes,0,0,6.215331726982857e-220
26-34 Years Old:Yes,0,0,0.0
26-34 Years Old:Yes,0,0,0.0
26-34 Years Old:Yes,1,0,3.873723224226152e-18
26-34 Years Old:Yes,1,1,1.0
26-34 Years Old:Yes,0,0,1.754479344237283e-32
26-34 Years Old:Yes,0,0,2.066237993497117e-249
26-34 Years Old:Yes,0,0,5.803578156105676e-249
26-34 Years Old:Yes,0,0,0.0
26-34 Years Old:Yes,1,0,0.0
26-34 Years Old:Yes,1,0,8.47779622914483e-84
26-34 Years Old:Yes,1,1,0.9995702407907223
26-34 Years Old:Yes,0,0,0.001910563572111083
26-34 Years Old:Yes,0,0,3.684212326202391e-274
26-34 Years Old:Yes,1,0,1.1568706007267866e-184
26-34 Years Old:Yes,0,0,6.044099972516092e-173
26-34 Years Old:Yes,0,0,0.0
26-34 Years Old:Yes,1,0,3.997303639041392e-221
26-34 Years Old:Yes,0,0,0.0
26-34 Years Old:Yes,0,1,0.9999999999642752
26-34 Years Old:Yes,0,0,0.0
26-34 Years Old:Yes,1,0,0.0
26-34 Years Old:Yes,1,0,7.049941921941836e-292
26-34 Years Old:Yes,1,0,0.0
26-34 Years Old:Yes,1,0,0.0
26-34 Years Old:Yes,0,0,0.0
26-34 Years Old:Yes,1,0,8.601807544967293e-100
26-34 Years Old:Yes,0,0,7.263396949913557e-10
26-34 Years Old:Yes,0,0,0.0
26-34 Years Old:Yes,0,0,0.0
26-34 Years Old:Yes,0,0,0.0
26-34 Years Old:Yes,0,0,0.0
26-34 Years Old:Yes,0,0,0.0
26-34 Years Old:Yes,0,0,0.0
26-34 Years Old:Yes,0,0,8.518670313179222e-135
26-34 Years Old:Yes,0,0,7.105112335016637e-272
26-34 Years Old:Yes,0,0,1.0985503751438908e-172
26-34 Years Old:Yes,0,0,0.0
26-34 Years Old:Yes,0,0,0.0
26-34 Years Old:Yes,0,0,2.225238549165649e-155
26-34 Years Old:Yes,0,0,2.674628420096091e-232
26-34 Years Old:Yes,0,0,0.0
26-34 Years Old:Yes,0,0,1.3100504125743574e-253
26-34 Years Old:Yes,0,0,0.0
26-34 Years Old:Yes,0,0,3.356317759999633e-170
26-34 Years Old:Yes,0,0,9.155361321109271e-178
26-34 Years Old:Yes,0,0,0.0
26-34 Years Old:Yes,1,0,1.648468322883486e-249
26-34 Years Old:Yes,0,0,3.784391235990827e-190
26-34 Years Old:Yes,1,0,2.505344137638805e-119
26-34 Years Old:Yes,1,0,1.882127990538523e-42
26-34 Years Old:Yes,0,0,2.7448436856734236e-139
26-34 Years Old:Yes,1,0,1.2409352605287026e-300
26-34 Years Old:Yes,1,0,0.0
26-34 Years Old:Yes,0,0,0.0
26-34 Years Old:Yes,0,0,1.0158514113192306e-59
26-34 Years Old:Yes,0,0,0.0
26-34 Years Old:Yes,0,0,0.0
26-34 Years Old:Yes,0,0,0.0
26-34 Years Old:Yes,0,1,1.0
26-34 Years Old:Yes,0,0,6.019864722176231e-275
26-34 Years Old:Yes,0,0,2.8825688339899e-172
26-34 Years Old:Yes,0,0,0.0
26-34 Years Old:Yes,0,0,3.743454563817754e-253
26-34 Years Old:Yes,1,0,0.0
26-34 Years Old:Yes,0,0,0.0
26-34 Years Old:Yes,1,1,1.0
26-34 Years Old:Yes,0,0,0.0
26-34 Years Old:Yes,0,0,0.0
26-34 Years Old:Yes,0,0,1.265379407085881e-105
26-34 Years Old:Yes,1,0,6.884446511968842e-173
26-34 Years Old:Yes,0,0,0.0
26-34 Years Old:Yes,0,0,0.0
26-34 Years Old:Yes,0,0,1.1383412154343902e-117
26-34 Years Old:Yes,0,0,0.0
26-34 Years Old:Yes,0,0,0.0
26-34 Years Old:Yes,0,0,0.0
26-34 Years Old:Yes,0,0,5.396118738507197e-287
26-34 Years Old:Yes,0,0,0.0
26-34 Years Old:Yes,1,0,2.357645874115508e-180
26-34 Years Old:Yes,0,0,0.0
26-34 Years Old:Yes,0,0,0.0
26-34 Years Old:Yes,0,0,1.0404653371070175e-288
26-34 Years Old:Yes,0,0,0.0
26-34 Years Old:Yes,0,0,7.162602673628709e-237
26-34 Years Old:Yes,1,0,0.0
26-34 Years Old:Yes,0,0,0.0
26-34 Years Old:Yes,0,0,1.9796826939528375e-263
26-34 Years Old:Yes,0,0,0.0
26-34 Years Old:Yes,0,0,3.4108421612632826e-258
26-34 Years Old:Yes,0,0,1.689914006317411e-123
26-34 Years Old:Yes,0,1,1.0
26-34 Years Old:Yes,1,0,7.024875063473778e-285
26-34 Years Old:Yes,0,0,0.0
26-34 Years Old:Yes,0,0,0.0
26-34 Years Old:Yes,0,0,0.0
26-34 Years Old:Yes,0,0,1.3881546258722146e-159
26-34 Years Old:Yes,0,0,0.0
26-34 Years Old:Yes,0,0,0.0
26-34 Years Old:Yes,0,1,1.0
26-34 Years Old:Yes,0,0,0.0
26-34 Years Old:Yes,1,0,0.0
26-34 Years Old:Yes,0,0,7.547551033464042e-232
26-34 Years Old:Yes,0,0,3.5061939572139793e-243
26-34 Years Old:Yes,0,0,0.0
26-34 Years Old:Yes,0,0,0.0
26-34 Years Old:Yes,0,0,1.68573917452018e-254
26-34 Years Old:Yes,1,0,0.0
26-34 Years Old:Yes,0,0,0.0
26-34 Years Old:Yes,0,0,1.0185739400432418e-97
26-34 Years Old:Yes,0,0,0.0
26-34 Years Old:Yes,0,0,2.9240230114053144e-220
26-34 Years Old:Yes,1,0,0.0
26-34 Years Old:Yes,0,0,0.0
26-34 Years Old:Yes,0,0,0.0
26-34 Years Old:Yes,1,0,0.0
26-34 Years Old:Yes,0,0,2.352028444992729e-220
26-34 Years Old:Yes,0,0,0.0
26-34 Years Old:Yes,0,0,0.0
26-34 Years Old:Yes,1,0,1.9162729273489115e-169
26-34 Years Old:Yes,1,0,6.715781360061114e-236
26-34 Years Old:Yes,0,0,0.0
26-34 Years Old:Yes,0,0,0.0
26-34 Years Old:Yes,0,0,0.0
26-34 Years Old:Yes,1,0,9.94272717203653e-91
26-34 Years Old:Yes,0,0,0.0
26-34 Years Old:Yes,0,0,0.0
26-34 Years Old:Yes,0,1,1.0
26-34 Years Old:Yes,0,0,0.0
26-34 Years Old:Yes,1,0,4.090614830093293e-59
26-34 Years Old:Yes,0,0,0.0
26-34 Years Old:Yes,1,0,0.0
26-34 Years Old:Yes,0,0,0.0
26-34 Years Old:Yes,0,0,0.0
26-34 Years Old:Yes,0,0,0.0
26-34 Years Old:Yes,1,0,3.884198933341285e-147
26-34 Years Old:Yes,0,0,0.0
26-34 Years Old:Yes,0,0,1.3903744350767375e-68
26-34 Years Old:Yes,1,0,0.0
26-34 Years Old:Yes,0,0,0.0
26-34 Years Old:Yes,0,0,0.0
26-34 Years Old:Yes,0,0,0.0
26-34 Years Old:Yes,1,1,1.0
26-34 Years Old:Yes,1,0,0.0
26-34 Years Old:Yes,0,0,0.0
26-34 Years Old:Yes,0,0,0.0
26-34 Years Old:Yes,1,0,1.0013247933170527e-307
26-34 Years Old:Yes,1,0,0.0
26-34 Years Old:Yes,0,1,1.0
26-34 Years Old:Yes,0,1,1.0
26-34 Years Old:Yes,0,0,2.502235197317288e-206
26-34 Years Old:Yes,0,0,1.2580828495456835e-265
26-34 Years Old:Yes,0,0,2.2714772197326156e-149
26-34 Years Old:Yes,0,1,1.0
26-34 Years Old:Yes,0,0,0.0
26-34 Years Old:Yes,1,0,9.580677507320708e-31
26-34 Years Old:Yes,0,0,3.543234380473463e-210
26-34 Years Old:Yes,0,0,0.0
26-34 Years Old:Yes,0,0,0.0
26-34 Years Old:Yes,0,0,0.0
26-34 Years Old:Yes,0,0,0.0
26-34 Years Old:Yes,0,0,2.4205743127547046e-70
26-34 Years Old:Yes,0,0,8.208022539298164e-264
26-34 Years Old:Yes,0,0,0.0
26-34 Years Old:Yes,0,0,0.0
26-34 Years Old:Yes,0,0,0.0
26-34 Years Old:Yes,0,0,0.0
26-34 Years Old:Yes,0,0,0.0
26-34 Years Old:Yes,0,0,1.5085931425130918e-18
26-34 Years Old:Yes,0,0,0.0
26-34 Years Old:Yes,0,0,0.0
26-34 Years Old:Yes,1,0,7.207558401536738e-49
26-34 Years Old:Yes,0,0,7.103246315984817e-14
26-34 Years Old:Yes,0,0,1.1982128366531701e-15
26-34 Years Old:Yes,0,0,0.0
26-34 Years Old:Yes,1,0,0.0
26-34 Years Old:Yes,0,0,0.0
26-34 Years Old:Yes,0,0,2.3817368982596117e-271
26-34 Years Old:Yes,0,0,2.3497203936339653e-107
26-34 Years Old:Yes,0,0,0.0
26-34 Years Old:Yes,0,0,0.0
26-34 Years Old:Yes,0,0,0.0
26-34 Years Old:Yes,0,0,0.0
26-34 Years Old:Yes,1,1,1.0
26-34 Years Old:Yes,0,0,0.0
26-34 Years Old:Yes,0,0,5.938416227687509e-115
26-34 Years Old:Yes,0,0,0.0
26-34 Years Old:Yes,0,0,5.628589406887321e-160
26-34 Years Old:Yes,1,0,2.073885629976982e-248
26-34 Years Old:Yes,0,0,0.0
26-34 Years Old:Yes,0,0,2.196360522456679e-12
26-34 Years Old:Yes,0,0,0.0
26-34 Years Old:Yes,0,0,0.0
26-34 Years Old:Yes,0,0,0.0
26-34 Years Old:Yes,0,0,0.0
26-34 Years Old:Yes,0,0,0.0
26-34 Years Old:Yes,1,0,1.2286647706047724e-259
26-34 Years Old:Yes,0,0,0.0
26-34 Years Old:Yes,0,0,0.0
26-34 Years Old:Yes,0,0,0.0
26-34 Years Old:Yes,1,1,0.9036319456285906
26-34 Years Old:Yes,1,1,1.0
26-34 Years Old:Yes,0,0,0.0
26-34 Years Old:Yes,1,1,1.0
26-34 Years Old:Yes,1,0,8.498939023943679e-208
26-34 Years Old:Yes,1,0,0.0
26-34 Years Old:Yes,0,0,0.0
26-34 Years Old:Yes,1,0,0.0
26-34 Years Old:Yes,0,0,0.0158298777858555
26-34 Years Old:Yes,0,0,5.02472973250399e-206
26-34 Years Old:Yes,0,0,0.0
26-34 Years Old:Yes,0,0,0.0
26-34 Years Old:Yes,1,0,4.942712262310595e-143
26-34 Years Old:Yes,0,0,7.243371446319157e-302
26-34 Years Old:Yes,0,0,0.0
26-34 Years Old:Yes,0,0,0.0
26-34 Years Old:Yes,1,0,1.1928442982494086e-112
26-34 Years Old:Yes,0,0,0.0
26-34 Years Old:Yes,0,0,8.369789178741432e-286
26-34 Years Old:Yes,0,0,0.0
26-34 Years Old:Yes,0,0,0.0
26-34 Years Old:Yes,1,0,1.0148157372938567e-241
26-34 Years Old:Yes,1,0,8.017882947302213e-77
26-34 Years Old:Yes,1,0,0.0
26-34 Years Old:Yes,1,0,0.0
26-34 Years Old:Yes,0,0,0.0
26-34 Years Old:Yes,0,0,0.0
26-34 Years Old:Yes,1,0,7.871540559721078e-174
26-34 Years Old:Yes,0,0,3.5481496826452718e-233
26-34 Years Old:Yes,1,1,1.0
26-34 Years Old:Yes,0,0,2.93072381145882e-242
26-34 Years Old:Yes,0,0,0.0
26-34 Years Old:Yes,0,0,0.0
26-34 Years Old:Yes,1,0,1.8386154191647787e-78
26-34 Years Old:Yes,1,0,0.0
26-34 Years Old:Yes,1,1,1.0
26-34 Years Old:Yes,0,1,1.0
26-34 Years Old:Yes,1,0,3.230117967943414e-148
26-34 Years Old:Yes,0,0,1.1050615249917045e-229
26-34 Years Old:Yes,1,1,1.0
26-34 Years Old:Yes,1,0,1.3041440805864667e-258
26-34 Years Old:Yes,0,0,0.0
26-34 Years Old:Yes,0,0,3.440785075064318e-168
26-34 Years Old:Yes,0,0,0.0
26-34 Years Old:Yes,1,0,5.1869596795184595e-87
26-34 Years Old:Yes,0,0,2.6189656107630556e-240
26-34 Years Old:Yes,0,0,0.0
26-34 Years Old:Yes,1,1,1.0
26-34 Years Old:Yes,0,0,0.0
26-34 Years Old:Yes,0,1,1.0
26-34 Years Old:Yes,0,0,0.0
26-34 Years Old:Yes,0,0,4.966752986646954e-124
26-34 Years Old:Yes,1,0,5.823944646510418e-247
26-34 Years Old:Yes,0,0,0.0
26-34 Years Old:Yes,0,0,0.0
26-34 Years Old:Yes,0,0,0.0
26-34 Years Old:Yes,0,0,5.606507640069937e-58
26-34 Years Old:Yes,0,0,4.261018027972947e-304
26-34 Years Old:Yes,0,0,0.0
26-34 Years Old:Yes,0,0,0.0
26-34 Years Old:Yes,0,0,5.590774237284998e-216
26-34 Years Old:Yes,0,0,0.0
26-34 Years Old:Yes,1,1,1.0
26-34 Years Old:Yes,0,0,0.0
26-34 Years Old:Yes,0,0,0.0
26-34 Years Old:Yes,0,0,1.782902573238155e-31
26-34 Years Old:Yes,1,0,0.0
26-34 Years Old:Yes,0,0,1.1198747530918452e-269
26-34 Years Old:Yes,0,0,0.0
26-34 Years Old:Yes,0,0,0.0
26-34 Years Old:Yes,0,0,0.0
26-34 Years Old:Yes,1,0,0.0
26-34 Years Old:Yes,0,0,0.0
26-34 Years Old:Yes,1,0,0.0
26-34 Years Old:Yes,0,0,2.600384721686943e-119
26-34 Years Old:Yes,0,0,0.0
26-34 Years Old:Yes,0,0,0.0
26-34 Years Old:Yes,0,0,3.329864102506852e-300
26-34 Years Old:Yes,0,0,0.0
26-34 Years Old:Yes,1,1,1.0
26-34 Years Old:Yes,0,0,0.0
26-34 Years Old:Yes,0,0,0.0
26-34 Years Old:Yes,0,0,0.0
26-34 Years Old:Yes,0,0,0.0
26-34 Years Old:Yes,0,0,0.0
26-34 Years Old:Yes,1,1,1.0
26-34 Years Old:Yes,1,0,2.1386707113894468e-237
26-34 Years Old:Yes,0,0,0.0
26-34 Years Old:Yes,0,0,0.0
26-34 Years Old:Yes,0,0,0.0
26-34 Years Old:Yes,0,0,3.224464493429937e-163
26-34 Years Old:Yes,0,0,1.8162560478660512e-259
26-34 Years Old:Yes,0,0,8.492250084181953e-133
26-34 Years Old:Yes,1,0,0.0
26-34 Years Old:Yes,0,0,1.222812155705787e-59
26-34 Years Old:Yes,0,1,1.0
26-34 Years Old:Yes,1,0,0.0
26-34 Years Old:Yes,0,0,0.0
26-34 Years Old:Yes,1,0,4.2614521357265507e-78
26-34 Years Old:Yes,0,0,0.0
26-34 Years Old:Yes,1,1,1.0
26-34 Years Old:Yes,1,0,0.0
26-34 Years Old:Yes,0,0,0.0
26-34 Years Old:Yes,0,0,0.0
26-34 Years Old:Yes,0,0,4.239154419618456e-142
26-34 Years Old:Yes,1,0,0.0
26-34 Years Old:Yes,0,0,0.0
26-34 Years Old:Yes,0,0,0.0
26-34 Years Old:Yes,0,0,0.0
26-34 Years Old:Yes,0,0,0.0
26-34 Years Old:Yes,0,0,0.0
26-34 Years Old:Yes,0,0,0.0
26-34 Years Old:Yes,1,0,7.510830805824152e-220
26-34 Years Old:Yes,0,0,0.0
26-34 Years Old:Yes,0,0,0.0
26-34 Years Old:Yes,0,0,2.5830632905484534e-101
26-34 Years Old:Yes,0,0,0.0
26-34 Years Old:Yes,0,0,4.495374861884175e-207
26-34 Years Old:Yes,0,0,8.237692917957068e-126
26-34 Years Old:Yes,0,0,0.0
26-34 Years Old:Yes,0,0,0.0
26-34 Years Old:Yes,0,1,1.0
26-34 Years Old:Yes,0,0,0.0
26-34 Years Old:Yes,0,0,8.188255798563486e-286
26-34 Years Old:Yes,0,0,0.0
26-34 Years Old:Yes,0,0,2.6880605282582468e-297
26-34 Years Old:Yes,0,0,5.346843037112972e-84
26-34 Years Old:Yes,1,0,0.0
26-34 Years Old:Yes,0,0,0.0
26-34 Years Old:Yes,0,0,9.958447532365494e-178
26-34 Years Old:Yes,0,0,0.0
26-34 Years Old:Yes,0,0,0.0
26-34 Years Old:Yes,0,0,1.2418428070659886e-256
26-34 Years Old:Yes,0,1,0.6018535624487485
26-34 Years Old:Yes,0,0,0.0
26-34 Years Old:Yes,1,0,0.0
26-34 Years Old:Yes,1,0,0.0
26-34 Years Old:Yes,0,0,4.560925412309427e-300
26-34 Years Old:Yes,0,0,1.0587376196196728e-198
26-34 Years Old:Yes,0,0,2.8192912947549032e-251
26-34 Years Old:Yes,0,0,0.0
26-34 Years Old:Yes,0,0,0.0
26-34 Years Old:Yes,0,0,3.1012148616886736e-178
26-34 Years Old:Yes,0,0,0.0
26-34 Years Old:Yes,1,0,4.5884570157938625e-34
26-34 Years Old:Yes,0,0,3.4558856806561472e-196
26-34 Years Old:Yes,0,0,0.0
26-34 Years Old:Yes,1,0,0.0
26-34 Years Old:Yes,0,0,0.0
26-34 Years Old:Yes,0,0,0.0
26-34 Years Old:Yes,0,0,0.0
26-34 Years Old:Yes,1,0,1.0074094100150688e-163
26-34 Years Old:Yes,0,0,9.833332622573768e-223
26-34 Years Old:Yes,0,0,0.0
26-34 Years Old:Yes,1,0,0.0
26-34 Years Old:Yes,0,0,0.0
26-34 Years Old:Yes,0,0,0.0
26-34 Years Old:Yes,0,0,0.0
26-34 Years Old:Yes,1,0,0.0
26-34 Years Old:Yes,0,0,3.5811607316868548e-214
26-34 Years Old:Yes,1,0,3.802760904711912e-86
26-34 Years Old:Yes,1,1,1.0
26-34 Years Old:Yes,0,0,0.0
26-34 Years Old:Yes,0,0,0.0
26-34 Years Old:Yes,1,0,0.0
26-34 Years Old:Yes,1,0,2.64023475606578e-92
26-34 Years Old:Yes,0,0,0.0
26-34 Years Old:Yes,0,0,0.0
26-34 Years Old:Yes,0,0,7.651961813482857e-292
26-34 Years Old:Yes,0,0,0.0
26-34 Years Old:Yes,1,0,0.0
26-34 Years Old:Yes,0,0,0.0
26-34 Years Old:Yes,0,0,0.0
26-34 Years Old:Yes,0,0,0.0
26-34 Years Old:Yes,1,0,0.0
26-34 Years Old:Yes,0,0,8.643356076336669e-154
26-34 Years Old:Yes,0,0,0.0
26-34 Years Old:Yes,0,0,2.0395391751603123e-124
26-34 Years Old:Yes,0,0,4.5021053254065106e-274
26-34 Years Old:Yes,0,0,1.0089620849691513e-157
26-34 Years Old:Yes,0,0,0.0
26-34 Years Old:Yes,0,0,0.0
26-34 Years Old:Yes,1,1,1.0
26-34 Years Old:Yes,0,0,0.0
26-34 Years Old:Yes,0,0,0.0
26-34 Years Old:Yes,0,0,0.0
26-34 Years Old:Yes,0,0,1.3892504201625001e-305
26-34 Years Old:Yes,1,0,1.6354184829157804e-157
26-34 Years Old:Yes,1,0,2.598501645627686e-289
26-34 Years Old:Yes,0,0,0.0
26-34 Years Old:Yes,0,0,8.755025512435593e-282
26-34 Years Old:Yes,0,0,0.0
26-34 Years Old:Yes,0,0,8.692971010419721e-306
26-34 Years Old:Yes,0,0,0.0
26-34 Years Old:Yes,0,0,0.0
26-34 Years Old:Yes,0,0,0.0
26-34 Years Old:Yes,0,0,0.0
26-34 Years Old:Yes,0,0,8.565259124346671e-257
26-34 Years Old:Yes,1,0,1.6134887674326666e-129
26-34 Years Old:Yes,1,0,1.7153431593285446e-290
26-34 Years Old:Yes,1,0,1.6366625446256423e-145
26-34 Years Old:Yes,1,0,2.2170887327384902e-250
26-34 Years Old:Yes,0,0,0.0
26-34 Years Old:Yes,1,0,0.0
26-34 Years Old:Yes,0,0,0.0
26-34 Years Old:Yes,0,1,1.0
26-34 Years Old:Yes,0,0,0.0
26-34 Years Old:Yes,1,0,1.1659781130177251e-125
26-34 Years Old:Yes,1,0,1.0286215888125194e-211
26-34 Years Old:Yes,0,0,0.0
26-34 Years Old:Yes,0,0,0.0
26-34 Years Old:Yes,0,0,0.0
26-34 Years Old:Yes,1,0,0.0
26-34 Years Old:Yes,0,0,0.0
26-34 Years Old:Yes,0,0,0.0
26-34 Years Old:Yes,0,0,0.0
26-34 Years Old:Yes,0,0,0.0
26-34 Years Old:Yes,0,0,0.0
26-34 Years Old:Yes,0,0,5.659156977546003e-157
26-34 Years Old:Yes,1,0,0.0
26-34 Years Old:Yes,0,0,2.2135844781809824e-204
26-34 Years Old:Yes,1,0,5.788179318226196e-188
26-34 Years Old:Yes,0,1,1.0
26-34 Years Old:Yes,1,0,3.450777939096685e-227
26-34 Years Old:Yes,0,0,0.0
26-34 Years Old:Yes,0,0,0.0
26-34 Years Old:Yes,1,0,0.0
26-34 Years Old:Yes,0,0,0.0
26-34 Years Old:Yes,0,0,0.0
26-34 Years Old:Yes,0,0,0.0
26-34 Years Old:Yes,0,0,0.0
26-34 Years Old:Yes,0,0,0.0
26-34 Years Old:Yes,0,0,0.0
26-34 Years Old:Yes,0,0,4.940038076520297e-208
26-34 Years Old:Yes,0,0,0.0
26-34 Years Old:Yes,0,0,2.142254331374045e-140
26-34 Years Old:Yes,0,0,0.0
26-34 Years Old:Yes,0,0,0.0
26-34 Years Old:Yes,0,0,9.391054134562428e-259
26-34 Years Old:Yes,0,0,0.0
26-34 Years Old:Yes,0,0,7.180502735168784e-192
26-34 Years Old:Yes,0,0,0.0
26-34 Years Old:Yes,0,0,2.3708688230219427e-104
26-34 Years Old:Yes,0,0,0.0
26-34 Years Old:Yes,0,0,0.0
26-34 Years Old:Yes,1,0,4.8154508016874115e-140
26-34 Years Old:Yes,0,0,2.820605132539736e-212
26-34 Years Old:Yes,0,0,0.0
26-34 Years Old:Yes,0,0,5.837281557292569e-28
26-34 Years Old:Yes,0,0,5.6076710354259836e-244
26-34 Years Old:Yes,0,0,0.0
26-34 Years Old:Yes,0,0,0.0
26-34 Years Old:Yes,0,0,0.0
26-34 Years Old:Yes,0,0,0.0
26-34 Years Old:Yes,0,1,0.9999999999954401
26-34 Years Old:Yes,0,1,1.0
26-34 Years Old:Yes,1,1,1.0
26-34 Years Old:Yes,0,0,8.362385066956844e-190
26-34 Years Old:Yes,0,0,0.0
26-34 Years Old:Yes,0,0,4.410190348580584e-28
26-34 Years Old:Yes,0,0,6.375690455436998e-292
26-34 Years Old:Yes,0,0,0.0
26-34 Years Old:Yes,0,0,2.3769664194374118e-285
26-34 Years Old:Yes,0,0,0.0
26-34 Years Old:Yes,0,0,4.729021586890602e-154
26-34 Years Old:Yes,0,0,0.0
26-34 Years Old:Yes,0,0,0.0
26-34 Years Old:Yes,1,1,1.0
26-34 Years Old:Yes,0,0,0.0
26-34 Years Old:Yes,0,0,0.0
26-34 Years Old:Yes,0,0,0.0
26-34 Years Old:Yes,0,0,0.0
26-34 Years Old:Yes,0,0,0.0
26-34 Years Old:Yes,0,1,1.0
26-34 Years Old:Yes,1,0,8.284951835797383e-130
26-34 Years Old:Yes,0,0,0.0
26-34 Years Old:Yes,0,0,0.0
26-34 Years Old:Yes,1,0,1.0347961509183743e-201
26-34 Years Old:Yes,1,0,7.790192513461433e-62
26-34 Years Old:Yes,1,0,4.923712792530012e-292
26-34 Years Old:Yes,0,0,0.0
26-34 Years Old:Yes,1,0,1.0866063342838038e-284
26-34 Years Old:Yes,0,0,3.512109322692078e-83
26-34 Years Old:Yes,0,0,0.0
26-34 Years Old:Yes,0,0,1.8811132503563545e-09
26-34 Years Old:Yes,0,1,1.0
26-34 Years Old:Yes,1,0,0.0
26-34 Years Old:Yes,0,0,3.3503406950922376e-308
26-34 Years Old:Yes,0,0,0.0
26-34 Years Old:Yes,1,0,2.831894573211057e-109
26-34 Years Old:Yes,0,0,9.038652809716006e-117
26-34 Years Old:Yes,0,0,5.79845860950232e-137
26-34 Years Old:Yes,1,0,0.0
26-34 Years Old:Yes,1,0,1.5424787120202247e-221
26-34 Years Old:Yes,0,0,0.0
26-34 Years Old:Yes,0,1,1.0
26-34 Years Old:Yes,0,0,0.0
26-34 Years Old:Yes,1,1,1.0
26-34 Years Old:Yes,0,0,0.0
26-34 Years Old:Yes,0,0,0.0
26-34 Years Old:Yes,0,0,0.0
26-34 Years Old:Yes,1,1,1.0
26-34 Years Old:Yes,0,0,1.012917801493512e-302
26-34 Years Old:Yes,0,0,3.4135081503691026e-119
26-34 Years Old:Yes,0,0,0.0
26-34 Years Old:Yes,0,0,4.56208832111779e-304
26-34 Years Old:Yes,0,0,3.98332408172624e-206
26-34 Years Old:Yes,0,0,0.0
26-34 Years Old:Yes,0,0,7.902435611381641e-278
26-34 Years Old:Yes,0,0,0.0
26-34 Years Old:Yes,0,0,3.704248686129733e-216
26-34 Years Old:Yes,0,0,0.0
26-34 Years Old:Yes,0,0,2.4536599530291624e-73
26-34 Years Old:Yes,1,0,0.0
26-34 Years Old:Yes,1,0,2.026836405690713e-44
26-34 Years Old:Yes,0,0,0.0
26-34 Years Old:Yes,1,0,9.512506746708344e-220
26-34 Years Old:Yes,0,0,0.0
26-34 Years Old:Yes,0,0,1.5406386540467396e-110
26-34 Years Old:Yes,1,0,5.306162741406121e-187
26-34 Years Old:Yes,0,1,1.0
26-34 Years Old:Yes,0,0,2.9842523165472775e-277
26-34 Years Old:Yes,0,0,0.0
26-34 Years Old:Yes,0,0,2.3278242668689703e-239
26-34 Years Old:Yes,0,0,0.0
26-34 Years Old:Yes,0,0,2.4894987044488616e-75
26-34 Years Old:Yes,0,0,1.0874048084862663e-290
26-34 Years Old:Yes,1,0,3.7415574245633576e-269
26-34 Years Old:Yes,0,0,0.0
26-34 Years Old:Yes,0,1,1.0
26-34 Years Old:Yes,0,0,0.0
26-34 Years Old:Yes,0,0,2.7138517082024587e-210
26-34 Years Old:Yes,0,1,1.0
26-34 Years Old:Yes,1,0,8.57987547115143e-87
26-34 Years Old:Yes,1,1,1.0
26-34 Years Old:Yes,1,0,0.0
26-34 Years Old:Yes,0,0,0.0
26-34 Years Old:Yes,0,0,0.0
26-34 Years Old:Yes,0,0,0.0
26-34 Years Old:Yes,0,0,1.0358865007453266e-294
26-34 Years Old:Yes,0,1,1.0
26-34 Years Old:Yes,0,0,9.873849006644347e-271
26-34 Years Old:Yes,0,0,3.097735535434287e-208
26-34 Years Old:Yes,0,0,0.0
26-34 Years Old:Yes,0,0,0.0
26-34 Years Old:Yes,0,0,0.0
26-34 Years Old:Yes,1,0,1.0674266237609107e-183
26-34 Years Old:Yes,0,0,0.0
26-34 Years Old:Yes,1,0,1.1642253118491856e-284
26-34 Years Old:Yes,0,0,0.0
26-34 Years Old:Yes,0,0,1.4828312875989365e-158
26-34 Years Old:Yes,1,0,1.7299794299777341e-268
26-34 Years Old:Yes,1,1,1.0
26-34 Years Old:Yes,0,0,0.0
26-34 Years Old:Yes,1,0,1.1283792928238448e-213
26-34 Years Old:Yes,1,0,1.5569005812486732e-97
26-34 Years Old:Yes,1,0,4.575961463502639e-184
26-34 Years Old:Yes,1,1,1.0
26-34 Years Old:Yes,0,0,0.0
26-34 Years Old:Yes,0,0,4.971606198433875e-233
26-34 Years Old:Yes,0,0,0.0
26-34 Years Old:Yes,0,0,0.0
26-34 Years Old:Yes,1,1,1.0
26-34 Years Old:Yes,0,0,8.223675209883865e-174
26-34 Years Old:Yes,0,0,0.0
26-34 Years Old:Yes,0,0,0.0
26-34 Years Old:Yes,1,0,0.0
26-34 Years Old:Yes,1,0,1.7475930514055829e-74
26-34 Years Old:Yes,0,0,1.2316731243255221e-275
26-34 Years Old:Yes,0,0,0.0
26-34 Years Old:Yes,0,0,0.0
26-34 Years Old:Yes,0,0,2.302625444713738e-47
26-34 Years Old:Yes,0,0,0.0
26-34 Years Old:Yes,0,0,0.0
26-34 Years Old:Yes,0,0,0.0
26-34 Years Old:Yes,0,0,0.0
26-34 Years Old:Yes,0,0,2.3144464685869007e-146
26-34 Years Old:Yes,1,0,1.4845578645813336e-296
26-34 Years Old:Yes,0,0,0.0
26-34 Years Old:Yes,0,0,0.0
26-34 Years Old:Yes,0,0,0.0
26-34 Years Old:Yes,1,0,4.10937761507659e-76
26-34 Years Old:Yes,0,0,0.0
26-34 Years Old:Yes,0,0,0.0
26-34 Years Old:Yes,0,0,6.693870482265729e-262
26-34 Years Old:Yes,1,0,2.1067306350600706e-195
26-34 Years Old:Yes,0,0,0.0
26-34 Years Old:Yes,1,0,4.338367838541651e-306
26-34 Years Old:Yes,1,1,1.0
26-34 Years Old:Yes,0,0,1.1395491479303967e-49
26-34 Years Old:Yes,0,0,0.0
26-34 Years Old:Yes,1,0,0.0
26-34 Years Old:Yes,0,0,0.0
26-34 Years Old:Yes,1,0,3.6688957900252717e-47
26-34 Years Old:Yes,1,0,0.0
26-34 Years Old:Yes,0,0,0.0
26-34 Years Old:Yes,0,0,0.0
26-34 Years Old:Yes,0,1,1.0
26-34 Years Old:Yes,1,1,1.0
26-34 Years Old:Yes,0,0,5.067309321851368e-98
26-34 Years Old:Yes,0,1,1.0
26-34 Years Old:Yes,1,1,1.0
26-34 Years Old:Yes,0,0,0.0
26-34 Years Old:Yes,1,0,0.0
26-34 Years Old:Yes,0,0,7.030637044212729e-165
26-34 Years Old:Yes,1,0,5.60969923696487e-133
26-34 Years Old:Yes,1,0,9.23989717830349e-10
26-34 Years Old:Yes,1,0,0.0
26-34 Years Old:Yes,0,0,0.0
26-34 Years Old:Yes,0,0,8.386535849224922e-11
26-34 Years Old:Yes,1,1,0.7425819776975354
26-34 Years Old:Yes,1,0,5.067303259589252e-188
26-34 Years Old:Yes,0,0,3.243053931774323e-234
26-34 Years Old:Yes,0,0,0.0
26-34 Years Old:Yes,0,0,0.0
26-34 Years Old:Yes,0,0,0.0
26-34 Years Old:Yes,0,0,0.0
26-34 Years Old:Yes,0,0,3.3404013852166715e-292
26-34 Years Old:Yes,0,0,1.3943931767242877e-267
26-34 Years Old:Yes,0,0,0.0
26-34 Years Old:Yes,1,0,1.745259499160385e-251
26-34 Years Old:Yes,0,0,2.4403385114158076e-27
26-34 Years Old:Yes,1,0,8.894840555096425e-128
26-34 Years Old:Yes,0,1,1.0
26-34 Years Old:Yes,0,0,2.0965838778819532e-88
26-34 Years Old:Yes,0,0,6.14134676261193e-287
26-34 Years Old:Yes,1,1,1.0
26-34 Years Old:Yes,1,1,1.0
26-34 Years Old:Yes,0,0,0.0
26-34 Years Old:Yes,0,0,0.0
26-34 Years Old:Yes,0,0,0.0
26-34 Years Old:Yes,0,0,2.2612560531512913e-67
26-34 Years Old:Yes,0,0,0.0
26-34 Years Old:Yes,0,0,8.632900528615698e-162
26-34 Years Old:Yes,1,0,0.0
26-34 Years Old:Yes,1,0,7.328430997811393e-193
26-34 Years Old:Yes,0,0,0.0
26-34 Years Old:Yes,0,0,2.171156399958668e-256
26-34 Years Old:Yes,0,0,0.0
26-34 Years Old:Yes,0,0,4.112821822678181e-293
26-34 Years Old:Yes,0,0,0.0
26-34 Years Old:Yes,1,0,0.0
26-34 Years Old:Yes,0,1,1.0
26-34 Years Old:Yes,0,0,6.714502858014539e-95
26-34 Years Old:Yes,0,0,3.256058573949153e-308
26-34 Years Old:Yes,0,0,0.0
26-34 Years Old:Yes,1,0,0.0
26-34 Years Old:Yes,1,0,0.0
26-34 Years Old:Yes,1,0,0.0
26-34 Years Old:Yes,1,0,1.4872293666541555e-87
26-34 Years Old:Yes,0,0,0.0
26-34 Years Old:Yes,0,0,4.650437277266567e-148
26-34 Years Old:Yes,0,1,1.0
26-34 Years Old:Yes,0,0,2.642712118732666e-227
26-34 Years Old:Yes,0,0,9.12036655136973e-93
26-34 Years Old:Yes,0,0,0.0
26-34 Years Old:Yes,1,0,3.3809782224583223e-212
26-34 Years Old:Yes,1,0,1.0605867587005227e-101
26-34 Years Old:Yes,0,0,0.0
26-34 Years Old:Yes,0,0,0.0
26-34 Years Old:Yes,0,0,0.0
26-34 Years Old:Yes,1,0,0.0
26-34 Years Old:Yes,0,0,3.5748292296035515e-86
26-34 Years Old:Yes,0,1,1.0
26-34 Years Old:Yes,1,0,0.0
26-34 Years Old:Yes,0,0,5.249549101896277e-203
26-34 Years Old:Yes,0,0,1.7921289817105728e-34
26-34 Years Old:Yes,0,0,0.0
26-34 Years Old:Yes,0,0,8.82051047900797e-167
26-34 Years Old:Yes,0,0,0.0
26-34 Years Old:Yes,1,0,8.660562074819391e-177
26-34 Years Old:Yes,1,0,0.0
26-34 Years Old:Yes,1,0,1.0506516565430901e-120
26-34 Years Old:Yes,1,0,3.9557727114588727e-107
26-34 Years Old:Yes,0,0,0.0
26-34 Years Old:Yes,0,0,8.174944829257808e-160
26-34 Years Old:Yes,0,0,0.0
26-34 Years Old:Yes,1,0,1.7036339746841102e-15
26-34 Years Old:Yes,0,1,1.0
26-34 Years Old:Yes,1,0,0.0
26-34 Years Old:Yes,1,0,0.0
26-34 Years Old:Yes,0,0,0.0
26-34 Years Old:Yes,1,0,3.4006976980753466e-280
26-34 Years Old:Yes,0,0,5.075550013865061e-291
26-34 Years Old:Yes,0,0,0.0
26-34 Years Old:Yes,1,0,0.0
26-34 Years Old:Yes,0,0,0.0
26-34 Years Old:Yes,0,0,0.0
26-34 Years Old:Yes,0,0,0.0
26-34 Years Old:Yes,0,0,0.0
26-34 Years Old:Yes,0,0,0.0
26-34 Years Old:Yes,0,0,0.0
26-34 Years Old:Yes,0,0,3.2701430802544467e-214
26-34 Years Old:Yes,0,1,1.0
26-34 Years Old:Yes,1,0,2.444295027506668e-38
26-34 Years Old:Yes,0,0,0.0
26-34 Years Old:Yes,1,0,6.601676080053352e-115
26-34 Years Old:Yes,0,0,0.0
26-34 Years Old:Yes,1,0,0.0
26-34 Years Old:Yes,0,0,0.0
26-34 Years Old:Yes,0,0,5.357996133877903e-280
26-34 Years Old:Yes,0,0,0.0
26-34 Years Old:Yes,0,0,1.711667381202813e-118
26-34 Years Old:Yes,1,0,0.0
26-34 Years Old:Yes,0,0,0.0
26-34 Years Old:Yes,0,0,0.0
26-34 Years Old:Yes,1,0,4.5475748619650427e-66
26-34 Years Old:Yes,0,0,0.0
26-34 Years Old:Yes,1,0,2.5376168718246084e-222
26-34 Years Old:Yes,0,0,1.21515182502508e-174
26-34 Years Old:Yes,0,0,0.0
26-34 Years Old:Yes,0,0,0.0
26-34 Years Old:Yes,0,0,0.0
26-34 Years Old:Yes,0,0,2.096263742359463e-124
26-34 Years Old:Yes,0,0,4.025297295012591e-273
26-34 Years Old:Yes,0,0,0.0
26-34 Years Old:Yes,0,0,3.962665438076679e-158
26-34 Years Old:Yes,0,0,0.0
26-34 Years Old:Yes,0,0,4.289333224232605e-277
26-34 Years Old:Yes,0,0,0.0
26-34 Years Old:Yes,1,1,1.0
26-34 Years Old:Yes,0,0,3.8604308303407027e-243
26-34 Years Old:Yes,0,0,0.0
26-34 Years Old:Yes,0,0,0.0
26-34 Years Old:Yes,1,0,2.5294686383479578e-151
26-34 Years Old:Yes,0,0,0.0
26-34 Years Old:Yes,0,0,0.0
26-34 Years Old:Yes,0,0,0.0
26-34 Years Old:Yes,1,0,1.1224173181977682e-255
26-34 Years Old:Yes,0,0,0.0
26-34 Years Old:Yes,1,0,1.8457252257106363e-120
26-34 Years Old:Yes,0,0,0.0
26-34 Years Old:Yes,0,0,0.0
26-34 Years Old:Yes,0,0,3.449421108080918e-30
26-34 Years Old:Yes,0,0,1.6095276465956995e-190
26-34 Years Old:Yes,0,0,0.0
26-34 Years Old:Yes,0,0,1.1436622843591986e-266
26-34 Years Old:Yes,1,0,9.880826503755736e-220
26-34 Years Old:Yes,1,0,2.0376765253289632e-274
26-34 Years Old:Yes,0,0,1.627692542385998e-170
26-34 Years Old:Yes,1,1,1.0
26-34 Years Old:Yes,0,0,0.0
26-34 Years Old:Yes,0,0,4.051891247227688e-255
26-34 Years Old:Yes,1,0,0.0
26-34 Years Old:Yes,1,0,0.0
26-34 Years Old:Yes,1,1,1.0
26-34 Years Old:Yes,0,0,0.0
26-34 Years Old:Yes,1,0,0.0
26-34 Years Old:Yes,0,0,0.0
26-34 Years Old:Yes,0,0,0.0
26-34 Years Old:Yes,1,0,0.0
26-34 Years Old:Yes,0,0,0.0
26-34 Years Old:Yes,0,0,1.6024428277525887e-143
26-34 Years Old:Yes,0,0,3.9641095915918307e-144
26-34 Years Old:Yes,0,0,0.0
26-34 Years Old:Yes,0,0,0.0
26-34 Years Old:Yes,0,0,0.0
26-34 Years Old:Yes,0,0,7.811004879203959e-164
26-34 Years Old:Yes,0,0,0.0
26-34 Years Old:Yes,1,0,0.0
26-34 Years Old:Yes,0,0,0.0
26-34 Years Old:Yes,0,0,1.303328826979402e-224
26-34 Years Old:Yes,0,0,0.0
26-34 Years Old:Yes,1,0,5.976098548090581e-58
26-34 Years Old:Yes,0,0,0.0
26-34 Years Old:Yes,0,0,2.4124786967756642e-145
26-34 Years Old:Yes,0,0,0.0
26-34 Years Old:Yes,1,0,5.236906209536122e-85
26-34 Years Old:Yes,1,0,0.0
26-34 Years Old:Yes,0,0,4.291398064046597e-223
26-34 Years Old:Yes,0,0,2.1873346732376514e-278
26-34 Years Old:Yes,0,0,1.762488720383233e-224
26-34 Years Old:Yes,0,0,0.0
26-34 Years Old:Yes,0,0,5.121112325721793e-227
26-34 Years Old:Yes,1,1,1.0
26-34 Years Old:Yes,0,1,1.0
26-34 Years Old:Yes,1,0,2.3782871520259593e-05
26-34 Years Old:Yes,0,0,0.0
26-34 Years Old:Yes,0,0,0.0
26-34 Years Old:Yes,1,0,1.530964491143142e-197
26-34 Years Old:Yes,0,0,0.0
26-34 Years Old:Yes,0,0,0.0
26-34 Years Old:Yes,1,1,1.0
26-34 Years Old:Yes,1,0,0.0
26-34 Years Old:Yes,0,0,0.0
26-34 Years Old:Yes,0,0,5.3916784000710414e-158
26-34 Years Old:Yes,0,0,0.0
26-34 Years Old:Yes,1,0,1.4729615688744138e-82
26-34 Years Old:Yes,0,0,1.0610816488108411e-107
26-34 Years Old:Yes,0,0,2.2608047749577936e-45
26-34 Years Old:Yes,1,0,8.034376454735477e-272
26-34 Years Old:Yes,0,0,0.0
26-34 Years Old:Yes,0,0,0.0
26-34 Years Old:Yes,0,0,0.0
26-34 Years Old:Yes,0,0,0.0
26-34 Years Old:Yes,0,0,0.0
26-34 Years Old:Yes,0,0,1.773536063054801e-166
26-34 Years Old:Yes,0,1,1.0
26-34 Years Old:Yes,0,0,0.0
26-34 Years Old:Yes,1,0,1.9723968958333112e-39
26-34 Years Old:Yes,0,0,0.0
26-34 Years Old:Yes,0,0,0.0
26-34 Years Old:Yes,1,0,8.590179838490384e-291
26-34 Years Old:Yes,1,0,4.716896769433722e-145
26-34 Years Old:Yes,0,0,1.3836047119723142e-47
26-34 Years Old:Yes,0,0,0.0
26-34 Years Old:Yes,0,0,1.585964940218956e-295
26-34 Years Old:Yes,0,0,0.0
26-34 Years Old:Yes,1,0,1.6649303219276094e-128
26-34 Years Old:Yes,0,0,0.0
26-34 Years Old:Yes,0,1,1.0
26-34 Years Old:Yes,1,0,1.4085786286429684e-217
26-34 Years Old:Yes,0,0,0.0
26-34 Years Old:Yes,0,0,0.0
26-34 Years Old:Yes,1,0,0.0
26-34 Years Old:Yes,0,0,0.0
26-34 Years Old:Yes,0,0,3.62939689070615e-212
26-34 Years Old:Yes,0,0,0.0
26-34 Years Old:Yes,0,0,4.214649364937629e-157
26-34 Years Old:Yes,1,0,5.255546059167392e-13
26-34 Years Old:Yes,0,0,0.0
26-34 Years Old:Yes,0,0,0.0
26-34 Years Old:Yes,0,0,0.0
26-34 Years Old:Yes,1,0,3.1023184228282285e-294
26-34 Years Old:Yes,0,0,0.0
26-34 Years Old:Yes,0,0,0.0
26-34 Years Old:Yes,0,0,3.465562246667067e-287
26-34 Years Old:Yes,0,0,0.0
26-34 Years Old:Yes,0,0,0.0
26-34 Years Old:Yes,0,0,0.0
26-34 Years Old:Yes,0,0,3.471627162764651e-98
26-34 Years Old:Yes,0,0,0.0
26-34 Years Old:Yes,0,0,1.0855105351929316e-264
26-34 Years Old:Yes,0,0,0.0
26-34 Years Old:Yes,0,0,0.0
26-34 Years Old:Yes,0,0,7.900333503746872e-178
26-34 Years Old:Yes,0,0,6.115130206402896e-261
26-34 Years Old:Yes,1,0,6.009585890157111e-161
26-34 Years Old:Yes,0,0,0.0
26-34 Years Old:Yes,0,0,1.3806663275224146e-186
26-34 Years Old:Yes,0,0,0.0
26-34 Years Old:Yes,0,0,0.0
26-34 Years Old:Yes,0,0,0.0
26-34 Years Old:Yes,0,0,0.0
26-34 Years Old:Yes,0,0,8.305602135867541e-206
26-34 Years Old:Yes,0,0,0.0
26-34 Years Old:Yes,0,0,7.921143028630185e-116
26-34 Years Old:Yes,0,0,0.0
26-34 Years Old:Yes,0,0,0.0
26-34 Years Old:Yes,0,0,0.0
26-34 Years Old:Yes,0,1,1.0
26-34 Years Old:Yes,1,0,0.0
26-34 Years Old:Yes,1,0,2.996529295292773e-90
26-34 Years Old:Yes,1,0,0.0
26-34 Years Old:Yes,1,1,1.0
26-34 Years Old:Yes,1,0,2.511937356357903e-299
26-34 Years Old:Yes,0,0,0.0
26-34 Years Old:Yes,1,0,2.2877343156022456e-302
26-34 Years Old:Yes,0,0,2.6807000138555556e-204
26-34 Years Old:Yes,0,0,0.0
26-34 Years Old:Yes,1,0,3.7636115810058933e-146
26-34 Years Old:Yes,1,0,8.957038738439619e-223
26-34 Years Old:Yes,0,0,0.0
26-34 Years Old:Yes,0,0,0.0
26-34 Years Old:Yes,1,0,7.343433581873571e-298
26-34 Years Old:Yes,0,0,0.0
26-34 Years Old:Yes,0,0,0.0
26-34 Years Old:Yes,0,0,4.6944217811789465e-150
26-34 Years Old:Yes,1,0,2.3513256308656568e-181
26-34 Years Old:Yes,1,0,0.0
26-34 Years Old:Yes,0,0,0.0
26-34 Years Old:Yes,0,0,0.0
26-34 Years Old:Yes,0,0,0.0
26-34 Years Old:Yes,0,0,0.0
26-34 Years Old:Yes,0,0,0.0
26-34 Years Old:Yes,0,0,1.8864732215976838e-29
26-34 Years Old:Yes,0,0,3.4725291316109663e-87
26-34 Years Old:Yes,0,0,3.3110327367277375e-277
26-34 Years Old:Yes,1,0,7.552369191694655e-264
26-34 Years Old:Yes,0,1,0.9999999999998437
26-34 Years Old:Yes,0,0,6.621267817150429e-75
26-34 Years Old:Yes,0,0,0.0
26-34 Years Old:Yes,0,0,2.4743494475876337e-104
26-34 Years Old:Yes,1,0,0.0
26-34 Years Old:Yes,0,0,0.0
26-34 Years Old:Yes,0,0,0.0
26-34 Years Old:Yes,1,0,5.969317997568596e-94
26-34 Years Old:Yes,0,0,0.0
26-34 Years Old:Yes,0,0,0.0
26-34 Years Old:Yes,0,0,0.0
26-34 Years Old:Yes,0,0,1.023634210095385e-18
26-34 Years Old:Yes,0,0,0.0
26-34 Years Old:Yes,0,0,0.0
26-34 Years Old:Yes,1,0,6.906557151825596e-208
26-34 Years Old:Yes,0,0,0.0
26-34 Years Old:Yes,1,0,0.0
26-34 Years Old:Yes,0,0,0.0
26-34 Years Old:Yes,0,0,2.2006591105002326e-188
26-34 Years Old:Yes,0,0,0.0
26-34 Years Old:Yes,1,0,5.82908834325961e-264
26-34 Years Old:Yes,0,0,5.761858063684394e-218
26-34 Years Old:Yes,0,0,0.0
26-34 Years Old:Yes,0,0,6.005705780500182e-191
26-34 Years Old:Yes,0,0,1.1291777207290142e-254
26-34 Years Old:Yes,0,0,1.0330213425235824e-135
26-34 Years Old:Yes,1,0,0.0
26-34 Years Old:Yes,0,0,0.0
26-34 Years Old:Yes,0,0,0.0
26-34 Years Old:Yes,0,0,0.0
26-34 Years Old:Yes,0,0,1.0055990595457203e-181
26-34 Years Old:Yes,0,0,5.19802627504538e-190
26-34 Years Old:Yes,1,0,0.0
26-34 Years Old:Yes,0,0,0.0
26-34 Years Old:Yes,0,0,0.0
26-34 Years Old:Yes,0,0,0.0
26-34 Years Old:Yes,0,0,1.1282369763086952e-292
