BMI:SPD,actual,predicted,score
Obesity:No,0,0,0.0
Obesity:No,0,0,0.0
Obesity:No,0,0,2.3721273889031e-204
Obesity:No,0,0,1.0424159857523066e-251
Obesity:No,0,0,0.0
Obesity:No,0,0,0.0
Obesity:No,0,0,1.0911344478397047e-262
Obesity:No,0,0,6.109760222159096e-184
Obesity:No,0,0,0.0
Obesity:No,0,0,2.8214741538341143e-255
Obesity:No,0,0,0.0
Obesity:No,0,0,2.3829690244517257e-264
Obesity:No,0,0,0.0
Obesity:No,0,0,2.3999212854933805e-252
Obesity:No,0,0,3.8897355778443815e-288
Obesity:No,0,0,0.0
Obesity:No,0,0,7.512166678966898e-147
Obesity:No,0,0,0.0
Obesity:No,0,0,0.0
Obesity:No,0,0,0.0
Obesity:No,0,0,0.0
Obesity:No,0,0,0.0
Obesity:No,0,0,0.0
Obesity:No,0,0,2.485851772684366e-101
Obesity:No,0,0,0.0
Obesity:No,0,0,0.0
Obesity:No,0,0,1.919760996307874e-255
Obesity:No,0,0,0.0
Obesity:No,0,0,0.0
Obesity:No,0,0,0.0
Obesity:No,0,0,1.5792120235551629e-264
Obesity:No,0,0,1.5503733723007085e-234
Obesity:No,0,0,2.0195366518827767e-108
Obesity:No,0,0,0.0
Obesity:No,0,0,0.0
Obesity:No,0,0,0.0
Obesity:No,0,0,0.0
Obesity:No,0,0,0.0
Obesity:No,0,0,5.56723234118773e-135
Obesity:No,0,0,1.1269495985101085e-207
Obesity:No,0,0,0.0
Obesity:No,0,0,4.1544995521625765e-260
Obesity:No,0,0,0.0
Obesity:No,0,0,0.0
Obesity:No,0,0,0.0
Obesity:No,0,0,0.0
Obesity:No,0,0,0.0
Obesity:No,0,0,0.0
Obesity:No,0,0,1.6698393378867215e-286
Obesity:No,0,0,0.0
Obesity:No,0,0,1.4501662975327758e-259
Obesity:No,0,0,1.999784008540825e-233
Obesity:No,0,0,0.0
Obesity:No,0,0,0.0
Obesity:No,0,0,1.1903839694168886e-192
Obesity:No,0,0,0.0
Obesity:No,0,0,1.259240559080308e-299
Obesity:No,0,0,7.93207162963058e-248
Obesity:No,0,0,2.2376610004482612e-277
Obesity:No,0,0,0.0
Obesity:No,0,0,0.0
Obesity:No,0,0,0.0
Obesity:No,0,0,0.0
Obesity:No,0,0,0.0
Obesity:No,1,0,0.0
Obesity:No,0,0,0.0
Obesity:No,0,0,0.0
Obesity:No,0,0,6.641866916324897e-85
Obesity:No,0,0,0.0
Obesity:No,0,0,0.0
Obesity:No,0,0,2.8684222401087633e-220
Obesity:No,0,0,0.0
Obesity:No,0,0,0.0
Obesity:No,0,0,4.9038603697294426e-241
Obesity:No,0,0,1.51802432397814e-279
Obesity:No,0,0,3.407483286279496e-197
Obesity:No,0,0,1.4623653822970612e-296
Obesity:No,0,0,0.0
Obesity:No,0,0,1.1967704358443956e-50
Obesity:No,0,0,0.0
Obesity:No,0,0,2.187755263375734e-290
Obesity:No,0,0,1.9644609679119796e-172
Obesity:No,0,0,0.0
Obesity:No,0,0,0.0
Obesity:No,0,0,0.0
Obesity:No,0,0,0.0
Obesity:No,0,0,3.1087084601522347e-292
Obesity:No,0,0,0.0
Obesity:No,0,0,0.0
Obesity:No,0,0,2.097223984249312e-165
Obesity:No,0,0,0.0
Obesity:No,0,0,5.848519192238007e-125
Obesity:No,0,0,0.0
Obesity:No,0,0,4.217178672555103e-263
Obesity:No,0,0,0.0
Obesity:No,0,0,3.028381742601454e-243
Obesity:No,0,0,1.1396006943859114e-178
Obesity:No,0,0,0.0
Obesity:No,0,0,0.0
Obesity:No,0,0,2.1596732822389388e-300
Obesity:No,0,0,1.8447164439919662e-280
Obesity:No,0,0,1.1436973701264513e-242
Obesity:No,0,0,0.0
Obesity:No,0,0,0.0
Obesity:No,0,0,7.566118132622927e-197
Obesity:No,0,0,0.0
Obesity:No,1,0,2.6414924326192606e-205
Obesity:No,0,0,0.0
Obesity:No,0,0,3.6118954629420723e-212
Obesity:No,0,0,1.8339119439476477e-203
Obesity:No,0,0,7.729884889160892e-273
Obesity:No,0,0,0.0
Obesity:No,0,0,0.0
Obesity:No,0,0,2.0765172974252577e-121
Obesity:No,0,0,0.0
Obesity:No,0,0,0.0
Obesity:No,0,0,1.1528940178085628e-192
Obesity:No,0,0,0.0
Obesity:No,0,0,0.0
Obesity:No,0,0,2.299551610639603e-302
Obesity:No,0,0,0.0
Obesity:No,0,0,0.0
Obesity:No,0,0,9.78415230906872e-246
Obesity:No,0,0,0.0
Obesity:No,0,0,0.0
Obesity:No,0,0,2.5670239668663796e-296
Obesity:No,0,0,5.496474510132278e-227
Obesity:No,0,0,3.2962398329096513e-287
Obesity:No,0,0,0.0
Obesity:No,0,0,0.0
Obesity:No,0,0,1.976084320648429e-203
Obesity:No,0,0,1.197140473700718e-111
Obesity:No,0,0,0.0
Obesity:No,0,0,0.0
Obesity:No,0,0,4.410425691201677e-163
Obesity:No,0,0,2.981416934461624e-300
Obesity:No,0,0,0.0
Obesity:No,0,0,1.826585723113674e-112
Obesity:No,0,0,0.0
Obesity:No,0,0,2.897385310994418e-296
Obesity:No,0,0,0.0
Obesity:No,0,0,7.770589512760281e-281
Obesity:No,0,0,0.0
Obesity:No,0,0,1.6962729895598976e-143
Obesity:No,0,0,1.8659630155034633e-191
Obesity:No,0,0,0.0
Obesity:No,1,0,2.9404150784037243e-188
Obesity:No,0,0,1.1253876817134299e-300
Obesity:No,0,0,0.0
Obesity:No,0,0,0.0
Obesity:No,0,0,2.0119437480739013e-117
Obesity:No,0,0,0.0
Obesity:No,0,0,0.0
Obesity:No,0,0,0.0
Obesity:No,0,0,1.3165165356464105e-239
Obesity:No,0,0,0.0
Obesity:No,0,0,0.0
Obesity:No,0,0,2.9163245827872044e-72
Obesity:No,0,0,0.0
Obesity:No,0,0,1.2487053293251929e-276
Obesity:No,0,0,0.0
Obesity:No,0,0,0.0
Obesity:No,0,0,1.0339955448749415e-302
Obesity:No,0,0,0.0
Obesity:No,0,0,2.7089317526554293e-298
Obesity:No,0,0,0.0
Obesity:No,1,0,1.6102441323274597e-231
Obesity:No,0,0,0.0
Obesity:No,0,0,5.072385099385506e-141
Obesity:No,0,0,1.969932910219389e-224
Obesity:No,0,0,0.0
Obesity:No,0,0,0.0
Obesity:No,0,0,0.0
Obesity:No,0,0,0.0
Obesity:No,0,0,2.128839685984582e-133
Obesity:No,0,0,0.0
Obesity:No,0,0,0.0
Obesity:No,0,0,0.0
Obesity:No,0,0,1.545486096090977e-196
Obesity:No,0,0,0.0
Obesity:No,0,0,0.0
Obesity:No,0,0,0.0
Obesity:No,0,0,0.0
Obesity:No,0,0,0.0
Obesity:No,0,0,0.0
Obesity:No,0,0,4.2510252171330495e-270
Obesity:No,0,0,0.0
Obesity:No,0,0,2.4589894843830558e-203
Obesity:No,0,0,0.0
Obesity:No,0,0,2.4425369727846987e-245
Obesity:No,0,0,1.0854070787209502e-257
Obesity:No,0,0,1.6535597907820213e-247
Obesity:No,0,0,2.5557398581761587e-189
Obesity:No,0,0,8.3373760855842e-104
Obesity:No,0,0,0.0
Obesity:No,0,0,0.0
Obesity:No,0,0,0.0
Obesity:No,0,0,7.62917859680278e-254
Obesity:No,0,0,0.0
Obesity:No,0,0,0.0
Obesity:No,0,0,0.0
Obesity:No,0,0,0.0
Obesity:No,0,1,1.0
Obesity:No,0,0,8.451255954257992e-201
Obesity:No,1,0,5.291528712740156e-189
Obesity:No,0,0,3.507123638335774e-270
Obesity:No,0,0,0.0
Obesity:No,0,0,0.0
Obesity:No,0,0,0.0
Obesity:No,0,0,0.0
Obesity:No,0,0,0.0
Obesity:No,0,0,0.0
Obesity:No,0,0,5.45890530037152e-258
Obesity:No,0,0,0.0
Obesity:No,0,0,6.751151624249364e-263
Obesity:No,0,0,2.6115937604111672e-216
Obesity:No,0,0,0.0
Obesity:No,0,0,0.0
Obesity:No,0,0,1.1051225337938698e-183
Obesity:No,0,0,1.313314101589491e-248
Obesity:No,0,0,0.0
Obesity:No,0,0,0.0
Obesity:No,0,0,0.0
Obesity:No,0,0,0.0
Obesity:No,0,0,0.0
Obesity:No,0,0,3.984936956693183e-260
Obesity:No,0,0,0.0
Obesity:No,0,0,0.0
Obesity:No,0,0,0.0
Obesity:No,0,0,1.991420360510707e-210
Obesity:No,0,0,0.0
Obesity:No,1,0,0.0
Obesity:No,0,0,0.0
Obesity:No,0,0,7.37199649433424e-188
Obesity:No,0,0,7.681560179950388e-206
Obesity:No,0,0,0.0
Obesity:No,0,0,3.753052417424517e-227
Obesity:No,0,0,0.0
Obesity:No,0,0,0.0
Obesity:No,0,0,4.060924651693382e-292
Obesity:No,0,0,8.07988749216472e-139
Obesity:No,0,0,1.3816170722035326e-269
Obesity:No,0,0,0.0
Obesity:No,0,0,0.0
Obesity:No,0,0,1.0686414115802741e-165
Obesity:No,0,0,0.0
Obesity:No,0,0,4.404133118511766e-306
Obesity:No,0,0,0.0
Obesity:No,0,0,0.0
Obesity:No,0,0,0.0
Obesity:No,0,0,0.0
Obesity:No,0,0,0.0
Obesity:No,0,0,0.0
Obesity:No,0,0,0.0
Obesity:No,0,0,0.0
Obesity:No,0,0,0.0
Obesity:No,0,0,4.959408247112871e-276
Obesity:No,0,0,0.0
Obesity:No,0,0,0.0
Obesity:No,0,0,2.261999545331933e-199
Obesity:No,0,0,0.0
Obesity:No,0,0,0.0
Obesity:No,0,0,6.412407849893497e-111
Obesity:No,0,0,0.0
Obesity:No,0,0,0.0
Obesity:No,0,0,3.1946589830711677e-306
Obesity:No,0,0,0.0
Obesity:No,0,0,0.0
Obesity:No,0,0,0.0
Obesity:No,0,0,0.0
Obesity:No,0,0,4.206626007534003e-239
Obesity:No,0,0,0.0
Obesity:No,0,0,0.0
Obesity:No,0,0,0.0
Obesity:No,0,0,0.0
Obesity:No,0,0,0.0
Obesity:No,0,0,3.910784434282648e-185
Obesity:No,0,0,1.063258165754441e-301
Obesity:No,0,0,4.582425818960851e-272
Obesity:No,0,0,0.0
Obesity:No,0,0,6.0092541941992246e-136
Obesity:No,0,0,8.949052794852312e-212
Obesity:No,0,0,0.0
Obesity:No,0,0,0.0
Obesity:No,0,0,2.210890654970564e-50
Obesity:No,0,0,4.086741082366908e-226
Obesity:No,0,0,1.9207220201292222e-174
Obesity:No,0,0,0.0
Obesity:No,0,0,1.1151146733691692e-297
Obesity:No,0,0,0.0
Obesity:No,0,0,2.401895652433662e-294
Obesity:No,0,0,2.6963895334733508e-132
Obesity:No,1,0,1.324497862165834e-130
Obesity:No,0,0,0.0
Obesity:No,1,0,6.203844391738574e-175
Obesity:No,0,0,4.948051137767357e-145
Obesity:No,0,0,3.6410113477792945e-220
Obesity:No,0,0,0.0
Obesity:No,0,0,0.0
Obesity:No,0,0,0.0
Obesity:No,0,0,0.0
Obesity:No,0,0,2.861130753998565e-265
Obesity:No,0,0,0.0
Obesity:No,0,0,2.8164598543447976e-304
Obesity:No,0,1,1.0
Obesity:No,0,0,1.4376576043079331e-286
Obesity:No,1,0,0.0
Obesity:No,0,0,0.0
Obesity:No,0,0,0.0
Obesity:No,0,0,6.384666345618197e-252
Obesity:No,0,0,0.0
Obesity:No,0,0,0.0
Obesity:No,0,0,0.0
Obesity:No,0,0,0.0
Obesity:No,0,0,2.381019183255812e-208
Obesity:No,0,0,0.0
Obesity:No,0,0,0.0
Obesity:No,0,0,0.0
Obesity:No,0,0,7.151151490122032e-269
Obesity:No,0,0,0.0
Obesity:No,0,0,0.0
Obesity:No,0,0,0.0
Obesity:No,0,0,0.0
Obesity:No,0,0,9.49186585550781e-108
Obesity:No,0,0,0.0
Obesity:No,0,0,0.0
Obesity:No,0,0,3.29384585764923e-293
Obesity:No,0,0,3.035404657458261e-58
Obesity:No,0,0,0.0
Obesity:No,0,0,5.7550363312204965e-192
Obesity:No,0,0,3.835959764359658e-200
Obesity:No,0,0,0.0
Obesity:No,0,0,1.3454084770652756e-171
Obesity:No,0,0,0.0
Obesity:No,0,0,3.454963151143622e-21
Obesity:No,0,0,1.2399634006062158e-253
Obesity:No,0,0,0.0
Obesity:No,0,0,0.0
Obesity:No,0,0,0.0
Obesity:No,0,0,4.735515093940885e-83
Obesity:No,0,0,0.0
Obesity:No,0,0,2.776645023314268e-213
Obesity:No,0,0,0.0
Obesity:No,0,0,0.0
Obesity:No,0,0,2.8850394211337876e-247
Obesity:No,0,0,0.0
Obesity:No,0,0,4.4671083523714804e-307
Obesity:No,0,0,0.0
Obesity:No,0,0,0.0
Obesity:No,0,0,0.0
Obesity:No,0,0,0.0
Obesity:No,0,0,1.2239207053187652e-263
Obesity:No,0,0,0.0
Obesity:No,0,0,0.0
Obesity:No,0,0,0.0
Obesity:No,0,0,0.0
Obesity:No,1,0,1.6822912288793552e-260
Obesity:No,0,0,4.394542155451488e-164
Obesity:No,0,0,0.0
Obesity:No,0,0,2.297267111046107e-126
Obesity:No,1,0,1.0898477584521826e-162
Obesity:No,0,0,6.278345323301141e-206
Obesity:No,0,0,3.0688080857281844e-303
Obesity:No,0,0,6.661167138766356e-180
Obesity:No,0,0,0.0
Obesity:No,0,0,2.987636017475334e-119
Obesity:No,0,0,0.0
Obesity:No,0,0,0.0
Obesity:No,0,0,0.0
Obesity:No,0,0,3.475495463865417e-281
Obesity:No,0,0,5.586036880782009e-283
Obesity:No,0,0,0.0
Obesity:No,0,0,1.500757549492129e-111
Obesity:No,0,0,9.222980572177525e-282
Obesity:No,0,0,0.0
Obesity:No,1,0,0.0
Obesity:No,0,0,8.963587541120523e-201
Obesity:No,0,0,0.0
Obesity:No,0,0,0.0
Obesity:No,0,0,0.0
Obesity:No,1,0,9.407110153921582e-49
Obesity:No,0,0,2.06991406735047e-203
Obesity:No,0,0,3.835327724512977e-237
Obesity:No,0,0,0.0
Obesity:No,0,0,0.0
Obesity:No,0,0,0.0
Obesity:No,0,0,0.0
Obesity:No,0,0,0.0
Obesity:No,0,0,0.0
Obesity:No,0,0,1.9214814789466708e-247
Obesity:No,0,0,2.1149600347182074e-278
Obesity:No,0,0,1.2819469631439908e-269
Obesity:No,0,0,0.0
Obesity:No,0,0,0.0
Obesity:No,0,0,0.0
Obesity:No,0,0,0.0
Obesity:No,0,0,1.110580527813088e-307
Obesity:No,0,0,1.443942699784709e-247
Obesity:No,0,0,1.2745158123226633e-181
Obesity:No,0,0,0.0
Obesity:No,0,0,1.5018571813880602e-174
Obesity:No,0,0,0.0
Obesity:No,0,0,0.0
Obesity:No,0,0,0.0
Obesity:No,0,0,0.0
Obesity:No,0,0,0.0
Obesity:No,0,0,0.0
Obesity:No,0,0,0.0
Obesity:No,0,0,8.900511995196941e-208
Obesity:No,0,0,1.9075646343345742e-160
Obesity:No,0,0,2.899276942725344e-13
Obesity:No,0,0,0.0
Obesity:No,0,0,0.0
Obesity:No,0,0,0.0
Obesity:No,0,0,0.0
Obesity:No,0,0,7.758057570418178e-288
Obesity:No,0,0,7.38830277969105e-208
Obesity:No,0,0,3.4877300273322066e-125
Obesity:No,0,0,0.0
Obesity:No,0,0,0.0
Obesity:No,0,0,0.0
Obesity:No,0,0,0.0
Obesity:No,0,0,0.0
Obesity:No,0,0,0.0
Obesity:No,0,0,2.2565758761303825e-241
Obesity:No,0,0,0.0
Obesity:No,0,0,4.8918170397818044e-237
Obesity:No,1,0,0.0
Obesity:No,0,0,7.095016581733263e-108
Obesity:No,0,0,0.0
Obesity:No,0,0,0.0
Obesity:No,0,0,0.0
Obesity:No,0,0,4.612363962534596e-179
Obesity:No,0,0,1.2433324744280048e-240
Obesity:No,0,0,0.0
Obesity:No,0,0,0.0
Obesity:No,0,0,0.0
Obesity:No,0,0,3.9493984209943405e-206
Obesity:No,0,0,5.949360107663048e-209
Obesity:No,0,0,0.0
Obesity:No,0,0,0.0
Obesity:No,0,0,0.0
Obesity:No,1,0,4.13128452901263e-209
Obesity:No,0,0,0.0
Obesity:No,0,0,0.0
Obesity:No,0,0,1.039783937845434e-254
Obesity:No,0,0,8.79311128539559e-253
Obesity:No,0,0,0.0
Obesity:No,0,0,0.0
Obesity:No,0,0,2.71209891730933e-298
Obesity:No,0,0,1.2784332998814697e-197
Obesity:No,0,0,4.935424878747597e-90
Obesity:No,0,0,0.0
Obesity:No,0,0,0.0
Obesity:No,0,0,0.0
Obesity:No,0,0,0.0
Obesity:No,0,0,0.0
Obesity:No,0,0,3.147975638191464e-267
Obesity:No,0,0,0.0
Obesity:No,0,0,2.0432891885064094e-194
Obesity:No,0,0,0.0
Obesity:No,0,0,1.3622547102111525e-175
Obesity:No,0,0,0.0
Obesity:No,0,0,0.0
Obesity:No,0,0,0.0
Obesity:No,0,0,0.0
Obesity:No,0,0,5.45799826444032e-201
Obesity:No,0,0,9.570477971533132e-150
Obesity:No,0,0,3.081125954913263e-308
Obesity:No,0,0,0.0
Obesity:No,0,0,0.0
Obesity:No,0,0,0.0
Obesity:No,0,0,0.0
Obesity:No,0,0,0.0
Obesity:No,0,0,0.0
Obesity:No,0,0,0.0
Obesity:No,0,0,0.0
Obesity:No,0,0,0.0
Obesity:No,0,0,0.0
Obesity:No,1,1,1.0
Obesity:No,0,0,0.0
Obesity:No,0,0,4.053781034241239e-249
Obesity:No,0,0,7.503868375583825e-207
Obesity:No,0,0,0.0
Obesity:No,0,0,0.0
Obesity:No,0,0,0.0
Obesity:No,0,0,5.291322906722823e-234
Obesity:No,0,0,0.0
Obesity:No,0,0,0.0
Obesity:No,0,0,0.0
Obesity:No,0,0,0.0
Obesity:No,0,1,0.9999999999999174
Obesity:No,0,0,0.0
Obesity:No,0,0,4.6974478064838935e-119
Obesity:No,0,0,0.0
Obesity:No,0,0,0.0
Obesity:No,0,0,1.2359168563846875e-232
Obesity:No,0,0,0.0
Obesity:No,0,0,0.0
Obesity:No,0,0,2.5160204719455187e-261
Obesity:No,0,0,0.0
Obesity:No,0,0,0.0
Obesity:No,0,0,0.0
Obesity:No,0,0,0.0
Obesity:No,0,0,1.4896021024712949e-267
Obesity:No,0,0,0.0
Obesity:No,0,0,0.0
Obesity:No,0,0,0.0
Obesity:No,0,0,9.00266401888775e-247
Obesity:No,0,0,1.3867612602003546e-286
Obesity:No,0,0,0.0
Obesity:No,0,0,0.0
Obesity:No,0,0,0.0
Obesity:No,0,0,0.0
Obesity:No,0,0,2.2590263711727124e-259
Obesity:No,0,0,1.016363388855304e-305
Obesity:No,0,0,1.1775912448500188e-298
Obesity:No,0,0,0.0
Obesity:No,0,0,5.678717725806456e-217
Obesity:No,0,0,2.650631588066172e-282
Obesity:No,0,0,3.654164521718694e-306
Obesity:No,0,0,0.0
Obesity:No,0,0,7.696826416474788e-286
Obesity:No,0,0,0.0
Obesity:No,0,0,0.0
Obesity:No,0,0,3.6701244117920877e-301
Obesity:No,0,0,2.64762687096577e-127
Obesity:No,0,0,0.0
Obesity:No,0,0,0.0
Obesity:No,0,0,0.0
Obesity:No,0,0,6.044977639245161e-202
Obesity:No,0,0,1.7419966638124024e-237
Obesity:No,0,0,0.0
Obesity:No,0,0,9.366222978099798e-170
Obesity:No,0,0,0.0
Obesity:No,0,0,0.0
Obesity:No,1,0,0.0
Obesity:No,0,0,4.7800923337408914e-154
Obesity:No,0,0,0.0
Obesity:No,0,0,0.0
Obesity:No,0,0,0.0
Obesity:No,0,0,1.0744436607642055e-281
Obesity:No,0,0,2.4075013094286e-100
Obesity:No,0,0,0.0
Obesity:No,1,0,0.0
Obesity:No,0,0,0.0
Obesity:No,0,0,9.230437571215887e-93
Obesity:No,0,0,0.0
Obesity:No,0,0,0.0
Obesity:No,0,0,0.0
Obesity:No,0,0,0.0
Obesity:No,0,0,0.0
Obesity:No,0,0,0.0
Obesity:No,0,0,1.3259193732508688e-272
Obesity:No,0,0,3.473972865619309e-160
Obesity:No,0,0,5.6635647370305166e-145
Obesity:No,0,0,2.044402704708532e-191
Obesity:No,0,0,2.13495196976428e-74
Obesity:No,0,0,0.0
Obesity:No,0,0,0.0
Obesity:No,0,0,0.0
Obesity:No,0,0,1.6729032942904645e-289
Obesity:No,0,0,0.0
Obesity:No,0,0,0.0
Obesity:No,0,0,9.482710451625329e-265
Obesity:No,0,0,0.0
Obesity:No,0,0,1.2726596003146555e-270
Obesity:No,0,0,4.249751900136013e-299
Obesity:No,0,0,8.320811642339253e-250
Obesity:No,0,0,8.141256379949556e-182
Obesity:No,0,0,0.0
Obesity:No,0,0,0.0
Obesity:No,0,0,0.0
Obesity:No,0,0,0.0
Obesity:No,0,0,9.450747161464885e-236
Obesity:No,0,0,9.34555735636345e-230
Obesity:No,1,1,1.0
Obesity:No,0,0,2.647773255909414e-272
Obesity:No,0,0,0.0
Obesity:No,0,0,3.5907712836796606e-246
Obesity:No,0,0,0.0
Obesity:No,0,0,0.0
Obesity:No,0,0,9.380255806398589e-265
Obesity:No,0,0,0.0
Obesity:No,0,0,2.1562124291991116e-161
Obesity:No,0,0,0.0
Obesity:No,0,0,0.0
Obesity:No,0,0,0.0
Obesity:No,0,0,0.0
Obesity:No,0,0,0.0
Obesity:No,0,0,4.039323776370974e-229
Obesity:No,0,0,2.1655321971698215e-202
Obesity:No,0,0,1.3173884547236091e-236
Obesity:No,0,0,0.0
Obesity:No,0,0,0.0
Obesity:No,0,0,0.0
Obesity:No,0,0,0.0
Obesity:No,0,0,1.4704876490534222e-223
Obesity:No,0,0,0.0
Obesity:No,0,0,9.3915541712593e-164
Obesity:No,0,0,3.319383237590857e-295
Obesity:No,0,0,0.0
Obesity:No,0,0,1.3555453909198818e-291
Obesity:No,0,0,0.0
Obesity:No,0,0,2.748388307977917e-53
Obesity:No,1,0,4.931513769115854e-244
Obesity:No,0,0,0.0
Obesity:No,0,0,6.94623065628242e-169
Obesity:No,0,0,0.0
Obesity:No,0,0,1.3046370656604093e-307
Obesity:No,0,0,1.060956578835905e-125
Obesity:No,0,0,0.0
Obesity:No,0,0,0.0
Obesity:No,0,0,5.582143439584051e-148
Obesity:No,0,0,1.9307707488317294e-308
Obesity:No,0,0,0.0
Obesity:No,0,0,0.0
Obesity:No,0,0,0.18618167835351665
Obesity:No,0,0,0.0
Obesity:No,0,0,4.32852553951273e-180
Obesity:No,0,0,0.0
Obesity:No,0,0,0.0
Obesity:No,0,0,0.0
Obesity:No,0,0,0.0
Obesity:No,0,0,2.1076059735446182e-302
Obesity:No,0,0,1.2214495658436352e-242
Obesity:No,0,0,4.0758121834830445e-293
Obesity:No,0,0,5.538553549849067e-159
Obesity:No,0,0,9.706349956560053e-307
Obesity:No,0,0,7.066400100851196e-259
Obesity:No,0,0,0.0
Obesity:No,0,0,0.0
Obesity:No,0,0,1.3972009612926276e-230
Obesity:No,0,0,0.0
Obesity:No,0,0,4.771793826029782e-154
Obesity:No,0,0,0.0
Obesity:No,0,0,7.095270704607657e-261
Obesity:No,0,0,8.520625995379279e-253
Obesity:No,0,0,5.137647998926677e-300
Obesity:No,0,0,1.2623378107953809e-285
Obesity:No,0,0,1.3625432290940287e-112
Obesity:No,0,0,0.0
Obesity:No,0,0,3.163525365029119e-283
Obesity:No,0,0,0.0
Obesity:No,0,0,1.99236144954598e-295
Obesity:No,0,0,0.0
Obesity:No,0,0,4.306913503571846e-44
Obesity:No,0,0,0.0
Obesity:No,0,0,2.0633147034378803e-151
Obesity:No,0,0,0.0
Obesity:No,0,0,0.0
Obesity:No,0,0,0.0
Obesity:No,0,0,0.0
Obesity:No,0,0,0.0
Obesity:No,0,0,0.0
Obesity:No,0,0,8.092958492795414e-145
Obesity:No,0,0,0.0
Obesity:No,0,0,1.5174631323661838e-175
Obesity:No,0,0,0.0
Obesity:No,0,0,3.094143777588908e-172
Obesity:No,0,0,1.351180035895853e-66
Obesity:No,0,0,0.0
Obesity:No,0,0,0.0
Obesity:No,0,0,3.70336004836551e-293
Obesity:No,0,0,0.0
Obesity:No,0,0,0.0
Obesity:No,0,0,0.0
Obesity:No,0,0,0.0
Obesity:No,0,0,0.0
Obesity:No,0,0,0.0
Obesity:No,0,0,0.0
Obesity:No,0,0,5.6099914529070264e-306
Obesity:No,0,0,3.4061993141439305e-190
Obesity:No,0,0,0.0
Obesity:No,0,0,0.0
Obesity:No,0,0,0.0
Obesity:No,0,0,0.0
Obesity:No,0,0,2.777222042091094e-193
Obesity:No,0,1,1.0
Obesity:No,0,0,0.0
Obesity:No,0,0,4.743762473244808e-277
Obesity:No,0,0,0.0
Obesity:No,0,0,1.5346882725529634e-205
Obesity:No,0,0,0.0
Obesity:No,0,0,2.960042824695351e-237
Obesity:No,0,0,0.0
Obesity:No,0,0,2.9736992898317383e-279
Obesity:No,0,0,0.0
Obesity:No,0,0,0.0
Obesity:No,0,0,0.0
Obesity:No,0,0,0.0
Obesity:No,0,0,0.0
Obesity:No,0,0,0.0
Obesity:No,0,0,0.0
Obesity:No,0,0,0.0
Obesity:No,0,0,0.0
Obesity:No,0,0,0.0
Obesity:No,0,0,0.0
Obesity:No,0,0,0.0
Obesity:No,0,0,4.441255597648985e-47
Obesity:No,0,0,8.132676520548982e-35
Obesity:No,0,0,4.87672806859158e-299
Obesity:No,0,0,1.5101504356020427e-214
Obesity:No,0,0,4.444625723296611e-142
Obesity:No,0,0,0.0
Obesity:No,0,0,0.0
Obesity:No,0,0,0.0
Obesity:No,0,0,0.0
Obesity:No,0,0,1.2201099243921748e-301
Obesity:No,0,0,0.0
Obesity:No,0,0,0.0
Obesity:No,0,0,0.0
Obesity:No,0,0,2.407082326323999e-170
Obesity:No,0,0,0.0
Obesity:No,0,0,8.073672988236519e-270
Obesity:No,0,0,0.0
Obesity:No,0,0,6.95098911375029e-97
Obesity:No,0,0,5.129265127986084e-175
Obesity:No,0,0,7.252467467277907e-287
Obesity:No,0,0,1.5164266408134255e-172
Obesity:No,0,0,0.0
Obesity:No,0,0,0.0
Obesity:No,0,0,8.686365660780795e-255
Obesity:No,0,0,1.4862838814714194e-136
Obesity:No,0,0,1.505376346431384e-263
Obesity:No,0,0,4.065714842450713e-298
Obesity:No,0,0,7.902653808150224e-142
Obesity:No,0,0,1.8444926154679402e-41
Obesity:No,0,0,0.0
Obesity:No,0,0,0.0
Obesity:No,0,0,0.0
Obesity:No,0,0,0.0
Obesity:No,0,0,0.0
Obesity:No,0,0,3.7197901521828214e-262
Obesity:No,0,0,0.0
Obesity:No,1,0,2.031492748666491e-175
Obesity:No,0,0,0.0
Obesity:No,0,0,0.0
Obesity:No,0,0,0.0
Obesity:No,0,0,0.0
Obesity:No,0,0,1.7988074158305888e-241
Obesity:No,0,0,0.0
Obesity:No,0,0,0.0
Obesity:No,0,0,3.401745352917445e-219
Obesity:No,0,0,0.0
Obesity:No,0,0,8.067076923690861e-286
Obesity:No,0,0,0.0
Obesity:No,0,0,0.0
Obesity:No,0,0,0.0
Obesity:No,0,0,0.0
Obesity:No,0,0,5.754391384517964e-162
Obesity:No,0,0,0.0
Obesity:No,0,0,3.394041643272156e-258
Obesity:No,0,0,0.0
Obesity:No,1,0,1.7214183267682733e-195
Obesity:No,0,0,0.0
Obesity:No,0,0,0.0
Obesity:No,0,0,0.0
Obesity:No,0,0,0.0
Obesity:No,0,0,3.6351521475264323e-270
Obesity:No,0,0,0.0
Obesity:No,0,0,7.654400986374978e-233
Obesity:No,1,0,0.0
Obesity:No,0,0,1.423435322356383e-108
Obesity:No,0,0,0.0
Obesity:No,0,0,7.888516314446455e-292
Obesity:No,0,0,5.820595188929287e-246
Obesity:No,0,0,0.0
Obesity:No,0,0,5.616047683830812e-201
Obesity:No,0,0,1.3956721612639754e-222
Obesity:No,0,0,0.0
Obesity:No,0,0,0.0
Obesity:No,0,0,1.2422832803514064e-114
Obesity:No,0,0,0.0
Obesity:No,0,0,6.271638355877405e-274
Obesity:No,0,0,1.0500753653565466e-299
Obesity:No,0,0,0.0
Obesity:No,0,0,0.0
Obesity:No,0,0,0.0
Obesity:No,0,0,0.0
Obesity:No,0,0,0.0
Obesity:No,0,0,0.0
Obesity:No,0,0,0.0
Obesity:No,0,0,0.0
Obesity:No,0,0,2.4553598115053207e-213
Obesity:No,0,0,0.0
Obesity:No,1,0,0.0
Obesity:No,0,0,0.0
Obesity:No,0,0,0.0
Obesity:No,0,0,0.0
Obesity:No,0,0,0.0
Obesity:No,0,0,7.363526236035467e-157
Obesity:No,0,0,0.0
Obesity:No,0,0,0.0
Obesity:No,0,0,0.0
Obesity:No,0,0,0.0
Obesity:No,0,0,0.0
Obesity:No,0,0,5.463798699408776e-234
Obesity:No,0,0,4.28248449665232e-07
Obesity:No,0,0,0.0
Obesity:No,0,0,0.0
Obesity:No,0,0,1.2984860532827867e-146
Obesity:No,0,0,0.0
Obesity:No,0,0,0.0
Obesity:No,0,0,0.0
Obesity:No,0,0,0.0
Obesity:No,0,0,0.0
Obesity:No,0,0,8.395742781680786e-260
Obesity:No,0,0,0.0
Obesity:No,0,0,0.0
Obesity:No,0,0,1.9791575012875856e-181
Obesity:No,0,0,1.9530225866869393e-173
Obesity:No,0,0,3.2792136972562796e-306
Obesity:No,0,0,0.0
Obesity:No,0,0,0.0
Obesity:No,0,0,0.0
Obesity:No,0,0,3.6129628808831365e-303
Obesity:No,0,0,7.026854685106202e-219
Obesity:No,0,0,3.025935964942227e-306
Obesity:No,0,0,1.9530368404898274e-141
Obesity:No,0,0,1.8738303754918455e-119
Obesity:No,0,0,4.2513260101513233e-147
Obesity:No,0,0,0.0
Obesity:No,0,0,0.0
Obesity:No,0,0,0.0
Obesity:No,0,0,0.0
Obesity:No,0,0,5.193742453313792e-292
Obesity:No,0,0,0.0
Obesity:No,0,0,3.772597473297303e-208
Obesity:No,0,0,0.0
Obesity:No,0,0,0.0
Obesity:No,0,0,3.562363579964598e-260
Obesity:No,0,0,6.212776743303112e-185
Obesity:No,0,0,0.0
Obesity:No,0,0,3.2291080694566694e-295
Obesity:No,0,0,0.0
Obesity:No,0,0,2.8870792845548506e-214
Obesity:No,0,0,4.1231524653333245e-169
Obesity:No,0,0,0.0
Obesity:No,0,0,0.0
Obesity:No,0,0,3.113485616397274e-306
Obesity:No,0,0,3.7159222813058586e-249
Obesity:No,0,0,0.0
Obesity:No,0,0,0.0
Obesity:No,0,0,0.0
Obesity:No,0,0,1.490957758733862e-191
Obesity:No,0,0,0.0
Obesity:No,0,0,5.832898319962974e-134
Obesity:No,0,0,0.0
Obesity:No,0,0,0.0
Obesity:No,0,1,1.0
Obesity:No,0,0,0.0
Obesity:No,0,0,1.8988426172064017e-177
Obesity:No,0,0,2.637075605813818e-177
Obesity:No,0,0,4.794566181279822e-154
Obesity:No,0,0,3.686198621090147e-262
Obesity:No,0,0,7.269602454223335e-237
Obesity:No,0,0,0.0
Obesity:No,0,0,0.0
Obesity:No,0,0,0.0
Obesity:No,0,0,0.0
Obesity:No,0,0,0.0
Obesity:No,0,0,0.0
Obesity:No,0,0,0.0
Obesity:No,0,0,0.0
Obesity:No,0,0,0.0
Obesity:No,0,0,0.0
Obesity:No,0,0,0.0
Obesity:No,0,0,1.9656929430148968e-288
Obesity:No,0,0,1.2237709448364736e-79
Obesity:No,0,0,0.0
Obesity:No,0,0,1.3246717869494884e-184
Obesity:No,0,0,0.0
Obesity:No,0,0,0.0
Obesity:No,0,0,1.7466843551763918e-126
Obesity:No,0,0,1.2587583712941873e-200
Obesity:No,0,0,2.2590263711727124e-259
Obesity:No,0,0,1.2367237993806327e-201
Obesity:No,0,0,0.0
Obesity:No,0,0,0.0
Obesity:No,0,0,0.0
Obesity:No,0,0,0.0
Obesity:No,0,0,2.3290641834629718e-120
Obesity:No,0,0,0.0
Obesity:No,0,0,1.0932954563095525e-219
Obesity:No,0,0,0.0
Obesity:No,0,0,0.0
Obesity:No,0,0,0.0
Obesity:No,0,0,1.1424933676404531e-301
Obesity:No,0,0,0.0
Obesity:No,0,0,0.0
Obesity:No,0,0,0.0
Obesity:No,1,0,0.0
Obesity:No,0,0,2.9474567031560767e-238
Obesity:No,0,0,2.432700516381444e-270
Obesity:No,0,0,9.567550530261643e-254
Obesity:No,0,0,0.0
Obesity:No,0,0,0.0
Obesity:No,0,0,8.086528561126421e-234
Obesity:No,0,0,0.0
Obesity:No,0,0,0.0
Obesity:No,0,0,0.0
Obesity:No,0,0,2.93483577925558e-185
Obesity:No,0,0,1.071165565519716e-251
Obesity:No,0,0,2.539408168566151e-298
Obesity:No,0,0,4.9061122348814877e-275
Obesity:No,0,0,0.0
Obesity:No,0,0,0.0
Obesity:No,0,0,0.0
Obesity:No,0,0,0.0
Obesity:No,0,0,0.0
Obesity:No,0,0,0.0
Obesity:No,0,0,3.122591292053131e-227
Obesity:No,0,0,0.0
Obesity:No,0,0,0.0
Obesity:No,0,0,0.0
Obesity:No,0,0,2.713633092892826e-239
Obesity:No,0,0,4.8048098950174764e-248
Obesity:No,0,0,0.0
Obesity:No,1,0,0.0
Obesity:No,0,0,0.0
Obesity:No,0,0,0.0
Obesity:No,0,0,7.899415543371085e-270
Obesity:No,1,0,9.319755479598403e-150
Obesity:No,0,0,0.0
Obesity:No,0,0,2.0817577931326776e-286
Obesity:No,0,0,0.0
Obesity:No,0,0,0.0
Obesity:No,0,0,0.0
Obesity:No,0,0,0.0
Obesity:No,0,0,4.706854005310632e-34
Obesity:No,0,0,1.2751040297649548e-223
Obesity:No,0,0,0.0
Obesity:No,0,0,5.497619527212708e-189
Obesity:No,0,0,0.0
Obesity:No,0,0,1.5087439973704345e-239
Obesity:No,0,0,0.0
Obesity:No,0,0,0.0
Obesity:No,0,0,1.3595688180562594e-184
Obesity:No,0,0,5.203616835508478e-284
Obesity:No,0,0,9.587830038447351e-180
Obesity:No,0,0,0.0
Obesity:No,0,0,0.0
Obesity:No,0,0,2.3602698434974413e-282
Obesity:No,0,0,3.95582082117664e-187
Obesity:No,0,0,0.0
Obesity:No,0,0,0.0
Obesity:No,0,0,0.0
Obesity:No,0,0,0.0
Obesity:No,0,0,8.952903787098606e-248
Obesity:No,0,0,1.3182082766467379e-300
Obesity:No,0,0,3.370263234310825e-276
Obesity:No,0,0,0.0
Obesity:No,1,0,0.0
Obesity:No,0,0,0.0
Obesity:No,0,0,0.0
Obesity:No,0,0,0.0
Obesity:No,0,0,0.0
Obesity:No,0,0,0.0
Obesity:No,0,0,0.0
Obesity:No,0,0,9.590180107613081e-230
Obesity:No,0,0,0.0
Obesity:No,0,0,2.892695823193535e-276
Obesity:No,0,0,0.0
Obesity:No,0,0,0.0
Obesity:No,0,0,0.0
Obesity:No,0,0,0.0
Obesity:No,0,0,0.0
Obesity:No,0,0,0.0
Obesity:No,0,0,8.230351866383568e-205
Obesity:No,0,0,1.2266821703796338e-255
Obesity:No,0,0,0.0
Obesity:No,0,0,0.0
Obesity:No,0,0,0.0
Obesity:No,0,0,0.0
Obesity:No,0,0,2.713574854333305e-284
Obesity:No,0,0,4.9702920713017065e-295
Obesity:No,0,0,0.0
Obesity:No,0,0,1.1197552392109306e-239
Obesity:No,0,0,3.1447689966610796e-250
Obesity:No,0,0,9.789668687082368e-293
Obesity:No,0,0,0.0
Obesity:No,0,0,0.0
Obesity:No,0,0,2.873473114272736e-146
Obesity:No,0,0,8.032653756570221e-281
Obesity:No,0,0,0.0
Obesity:No,0,0,0.0
Obesity:No,0,0,6.5171427815710615e-257
Obesity:No,0,0,0.0
Obesity:No,0,0,0.0
Obesity:No,0,0,0.0
Obesity:No,0,0,3.136453010309455e-97
Obesity:No,0,0,0.0
Obesity:No,0,0,3.8463438323170405e-300
Obesity:No,0,0,0.0
Obesity:No,0,0,1.4798566171566543e-176
Obesity:No,0,0,0.0
Obesity:No,0,0,0.0
Obesity:No,0,0,1.4796324306015346e-234
Obesity:No,0,0,1.739101172097029e-201
Obesity:No,0,0,0.0
Obesity:No,0,0,6.942678258797348e-164
Obesity:No,0,0,0.0
Obesity:No,0,0,6.503988205005276e-216
Obesity:No,0,0,7.305055475069545e-258
Obesity:No,0,0,1.0151057106988424e-292
Obesity:No,0,0,2.4848701634413237e-285
Obesity:No,0,0,0.0
Obesity:No,0,0,0.0
Obesity:No,0,0,1.3767963575401491e-213
Obesity:No,0,0,0.0
Obesity:No,0,0,1.932105893219526e-115
Obesity:No,0,0,0.0
Obesity:No,0,0,0.0
Obesity:No,0,0,1.576830559553412e-200
Obesity:No,0,0,9.252813735905708e-205
Obesity:No,0,0,0.0
Obesity:No,0,0,0.0
Obesity:No,0,0,0.0
Obesity:No,0,0,3.7702745562465383e-283
Obesity:No,0,0,0.0
Obesity:No,0,0,0.0
Obesity:No,0,0,2.2709634526870147e-220
Obesity:No,0,0,0.0
Obesity:No,0,0,9.745510944205051e-204
Obesity:No,0,0,0.0
Obesity:No,0,0,8.301271161166432e-72
Obesity:No,0,0,0.0
Obesity:No,0,0,1.174498371496472e-251
Obesity:No,0,0,0.0
Obesity:No,0,0,0.0
Obesity:No,0,0,1.2794142348902131e-272
Obesity:No,0,0,9.443615157202914e-235
Obesity:No,0,0,1.7716820949403576e-86
Obesity:No,0,0,9.350462556656048e-172
Obesity:No,0,0,2.1801501951653164e-294
Obesity:No,0,0,0.0
Obesity:No,0,0,2.582844086905888e-242
Obesity:No,0,0,0.0
Obesity:No,0,0,5.334363192735339e-112
Obesity:No,0,0,0.0
Obesity:No,0,0,0.0
Obesity:No,0,0,0.0
Obesity:No,0,0,5.801373069608269e-188
Obesity:No,0,0,0.0
Obesity:No,0,0,5.869324261757846e-307
Obesity:No,0,0,0.0
Obesity:No,0,0,1.3849326852287258e-307
Obesity:No,0,0,0.0
Obesity:No,0,0,0.0
Obesity:No,0,0,1.0273190469580786e-242
Obesity:No,0,0,0.0
Obesity:No,0,0,0.0
Obesity:No,0,0,8.436070549468423e-188
Obesity:No,0,0,0.0
Obesity:No,0,0,1.289730228829095e-117
Obesity:No,0,0,0.0
Obesity:No,0,0,2.4430041271785995e-232
Obesity:No,0,0,1.3013961043604901e-287
Obesity:No,0,0,7.72074164709591e-145
Obesity:No,0,0,0.0
Obesity:No,0,0,2.6737960561275067e-190
Obesity:No,0,0,0.0
Obesity:No,0,0,0.0
Obesity:No,0,0,0.0
Obesity:No,0,0,0.0
Obesity:No,0,0,2.951156912701893e-272
Obesity:No,0,0,0.0
Obesity:No,1,0,6.047613324340127e-149
Obesity:No,0,0,2.256136757957173e-198
Obesity:No,0,0,1.267457306900669e-260
Obesity:No,0,0,0.0
Obesity:No,1,0,6.577249798483232e-277
Obesity:No,0,0,0.0
Obesity:No,0,0,2.517510869049766e-288
Obesity:No,0,0,3.197812220804696e-222
Obesity:No,0,0,0.0
Obesity:No,0,0,1.2534870301179526e-220
Obesity:No,0,0,0.0
Obesity:No,0,0,0.0
Obesity:No,0,0,0.0
Obesity:No,0,0,0.0
Obesity:No,0,0,4.053858833150471e-264
Obesity:No,0,0,0.0
Obesity:No,0,0,3.047770472251818e-229
Obesity:No,0,0,0.0
Obesity:No,0,0,8.281983114732952e-159
Obesity:No,0,0,6.016302738997274e-309
Obesity:No,0,0,0.0
Obesity:No,0,0,0.0
Obesity:No,0,0,0.0
Obesity:No,0,0,0.0
Obesity:No,0,0,0.0
Obesity:No,0,0,2.9275728231356483e-245
Obesity:No,0,0,0.0
Obesity:No,0,0,0.0
Obesity:No,0,0,5.3737255481989196e-188
Obesity:No,0,0,0.0
Obesity:No,0,0,6.898490303639245e-257
Obesity:No,0,0,0.0
Obesity:No,0,0,4.8801165130912216e-263
Obesity:No,0,0,5.46871494723787e-212
Obesity:No,0,0,0.0
Obesity:No,0,0,0.0
Obesity:No,0,0,0.0
Obesity:No,0,0,0.0
Obesity:No,0,0,0.0
Obesity:No,0,0,1.6743247239172287e-269
Obesity:No,0,0,0.0
Obesity:No,0,0,0.0
Obesity:No,0,0,0.0
Obesity:No,0,0,1.0269017530954392e-299
Obesity:No,0,0,0.0
Obesity:No,0,0,0.0
Obesity:No,0,0,0.0
Obesity:No,0,0,0.0
Obesity:No,0,0,0.0
Obesity:No,0,0,5.153624798657027e-295
Obesity:No,0,0,0.0
Obesity:No,0,0,1.4593086702049517e-103
Obesity:No,0,0,0.0
Obesity:No,0,0,0.0
Obesity:No,0,0,2.4022357148677375e-170
Obesity:No,0,0,0.0
Obesity:No,0,0,6.492913898935017e-162
Obesity:No,0,0,3.961212411643727e-176
Obesity:No,0,0,3.2578521197444412e-285
Obesity:No,0,0,1.0742428773301737e-258
Obesity:No,0,0,1.0050073573607014e-266
Obesity:No,0,0,0.0
Obesity:No,0,0,2.6521325763795147e-124
Obesity:No,0,0,1.3767052395296696e-126
Obesity:No,0,0,0.0
Obesity:No,0,0,2.976332480544994e-303
Obesity:No,0,0,0.0
Obesity:No,0,0,3.2138657008983993e-265
Obesity:No,0,0,1.3828097850067466e-291
Obesity:No,0,0,2.2446823224168852e-235
Obesity:No,0,0,0.0
Obesity:No,0,0,0.0
Obesity:No,0,0,8.593763537997926e-253
Obesity:No,0,0,0.0
Obesity:No,0,0,5.783416870014479e-249
Obesity:No,0,0,7.73436538378613e-290
Obesity:No,0,0,8.664822769134995e-283
Obesity:No,0,0,2.7483469475507033e-292
Obesity:No,0,0,0.0
Obesity:No,0,0,0.0
Obesity:No,0,0,0.0
Obesity:No,0,0,1.9774948769104297e-233
Obesity:No,0,0,0.0
Obesity:No,0,0,0.0
Obesity:No,0,0,0.0
Obesity:No,0,0,8.878356679571916e-247
Obesity:No,0,0,0.0
Obesity:No,0,0,0.0
Obesity:No,0,0,0.0
Obesity:No,0,0,0.0
Obesity:No,0,0,0.0
Obesity:No,0,0,7.117154850448168e-206
Obesity:No,0,0,0.0
Obesity:No,0,0,0.0
Obesity:No,0,0,0.0
Obesity:No,0,0,0.0
Obesity:No,0,0,0.0
Obesity:No,0,0,0.0
Obesity:No,0,0,6.006305571986595e-184
Obesity:No,0,0,0.0
Obesity:No,1,0,0.0
Obesity:No,0,0,9.471266442498426e-278
Obesity:No,0,0,0.0
Obesity:No,0,0,0.0
Obesity:No,0,0,0.0
Obesity:No,0,0,0.0
Obesity:No,0,0,0.0
Obesity:No,0,0,4.0951524515035045e-254
Obesity:No,0,0,0.0
Obesity:No,0,0,2.0630991414266137e-160
Obesity:No,0,0,3.307418266348641e-182
Obesity:No,0,0,2.6554733624492096e-205
Obesity:No,0,0,7.104522794570355e-161
Obesity:No,0,0,0.0
Obesity:No,0,0,0.0
Obesity:No,0,0,0.0
Obesity:No,0,0,0.0
Obesity:No,0,0,0.0
Obesity:No,0,0,0.0
Obesity:No,0,0,5.394709661008973e-96
Obesity:No,0,0,0.0
Obesity:No,0,0,0.0
Obesity:No,0,0,0.0
Obesity:No,0,0,1.1173887074873637e-287
Obesity:No,0,0,0.0
Obesity:No,0,0,0.0
Obesity:No,0,0,0.0
Obesity:No,1,0,2.7015769608394262e-248
Obesity:No,0,0,0.0
Obesity:No,0,0,8.357632741435215e-239
Obesity:No,0,0,0.0
Obesity:No,0,0,2.002748622616804e-181
Obesity:No,0,0,0.0
Obesity:No,0,1,1.0
Obesity:No,0,0,0.0
Obesity:No,0,0,0.0
Obesity:No,0,0,9.231106300400862e-152
Obesity:No,0,0,1.3297185387859956e-173
Obesity:No,0,0,5.430817990643926e-241
Obesity:No,0,0,4.955545943664126e-167
Obesity:No,0,0,0.0
Obesity:No,0,0,1.59236700853994e-207
Obesity:No,0,0,5.924296707050228e-209
Obesity:No,0,0,3.7684795244006107e-305
Obesity:No,0,0,1.9703352628262612e-91
Obesity:No,0,0,1.668190013504994e-259
Obesity:No,0,0,0.0
Obesity:No,0,0,0.0
Obesity:No,0,0,0.0
Obesity:No,0,0,1.0460670232701206e-261
Obesity:No,0,0,0.0
Obesity:No,0,0,5.045205097484321e-260
Obesity:No,0,0,1.1202034690611217e-150
Obesity:No,0,0,0.0
Obesity:No,0,0,0.0
Obesity:No,0,0,0.0
Obesity:No,0,0,9.29208464210535e-293
Obesity:No,0,0,0.0
Obesity:No,0,0,0.0
Obesity:No,0,0,0.0
Obesity:No,0,1,1.0
Obesity:No,0,0,0.0
Obesity:No,0,0,0.0
Obesity:No,0,0,5.661495469797762e-177
Obesity:No,0,0,8.724339857461977e-139
Obesity:No,0,0,0.0
Obesity:No,0,0,0.0
Obesity:No,0,0,3.8065288233521824e-176
Obesity:No,0,0,0.0
Obesity:No,0,0,6.034268084730649e-131
Obesity:No,0,0,1.7233419740916795e-245
Obesity:No,0,0,0.0
Obesity:No,0,0,0.0
Obesity:No,0,0,4.212998495502199e-184
Obesity:No,0,0,6.342681219521817e-246
Obesity:No,0,0,2.7607328251920744e-245
Obesity:No,0,0,0.0
Obesity:No,0,0,4.465225890823466e-174
Obesity:No,0,0,0.0
Obesity:No,0,0,0.0
Obesity:No,0,0,0.0
Obesity:No,0,0,5.474054108731908e-221
Obesity:No,0,0,1.2054674392080356e-139
Obesity:No,0,0,9.772045834448768e-185
Obesity:No,0,0,0.0
Obesity:No,0,0,1.3086230469141698e-306
Obesity:No,0,0,3.786255617328713e-302
Obesity:No,0,0,1.6395980742161382e-194
Obesity:No,0,0,0.0
Obesity:No,0,0,0.0
Obesity:No,0,0,0.0
Obesity:No,0,0,0.0
Obesity:No,0,0,0.0
Obesity:No,0,0,0.0
Obesity:No,0,0,0.0
Obesity:No,0,0,0.0
Obesity:No,0,0,0.0
Obesity:No,0,0,0.0
Obesity:No,0,0,0.0
Obesity:No,0,0,2.3762196786453007e-211
Obesity:No,0,0,0.0
Obesity:No,0,0,1.8179506986193247e-259
Obesity:No,0,0,0.0
Obesity:No,0,0,0.0
Obesity:No,1,0,3.917463363658965e-130
Obesity:No,0,0,0.0
Obesity:No,0,0,0.0
Obesity:No,0,0,7.798032782560282e-257
Obesity:No,0,0,0.0
Obesity:No,0,0,3.016907967811301e-163
Obesity:No,0,0,0.0
Obesity:No,0,0,0.0
Obesity:No,0,0,0.0
Obesity:No,0,0,1.4687453641623832e-290
Obesity:No,0,0,0.0
Obesity:No,0,0,4.944495680330293e-285
Obesity:No,0,0,6.774955154309862e-181
Obesity:No,0,0,0.0
Obesity:No,0,0,0.0
Obesity:No,0,0,0.0
Obesity:No,0,0,0.0
Obesity:No,0,0,0.0
Obesity:No,0,0,2.870517628655559e-241
Obesity:No,0,0,6.199501121233914e-08
Obesity:No,0,0,0.0
Obesity:No,0,0,1.8773320230651475e-172
Obesity:No,0,0,0.0
Obesity:No,0,0,0.0
Obesity:No,0,0,0.0
Obesity:No,0,0,1.8565371123164975e-219
Obesity:No,0,0,2.3698692197996897e-267
Obesity:No,0,0,0.0
Obesity:No,0,0,0.0
Obesity:No,0,0,0.0
Obesity:No,0,0,0.0
Obesity:No,0,0,0.0
Obesity:No,0,0,0.0
Obesity:No,0,0,7.456325817051792e-115
Obesity:No,0,0,1.0135620980592107e-155
Obesity:No,0,0,0.0
Obesity:No,0,0,1.2807751915396987e-268
Obesity:No,0,0,0.0
Obesity:No,0,0,0.0
Obesity:No,0,0,0.0
Obesity:No,0,0,3.0758480760802977e-198
Obesity:No,0,0,9.402016547037698e-240
Obesity:No,0,0,0.0
Obesity:No,0,0,0.0
Obesity:No,0,0,8.910182157730231e-302
Obesity:No,0,0,0.0
Obesity:No,0,0,0.0
Obesity:No,0,0,1.2785907684715793e-253
Obesity:No,0,0,7.449352226664738e-258
Obesity:No,0,0,1.4194323807796355e-260
Obesity:No,0,0,0.0
Obesity:No,0,0,0.0
Obesity:No,0,0,0.0
Obesity:No,0,0,2.664869751573701e-257
Obesity:No,0,0,0.0
Obesity:No,0,0,1.0072504597000181e-72
Obesity:No,0,0,2.5457113682685235e-292
Obesity:No,0,0,0.0
Obesity:No,0,0,0.0
Obesity:No,0,0,2.6229878927665485e-219
Obesity:No,0,0,4.9340595766436264e-231
Obesity:No,0,0,0.0
Obesity:No,0,0,0.0
Obesity:No,0,0,1.5245845514164356e-188
Obesity:No,0,0,0.0
Obesity:No,0,0,0.0
Obesity:No,0,0,0.0
Obesity:No,0,0,0.0
Obesity:No,0,0,6.782566764133189e-221
Obesity:No,0,0,3.726427108719904e-241
Obesity:No,0,0,0.0
Obesity:No,0,0,1.0633665495744364e-279
Obesity:No,0,0,0.0
Obesity:No,0,0,9.235966224860946e-238
Obesity:No,0,0,0.0
Obesity:No,0,0,0.0
Obesity:No,0,0,0.0
Obesity:No,0,0,1.3213194701120357e-308
Obesity:No,0,0,0.0
Obesity:No,0,0,0.0
Obesity:No,0,0,0.0
Obesity:No,0,0,0.0
Obesity:No,0,0,0.0
Obesity:No,0,0,0.0
Obesity:No,0,0,0.0
Obesity:No,0,0,0.0
Obesity:No,0,0,2.2055912136576568e-260
Obesity:No,0,0,2.6447095941683478e-276
Obesity:No,0,0,6.235712280801137e-239
Obesity:No,0,0,2.8293372779937295e-249
Obesity:No,0,0,4.046272595663695e-226
Obesity:No,0,0,0.0
Obesity:No,0,0,0.0
Obesity:No,0,0,1.2066117855297389e-287
Obesity:No,0,0,0.0
Obesity:No,0,0,0.0
Obesity:No,0,0,0.0
Obesity:No,0,0,0.0
Obesity:No,0,0,1.4671605652953321e-301
Obesity:No,0,0,0.0
Obesity:No,0,0,9.228838510927398e-235
Obesity:No,0,0,0.0
Obesity:No,0,0,0.0
Obesity:No,0,0,0.0
Obesity:No,0,0,3.231264249100082e-266
Obesity:No,0,0,8.493878552411838e-168
Obesity:No,0,0,9.999379369113928e-217
Obesity:No,0,0,1.6932632473749384e-240
Obesity:No,0,0,0.0
Obesity:No,0,0,0.0
Obesity:No,0,0,8.530131285653455e-209
Obesity:No,0,0,6.211171065707261e-272
Obesity:No,0,0,1.506530435687562e-296
Obesity:No,0,1,1.0
Obesity:No,0,0,0.0
Obesity:No,0,0,0.0
Obesity:No,0,0,1.548441878349347e-217
Obesity:No,0,0,6.259285816394594e-148
Obesity:No,0,0,9.007842087900227e-262
Obesity:No,0,0,1.1164540110553657e-283
Obesity:No,0,0,1.9860373181943827e-220
Obesity:No,0,0,2.2195725864952464e-280
Obesity:No,0,0,0.0
Obesity:No,0,0,1.4243532439253276e-205
Obesity:No,0,0,0.0
Obesity:No,0,0,0.0
Obesity:No,0,0,0.0
Obesity:No,0,0,0.0
Obesity:No,0,0,5.762324561465193e-273
Obesity:No,0,0,0.0
Obesity:No,0,0,0.0
Obesity:No,0,0,0.0
Obesity:No,0,0,6.173077972812807e-159
Obesity:No,0,0,0.0
Obesity:No,0,0,0.0
Obesity:No,0,0,0.0
Obesity:No,0,0,0.0
Obesity:No,0,0,0.0
Obesity:No,0,0,8.905811128371993e-156
Obesity:No,0,0,1.2170313916025552e-238
Obesity:No,0,0,1.9608423621081356e-204
Obesity:No,0,0,3.229212476738674e-257
Obesity:No,0,0,0.0
Obesity:No,0,0,0.0
Obesity:No,0,0,0.0
Obesity:No,0,0,0.0
Obesity:No,0,0,0.0
Obesity:No,0,0,0.0
Obesity:No,0,0,7.484520993761216e-209
Obesity:No,0,0,0.0
Obesity:No,0,0,0.0
Obesity:No,0,0,0.0
Obesity:No,0,0,0.0
Obesity:No,0,0,0.0
Obesity:No,0,0,5.593923467022853e-262
Obesity:No,0,0,0.0
Obesity:No,0,0,6.903323090506558e-253
Obesity:No,0,0,0.0
Obesity:No,0,0,0.0
Obesity:No,0,0,0.0
Obesity:No,0,0,4.2466458102087994e-178
Obesity:No,0,0,0.0
Obesity:No,1,0,2.0793793939534675e-158
Obesity:No,0,0,0.0
Obesity:No,0,0,0.0
Obesity:No,0,0,0.0
Obesity:No,0,0,0.0
Obesity:No,0,0,2.681942180647377e-268
Obesity:No,0,0,0.0
Obesity:No,0,0,3.909409961444367e-253
Obesity:No,0,0,9.091638943975729e-204
Obesity:No,0,0,0.0
Obesity:No,0,0,0.0
Obesity:No,0,0,0.0
Obesity:No,0,0,0.0
Obesity:No,0,0,0.0
Obesity:No,0,0,8.483712834428066e-250
Obesity:No,0,0,0.0
Obesity:No,0,0,2.9921175431965387e-296
Obesity:No,1,0,2.7997219808166864e-244
Obesity:No,0,0,0.0
Obesity:No,0,0,0.0
Obesity:No,0,0,4.834560486635491e-204
Obesity:No,0,0,4.9752405210744273e-234
Obesity:No,0,0,0.0
Obesity:No,0,0,0.0
Obesity:No,0,0,0.0
Obesity:No,0,0,1.397920318440705e-78
Obesity:No,0,0,0.0
Obesity:No,0,0,0.0
Obesity:No,0,0,7.214340626068225e-296
Obesity:No,0,0,0.0
Obesity:No,0,0,0.0
Obesity:No,0,0,0.0
Obesity:No,0,0,1.1905698175066013e-304
Obesity:No,0,0,5.697809723495098e-69
Obesity:No,0,0,2.16676271714297e-142
Obesity:No,0,0,1.4974436351189342e-187
Obesity:No,0,0,0.0
Obesity:No,1,1,1.0
Obesity:No,0,0,0.0
Obesity:No,0,0,3.901369772466424e-227
Obesity:No,0,0,0.0
Obesity:No,0,0,6.243725622033821e-210
Obesity:No,0,0,0.0
Obesity:No,0,0,5.225778902588952e-293
Obesity:No,0,0,0.0
Obesity:No,0,0,1.819795277085686e-276
Obesity:No,0,0,0.0
Obesity:No,1,0,2.203455279968597e-176
Obesity:No,0,0,0.0
Obesity:No,0,0,0.0
Obesity:No,0,0,0.0
Obesity:No,0,0,6.806987061179646e-191
Obesity:No,0,0,0.0
Obesity:No,0,0,0.0
Obesity:No,0,0,1.241672482971031e-277
Obesity:No,0,0,1.0719132420700055e-187
Obesity:No,0,0,0.0
Obesity:No,0,0,0.0
Obesity:No,0,0,0.0
Obesity:No,0,0,0.0
Obesity:No,0,0,0.0
Obesity:No,0,0,0.0
Obesity:No,0,0,0.0
Obesity:No,0,0,0.0
Obesity:No,0,0,0.0
Obesity:No,0,0,1.6675641374349416e-236
Obesity:No,0,0,4.155286007835662e-198
Obesity:No,0,0,0.0
Obesity:No,0,0,0.0
Obesity:No,0,0,0.0
Obesity:No,0,0,3.0988465541563575e-122
Obesity:No,0,0,3.911318904494704e-250
Obesity:No,0,0,0.0
Obesity:No,0,0,0.0
Obesity:No,0,0,1.2974594885547832e-223
Obesity:No,0,0,6.924797432603952e-169
Obesity:No,0,0,3.7158712443287826e-128
Obesity:No,0,0,9.371267797315616e-183
Obesity:No,0,0,7.827935422800151e-275
Obesity:No,0,0,1.6859737009754144e-229
Obesity:No,0,0,3.2321152182113156e-230
Obesity:No,0,0,9.064255966194879e-265
Obesity:No,0,0,0.0
Obesity:No,0,0,0.0
Obesity:No,0,0,0.0
Obesity:No,0,0,6.317920928299285e-263
Obesity:No,0,0,0.0
Obesity:No,0,0,0.0
Obesity:No,0,0,4.337539930393292e-190
Obesity:No,0,0,2.9920023202872705e-289
Obesity:No,0,0,6.20313792294952e-131
Obesity:No,0,0,2.298689914992897e-188
Obesity:No,1,0,0.0
Obesity:No,0,0,4.898211113638672e-252
Obesity:No,0,0,0.0
Obesity:No,0,0,8.648429849026342e-210
Obesity:No,0,0,0.0
Obesity:No,0,0,0.0
Obesity:No,0,0,0.0
Obesity:No,0,0,0.0
Obesity:No,0,0,8.320359721287151e-264
Obesity:No,0,0,0.0
Obesity:No,0,0,0.0
Obesity:No,0,0,1.09275998886562e-274
Obesity:No,0,0,0.0
Obesity:No,0,0,0.0
Obesity:No,0,0,0.0
Obesity:No,0,0,0.0
Obesity:No,0,0,2.0641327648133933e-228
Obesity:No,0,0,5.591540170069854e-281
Obesity:No,0,0,0.0
Obesity:No,0,0,0.0
Obesity:No,0,0,0.0
Obesity:No,0,0,0.0
Obesity:No,0,0,1.1815751720411983e-272
Obesity:No,0,0,0.0
Obesity:No,0,0,4.405121855371748e-91
Obesity:No,0,0,1.090778179999988e-114
Obesity:No,0,0,0.0
Obesity:No,0,0,0.0
Obesity:No,0,0,0.0
Obesity:No,0,0,1.1959060249727928e-228
Obesity:No,0,0,1.523926480793402e-138
Obesity:No,0,0,0.0
Obesity:No,0,0,0.0
Obesity:No,0,0,0.0
Obesity:No,0,0,0.0
Obesity:No,0,0,0.0
Obesity:No,0,0,0.0
Obesity:No,0,0,7.791378618983203e-241
Obesity:No,0,0,2.8153607339712203e-152
Obesity:No,0,0,0.0
Obesity:No,0,0,0.0
Obesity:No,0,0,0.0
Obesity:No,0,0,0.0
Obesity:No,0,0,6.974375474027492e-302
Obesity:No,0,0,0.0
Obesity:No,0,0,0.0
Obesity:No,0,0,0.0
Obesity:No,0,0,1.42738491858266e-236
Obesity:No,0,0,9.587961351681287e-252
Obesity:No,0,0,2.9080988941387096e-265
Obesity:No,0,0,8.246794981633125e-183
Obesity:No,0,0,0.0
Obesity:No,0,0,0.0
Obesity:No,0,0,0.0
Obesity:No,0,0,0.0
Obesity:No,1,0,4.511457151994033e-193
Obesity:No,0,0,0.0
Obesity:No,0,0,0.0
Obesity:No,0,0,0.0
Obesity:No,0,0,4.108032699706664e-212
Obesity:No,0,0,2.5432384259926743e-202
Obesity:No,0,0,9.954349481411022e-257
Obesity:No,0,0,0.0
Obesity:No,0,0,0.0
Obesity:No,0,0,0.0
Obesity:No,0,0,0.0
Obesity:No,0,0,6.221719589044629e-168
Obesity:No,0,0,2.5582192901072103e-253
Obesity:No,0,0,0.0
Obesity:No,0,0,0.0
Obesity:No,0,0,0.0
Obesity:No,0,0,2.447362275120261e-255
Obesity:No,0,0,0.0
Obesity:No,0,0,4.561357616360203e-148
Obesity:No,0,0,1.6323700952133278e-306
Obesity:No,0,0,0.0
Obesity:No,0,0,6.471209229648647e-168
Obesity:No,1,0,0.0
Obesity:No,0,0,0.0
Obesity:No,0,0,0.0
Obesity:No,0,0,0.0
Obesity:No,0,0,0.0
Obesity:No,0,0,8.312170378250265e-272
Obesity:No,0,0,2.521053510480962e-183
Obesity:No,0,0,0.0
Obesity:No,0,0,0.0
Obesity:No,0,0,1.5282802453413055e-298
Obesity:No,0,0,5.022916212480134e-275
Obesity:No,0,0,0.0
Obesity:No,0,0,0.0
Obesity:No,0,0,7.232498848684491e-236
Obesity:No,0,0,0.0
Obesity:No,0,0,0.0
Obesity:No,0,0,0.0
Obesity:No,0,0,1.328984154679816e-155
Obesity:No,0,0,0.0
Obesity:No,0,0,6.741620412514768e-301
Obesity:No,0,0,2.132542104146741e-256
Obesity:No,0,0,0.0
Obesity:No,0,1,1.0
Obesity:No,0,0,0.0
Obesity:No,0,0,0.0
Obesity:No,0,0,1.0999573460330168e-280
Obesity:No,0,0,9.987238562629992e-86
Obesity:No,0,0,2.348928796472294e-222
Obesity:No,0,0,2.430539378065514e-276
Obesity:No,1,0,1.0026056061776288e-249
Obesity:No,0,0,0.0
Obesity:No,0,0,2.764272337657931e-110
Obesity:No,0,0,2.7530403503480307e-242
Obesity:No,0,0,0.0
Obesity:No,0,0,0.0
Obesity:No,0,0,1.2501555188659491e-270
Obesity:No,1,0,2.4690352280993497e-82
Obesity:No,0,0,2.9514020013598906e-137
Obesity:No,0,0,0.0
Obesity:No,0,0,1.0850665902987077e-281
Obesity:No,0,0,0.0
Obesity:No,0,0,6.000824436126841e-255
Obesity:No,0,0,0.0
Obesity:No,0,0,0.0
Obesity:No,0,0,2.2301597752647777e-222
Obesity:No,0,0,0.0
Obesity:No,0,0,1.4977408701529284e-284
Obesity:No,0,0,4.827044348454497e-244
Obesity:No,0,0,6.358730805145707e-237
Obesity:No,0,0,0.0
Obesity:No,0,0,1.1346320201191112e-202
Obesity:No,0,0,0.0
Obesity:No,0,0,0.0
Obesity:No,0,0,7.310041888889261e-293
Obesity:No,1,0,0.0
Obesity:No,0,0,9.145366972284247e-298
Obesity:No,0,0,7.045093933130808e-255
Obesity:No,0,0,0.0
Obesity:No,0,0,0.0
Obesity:No,0,0,0.0
Obesity:No,0,0,3.3115622234040247e-276
Obesity:No,0,0,0.0
Obesity:No,0,0,0.0
Obesity:No,0,0,9.107653336600904e-219
Obesity:No,0,0,0.0
Obesity:No,0,0,0.0
Obesity:No,0,0,0.0
Obesity:No,0,0,1.8726163667657356e-209
Obesity:No,0,0,1.2549721165669064e-155
Obesity:No,0,0,0.0
Obesity:No,0,0,0.0
Obesity:No,0,0,0.0
Obesity:No,0,0,1.3158127320788895e-110
Obesity:No,0,0,0.0
Obesity:No,0,0,8.543161354020089e-283
Obesity:No,0,0,2.607255215991104e-119
Obesity:No,0,0,3.350870451316991e-141
Obesity:No,0,0,0.0
Obesity:No,0,0,0.0
Obesity:No,0,0,0.0
Obesity:No,0,0,1.3552058168961657e-268
Obesity:No,0,0,7.81257073290296e-300
Obesity:No,0,0,0.0
Obesity:No,0,0,1.383477925169306e-115
Obesity:No,0,0,0.0
Obesity:No,0,0,3.656147003578716e-287
Obesity:No,0,0,0.0
Obesity:No,0,0,0.0
Obesity:No,0,0,0.0
Obesity:No,0,0,0.0
Obesity:No,0,0,0.0
Obesity:No,0,0,5.62155765412426e-222
Obesity:No,0,0,0.0
Obesity:No,0,0,0.0
Obesity:No,0,0,1.3336026125427934e-254
Obesity:No,0,0,0.0
Obesity:No,0,0,2.635143088626226e-291
Obesity:No,0,0,0.0
Obesity:No,0,0,6.301082406671985e-257
Obesity:No,0,0,0.0
Obesity:No,0,0,0.0
Obesity:No,0,0,0.0
Obesity:No,0,0,0.0
Obesity:No,0,0,5.5021608101168405e-285
Obesity:No,0,0,3.6510090494531455e-296
Obesity:No,0,0,1.7709257695418118e-225
Obesity:No,0,0,0.0
Obesity:No,0,0,3.8120441667898846e-263
Obesity:No,0,0,0.0
Obesity:No,0,0,2.3382729474991846e-240
Obesity:No,0,0,0.0
Obesity:No,0,0,1.2026114553786273e-308
Obesity:No,0,0,1.3083717956411884e-208
Obesity:No,0,0,0.0
Obesity:No,0,0,3.5046234910938687e-258
Obesity:No,0,0,2.297498630728716e-305
Obesity:No,0,0,5.170534089882329e-175
Obesity:No,0,0,1.333304470450417e-86
Obesity:No,1,0,0.0
Obesity:No,0,0,0.0
Obesity:No,0,0,2.8300056122213085e-229
Obesity:No,0,0,0.0
Obesity:No,0,0,3.12317346017688e-189
Obesity:No,0,0,0.0
Obesity:No,0,0,5.5608734072089056e-285
Obesity:No,0,0,1.7256212046022976e-222
Obesity:No,0,0,0.0
Obesity:No,0,0,0.0
Obesity:No,0,0,1.124369828134255e-124
Obesity:No,0,0,4.1315744354209004e-222
Obesity:No,0,0,4.010911658968683e-238
Obesity:No,0,0,0.0
Obesity:No,0,0,1.7728434721530353e-280
Obesity:No,0,0,0.0
Obesity:No,0,0,6.844145091738907e-125
Obesity:No,0,0,6.799221802558752e-192
Obesity:No,0,0,0.0
Obesity:No,1,0,8.019288266278025e-164
Obesity:No,0,0,7.785622392924458e-139
Obesity:No,0,0,0.0
Obesity:No,0,0,0.0
Obesity:No,0,0,0.0
Obesity:No,0,0,0.0
Obesity:No,0,0,0.0
Obesity:No,0,0,0.0
Obesity:No,0,0,0.0
Obesity:No,0,0,0.0
Obesity:No,0,0,7.263434418638662e-53
Obesity:No,0,0,0.0
Obesity:No,0,0,0.0
Obesity:No,0,0,3.1781434920966767e-211
Obesity:No,0,0,0.0
Obesity:No,0,0,2.8789978745447003e-274
Obesity:No,0,0,0.0
Obesity:No,0,0,0.0
Obesity:No,0,0,0.0
Obesity:No,0,0,6.625157537148769e-197
Obesity:No,0,0,0.0
Obesity:No,0,0,3.5385313366252875e-179
Obesity:No,0,0,0.0
Obesity:No,0,0,0.0
Obesity:No,0,0,0.0
Obesity:No,1,0,0.0
Obesity:No,0,0,0.0
Obesity:No,0,0,0.0
Obesity:No,0,0,0.0
Obesity:No,0,0,0.0
Obesity:No,0,0,4.561123397673355e-149
Obesity:No,0,0,0.0
Obesity:No,0,0,8.661041596790575e-223
Obesity:No,0,0,1.836970462587377e-169
Obesity:No,0,0,0.0
Obesity:No,0,0,4.0921015551103415e-197
Obesity:No,0,0,1.8528188074509369e-267
Obesity:No,0,0,0.0
Obesity:No,0,0,0.0
Obesity:No,0,0,0.0
Obesity:No,0,0,0.0
Obesity:No,0,0,0.0
Obesity:No,0,0,0.0
Obesity:No,0,0,0.0
Obesity:No,0,0,1.4376576043079331e-286
Obesity:No,0,0,0.0
Obesity:No,0,0,0.0
Obesity:No,0,0,6.341428837969104e-243
Obesity:No,0,0,0.0
Obesity:No,0,0,0.0
Obesity:No,0,0,0.0
Obesity:No,0,0,0.0
Obesity:No,0,0,0.0
Obesity:No,0,0,8.633643368563e-229
Obesity:No,0,0,0.0
Obesity:No,0,0,3.998532293965253e-251
Obesity:No,0,0,7.695128418228668e-285
Obesity:No,0,0,9.068047744181334e-149
Obesity:No,0,0,0.0
Obesity:No,0,0,0.0
Obesity:No,0,0,3.61351373257676e-301
Obesity:No,0,0,0.0
Obesity:No,0,0,0.0
Obesity:No,0,0,0.0
Obesity:No,0,0,8.635770312036214e-176
Obesity:No,0,0,3.647752714757549e-269
Obesity:No,0,0,0.0
Obesity:No,0,0,0.0
Obesity:No,0,0,6.81059591389285e-272
Obesity:No,0,0,0.0
Obesity:No,0,0,0.0
Obesity:No,0,0,0.0
Obesity:No,0,0,7.660783481598704e-227
Obesity:No,0,0,2.5977676482474636e-209
Obesity:No,0,0,0.0
Obesity:No,0,0,7.41669726457666e-131
Obesity:No,0,0,5.896325266239765e-304
Obesity:No,0,0,0.0
Obesity:No,0,0,8.531874722636536e-256
Obesity:No,0,0,8.278023703717867e-82
Obesity:No,0,0,0.0
Obesity:No,0,0,0.0
Obesity:No,0,0,0.0
Obesity:No,0,0,0.0
Obesity:No,0,0,0.0
Obesity:No,0,0,0.0
Obesity:No,0,0,4.204855279077841e-220
Obesity:No,0,0,0.0
Obesity:No,0,0,8.768333550430379e-209
Obesity:No,0,0,0.0
Obesity:No,0,0,0.0
Obesity:No,0,0,1.513527110113075e-242
Obesity:No,0,0,1.370514578362249e-298
Obesity:No,0,0,0.0
Obesity:No,0,0,7.119524023970473e-117
Obesity:No,0,0,0.0
Obesity:No,0,0,2.0018891511245498e-224
Obesity:No,0,0,0.0
Obesity:No,0,0,0.0
Obesity:No,0,0,0.0
Obesity:No,0,0,4.2684426523581145e-241
Obesity:No,0,0,4.345807500586156e-270
Obesity:No,0,0,1.6432949766880728e-135
Obesity:No,0,0,0.0
Obesity:No,0,0,0.0
Obesity:No,0,0,5.940373505498106e-139
Obesity:No,0,0,8.612876935450671e-164
Obesity:No,0,0,0.0
Obesity:No,0,0,0.0
Obesity:No,0,0,0.0
Obesity:No,0,0,0.0
Obesity:No,0,0,0.0
Obesity:No,0,0,0.0
Obesity:No,0,0,0.0
Obesity:No,0,0,0.0
Obesity:No,0,0,0.0
Obesity:No,0,0,0.0
Obesity:No,0,0,2.3683471172544145e-200
Obesity:No,0,0,0.0
Obesity:No,0,0,0.0
Obesity:No,0,0,4.883667779101549e-293
Obesity:No,0,0,2.6381331282574365e-276
Obesity:No,0,0,0.0
Obesity:No,0,0,2.598346360337395e-134
Obesity:No,1,0,2.3913261764475247e-145
Obesity:No,1,0,3.6375295224456483e-116
Obesity:No,0,0,0.0
Obesity:No,0,0,0.0
Obesity:No,0,0,2.1422150175740386e-281
Obesity:No,0,0,0.0
Obesity:No,0,0,4.1373570298640024e-116
Obesity:No,0,0,0.0
Obesity:No,0,0,3.6480624297756205e-208
Obesity:No,0,0,0.0
Obesity:No,0,0,1.4479221642714104e-272
Obesity:No,0,0,2.334621436545223e-289
Obesity:No,0,0,1.710446254355873e-306
Obesity:No,0,0,1.3180481339341601e-277
Obesity:No,0,0,0.0
Obesity:No,0,0,0.0
Obesity:No,0,0,0.0
Obesity:No,0,0,0.0
Obesity:No,0,0,2.4775296517770295e-297
Obesity:No,0,0,2.6133913785040698e-183
Obesity:No,0,0,0.0
Obesity:No,0,0,0.0
Obesity:No,0,0,0.0
Obesity:No,0,0,0.0
Obesity:No,0,0,0.0
Obesity:No,0,0,0.0
Obesity:No,0,0,2.3108078957718702e-271
Obesity:No,0,0,8.660981547429296e-306
Obesity:No,0,0,0.0
Obesity:No,0,0,2.4786744709304386e-303
Obesity:No,0,0,0.0
Obesity:No,0,0,0.0
Obesity:No,0,0,3.5387023362073753e-62
Obesity:No,0,0,2.2983445134159008e-272
Obesity:No,0,0,9.305751368466417e-209
Obesity:No,0,0,0.0
Obesity:No,0,0,0.0
Obesity:No,0,0,0.0
Obesity:No,0,0,0.0
Obesity:No,0,0,1.2958524755855371e-269
Obesity:No,0,0,0.0
Obesity:No,0,0,0.0
Obesity:No,0,0,2.6724411813722316e-111
Obesity:No,0,0,3.919587413250207e-149
Obesity:No,0,0,0.0
Obesity:No,0,0,0.0
Obesity:No,0,0,0.0
Obesity:No,1,0,0.0
Obesity:No,0,0,0.0
Obesity:No,0,0,1.2862635556845658e-224
Obesity:No,1,0,2.1628177208826417e-281
Obesity:No,0,0,0.0
Obesity:No,0,0,0.0
Obesity:No,0,0,0.0
Obesity:No,0,0,0.0
Obesity:No,0,0,0.0
Obesity:No,0,0,4.134394619537431e-295
Obesity:No,0,0,0.0
Obesity:No,0,0,0.0
Obesity:No,0,0,0.0
Obesity:No,0,0,4.890390006134018e-131
Obesity:No,0,0,0.0
Obesity:No,0,0,0.0
Obesity:No,0,0,0.0
Obesity:No,0,0,2.865455488105159e-184
Obesity:No,0,0,0.0
Obesity:No,0,0,0.0
Obesity:No,0,0,6.082282734108388e-31
Obesity:No,0,0,0.0
Obesity:No,0,0,0.0
Obesity:No,0,0,0.0
Obesity:No,0,0,0.0
Obesity:No,0,0,0.0
Obesity:No,0,0,3.710544871286933e-232
Obesity:No,0,0,0.0
Obesity:No,0,0,0.0
Obesity:No,0,0,0.0
Obesity:No,0,0,1.7313125517075907e-155
Obesity:No,0,0,4.0033789801225863e-221
Obesity:No,0,0,4.7127458809588283e-278
Obesity:No,0,0,0.0
Obesity:No,0,0,0.0
Obesity:No,0,0,0.0
Obesity:No,0,0,0.0
Obesity:No,0,0,0.0
Obesity:No,0,0,0.0
Obesity:No,0,0,0.0
Obesity:No,0,0,0.0
Obesity:No,0,0,0.0
Obesity:No,0,0,0.0
Obesity:No,0,0,1.6815135561714487e-207
Obesity:No,0,1,1.0
Obesity:No,0,0,0.0
Obesity:No,0,0,2.8292350436913486e-136
Obesity:No,0,0,0.0
Obesity:No,0,0,0.0
Obesity:No,0,0,0.0
Obesity:No,0,0,1.2408540810257449e-297
Obesity:No,0,0,0.0
Obesity:No,0,0,1.5394142464252907e-99
Obesity:No,0,0,1.1452164117613223e-144
Obesity:No,0,0,5.57941383544903e-166
Obesity:No,0,0,9.415860637804823e-215
Obesity:No,0,0,0.0
Obesity:No,0,0,0.0
Obesity:No,0,0,0.0
Obesity:No,0,0,0.0
Obesity:No,0,0,0.0
Obesity:No,0,0,0.0
Obesity:No,0,0,1.5278705849689358e-189
Obesity:No,0,0,8.198114449057707e-270
Obesity:No,0,0,1.479260632993759e-250
Obesity:No,0,0,3.227341957883845e-210
Obesity:No,0,0,5.665038353108654e-279
Obesity:No,0,0,0.0
Obesity:No,0,0,0.0
Obesity:No,0,0,4.072219445456908e-137
Obesity:No,0,0,9.068231727585158e-227
Obesity:No,0,0,0.0
Obesity:No,0,0,2.6003613215590833e-267
Obesity:No,0,0,0.0
Obesity:No,0,0,6.891858109612025e-114
Obesity:No,0,0,0.0
Obesity:No,0,0,0.0
Obesity:No,0,0,0.0
Obesity:No,0,0,0.0
Obesity:No,0,0,0.0
Obesity:No,0,0,0.0
Obesity:No,0,0,5.1453581871317506e-256
Obesity:No,0,0,0.0
Obesity:No,0,0,0.0
Obesity:No,0,0,6.198293671172071e-174
Obesity:No,0,0,0.0
Obesity:No,0,0,0.0
Obesity:No,0,0,0.0
Obesity:No,0,0,0.0
Obesity:No,0,0,0.0
Obesity:No,0,0,0.0
Obesity:No,0,0,0.0
Obesity:No,0,0,8.392485757111834e-261
Obesity:No,0,0,1.5027118724025997e-294
Obesity:No,0,0,0.0
Obesity:No,0,0,0.0
Obesity:No,0,0,0.0
Obesity:No,0,0,0.0
Obesity:No,0,0,7.123548246860039e-202
Obesity:No,0,0,0.0
Obesity:No,0,0,0.0
Obesity:No,0,0,1.2337826745240408e-221
Obesity:No,0,0,0.0
Obesity:No,0,0,0.0
Obesity:No,0,0,2.604377714011915e-230
Obesity:No,0,0,0.0
Obesity:No,0,0,0.0
Obesity:No,0,0,0.0
Obesity:No,0,0,0.0
Obesity:No,0,0,0.0
Obesity:No,0,0,0.0
Obesity:No,0,0,0.0
Obesity:No,0,0,0.0
Obesity:No,0,0,5.482173878448213e-190
Obesity:No,0,0,0.0
Obesity:No,0,0,1.3036582989776427e-186
Obesity:No,0,0,1.1736793266862332e-275
Obesity:No,0,0,1.1813039531683401e-237
Obesity:No,0,0,0.0
Obesity:No,0,0,5.435873677771403e-267
Obesity:No,0,0,0.0
Obesity:No,0,0,1.9738519892351744e-128
Obesity:No,0,0,0.0
Obesity:No,0,0,8.739978627290605e-112
Obesity:No,0,0,1.8830221042152555e-218
Obesity:No,0,0,7.845209722304009e-193
Obesity:No,0,0,0.0
Obesity:No,0,0,0.0
Obesity:No,0,0,1.1137272854055751e-278
Obesity:No,0,0,0.0
Obesity:No,0,0,2.1343684707031838e-244
Obesity:No,0,0,0.0
Obesity:No,0,0,3.2006509967904834e-174
Obesity:No,0,0,9.755543005795635e-249
Obesity:No,0,0,2.2039482607271968e-223
Obesity:No,0,0,0.0
Obesity:No,0,0,0.0
Obesity:No,0,0,7.564367187894483e-264
Obesity:No,0,0,0.0
Obesity:No,0,0,0.0
Obesity:No,0,0,0.0
Obesity:No,0,0,8.592887130840476e-122
Obesity:No,0,0,0.0
Obesity:No,0,0,0.0
Obesity:No,0,0,0.0
Obesity:No,0,0,0.0
Obesity:No,0,0,0.0
Obesity:No,0,0,9.447185484184221e-291
Obesity:No,0,0,0.0
Obesity:No,0,0,0.0
Obesity:No,0,0,2.0932673255016223e-166
Obesity:No,0,0,0.0
Obesity:No,0,0,0.0
Obesity:No,0,0,0.0
Obesity:No,0,0,0.0
Obesity:No,0,0,0.0
Obesity:No,0,0,0.0
Obesity:No,0,0,6.225738537700439e-241
Obesity:No,0,0,2.265621110159074e-298
Obesity:No,0,0,5.7353479407478163e-67
Obesity:No,0,0,1.2134203614245017e-164
Obesity:No,0,0,8.466278173751217e-248
Obesity:No,0,0,0.0
Obesity:No,0,0,3.520203865805152e-219
Obesity:No,0,0,0.0
Obesity:No,0,0,1.4788415957346393e-216
Obesity:No,0,0,1.1047816302799452e-151
Obesity:No,0,0,3.460614182371356e-284
Obesity:No,0,0,0.0
Obesity:No,1,0,1.0216206547747162e-286
Obesity:No,0,0,4.458102998816716e-223
Obesity:No,0,0,0.0
Obesity:No,0,0,0.0
Obesity:No,0,0,9.623221052485822e-299
Obesity:No,0,0,0.0
Obesity:No,0,0,1.0647266210672574e-223
Obesity:No,0,0,0.0
Obesity:No,0,0,0.0
Obesity:No,0,0,0.0
Obesity:No,0,0,6.2666804753210115e-83
Obesity:No,0,0,1.1922957941112745e-250
Obesity:No,0,0,0.0
Obesity:No,0,0,0.0
Obesity:No,1,0,4.850462578184006e-44
Obesity:No,0,0,0.0
Obesity:No,0,0,0.0
Obesity:No,0,0,0.0
Obesity:No,0,0,1.1725994693534375e-298
Obesity:No,0,0,1.2529723753553178e-216
Obesity:No,0,0,0.0
Obesity:No,0,0,0.0
Obesity:No,0,0,0.0
Obesity:No,1,0,6.411836449321741e-220
Obesity:No,0,0,0.0
Obesity:No,0,0,0.0
Obesity:No,0,0,0.0
Obesity:No,0,0,2.763706514992593e-194
Obesity:No,0,0,4.274844327235332e-222
Obesity:No,0,0,0.0
Obesity:No,0,0,0.0
Obesity:No,0,0,0.0
Obesity:No,0,0,0.0
Obesity:No,0,0,4.439918362005196e-247
Obesity:No,0,0,1.8328414745741153e-130
Obesity:No,0,0,0.0
Obesity:No,0,0,0.0
Obesity:No,0,0,8.880549361833583e-96
Obesity:No,0,0,0.0
Obesity:No,0,0,1.4482854155807045e-172
Obesity:No,0,0,1.3309037003758253e-202
Obesity:No,0,0,5.596846710978777e-294
Obesity:No,0,0,0.0
Obesity:No,0,0,0.0
Obesity:No,0,0,3.586114047077855e-114
Obesity:No,0,0,9.743756107658384e-300
Obesity:No,0,0,0.0
Obesity:No,0,0,5.1326272852578555e-179
Obesity:No,0,0,2.924282216857836e-305
Obesity:No,0,0,0.0
Obesity:No,0,0,0.0
Obesity:No,0,0,2.8620121280520113e-294
Obesity:No,0,0,0.0
Obesity:No,0,0,0.0
Obesity:No,0,0,0.0
Obesity:No,0,0,7.527850930617738e-210
Obesity:No,0,0,0.0
Obesity:No,0,0,0.0
Obesity:No,0,0,4.059870375271288e-76
Obesity:No,0,0,0.0
Obesity:No,0,0,5.0849176206712546e-197
Obesity:No,0,0,4.706431044581682e-284
Obesity:No,0,0,0.0
Obesity:No,0,0,0.0
Obesity:No,0,0,0.0
Obesity:No,0,0,0.0
Obesity:No,0,0,1.1179943009039064e-291
Obesity:No,0,0,0.0
Obesity:No,0,0,0.0
Obesity:No,0,0,1.9101337299928761e-196
Obesity:No,0,0,0.0
Obesity:No,0,0,0.0
Obesity:No,0,0,1.6042527968407922e-260
Obesity:No,0,0,1.3002027377642082e-229
Obesity:No,0,0,0.0
Obesity:No,0,0,0.0
Obesity:No,0,0,0.0
Obesity:No,0,0,0.0
Obesity:No,0,0,0.0
Obesity:No,0,0,0.0
Obesity:No,0,0,1.1216573243264116e-302
Obesity:No,0,0,0.0
Obesity:No,0,0,0.0
Obesity:No,0,0,2.148869819870105e-255
Obesity:No,0,0,0.0
Obesity:No,0,0,3.822005875424113e-294
Obesity:No,0,0,0.0
Obesity:No,0,0,0.0
Obesity:No,0,0,3.221580701762643e-173
Obesity:No,0,0,3.856512879901767e-242
Obesity:No,0,0,0.0
Obesity:No,0,0,1.5532551094788551e-245
Obesity:No,0,0,1.558824222295657e-82
Obesity:No,0,0,0.0
Obesity:No,0,0,0.0
Obesity:No,0,0,0.0
Obesity:No,0,0,2.6229573943170324e-259
Obesity:No,0,0,0.0
Obesity:No,0,0,0.0
Obesity:No,0,0,1.6233447028928727e-292
Obesity:No,0,0,1.3430802733286375e-228
Obesity:No,0,0,2.9869779436720056e-306
Obesity:No,0,0,0.0
Obesity:No,0,0,0.0
Obesity:No,0,0,9.192880634545895e-55
Obesity:No,0,0,0.0
Obesity:No,0,0,0.0
Obesity:No,0,0,0.0
Obesity:No,0,0,0.0
Obesity:No,0,0,0.0
Obesity:No,0,0,1.837363232956674e-302
Obesity:No,0,0,0.0
Obesity:No,0,0,2.0575382341448403e-211
Obesity:No,0,0,6.699877138718611e-254
Obesity:No,0,0,0.0
Obesity:No,0,0,4.9304250149333085e-197
Obesity:No,0,0,0.0
Obesity:No,0,1,1.0
Obesity:No,0,0,0.0
Obesity:No,0,0,0.0
Obesity:No,0,0,1.6754496654455412e-194
Obesity:No,0,0,0.0
Obesity:No,0,0,0.0
Obesity:No,0,0,0.0
Obesity:No,0,0,0.0
Obesity:No,0,0,5.925919951256854e-280
Obesity:No,0,0,3.597483212586358e-187
Obesity:No,0,0,1.5728012029521858e-301
Obesity:No,0,0,0.0
Obesity:No,0,0,1.245581731911824e-245
Obesity:No,0,0,0.0
Obesity:No,0,0,3.3829882893615487e-146
Obesity:No,0,0,0.0
Obesity:No,0,0,4.25186486727621e-295
Obesity:No,0,0,0.0
Obesity:No,0,0,0.0
Obesity:No,0,0,0.0
Obesity:No,0,0,1.9338093386127685e-243
Obesity:No,0,0,1.4841441916920936e-283
Obesity:No,0,0,1.034956301151143e-261
Obesity:No,0,0,0.0
Obesity:No,0,0,1.3166299232855617e-259
Obesity:No,0,0,0.0
Obesity:No,0,0,0.0
Obesity:No,0,0,2.746406103123042e-145
Obesity:No,0,0,0.0
Obesity:No,0,0,6.910782466513218e-272
Obesity:No,0,0,4.536217634988259e-172
Obesity:No,0,0,0.0
Obesity:No,0,0,3.61232144305639e-277
Obesity:No,0,0,0.0
Obesity:No,0,0,0.0
Obesity:No,0,0,0.0
Obesity:No,0,0,0.0
Obesity:No,0,0,0.0
Obesity:No,0,0,0.0
Obesity:No,0,0,0.0
Obesity:No,0,0,0.0
Obesity:No,0,0,0.0
Obesity:No,0,0,0.0
Obesity:No,0,0,0.0
Obesity:No,0,0,4.3443039334163515e-252
Obesity:No,0,0,0.0
Obesity:No,0,0,0.0
Obesity:No,0,0,0.0
Obesity:No,0,0,0.0
Obesity:No,0,0,0.0
Obesity:No,0,0,0.0
Obesity:No,0,0,2.4912339091472652e-228
Obesity:No,0,0,5.361938957233845e-264
Obesity:No,0,0,0.0
Obesity:No,0,0,0.0
Obesity:No,0,0,4.655495677721448e-154
Obesity:No,0,0,5.71533251132168e-187
Obesity:No,0,0,2.3067941862736836e-48
Obesity:No,0,0,0.0
Obesity:No,0,0,0.0
Obesity:No,0,0,0.0
Obesity:No,0,0,1.5327989373701973e-257
Obesity:No,0,0,0.0
Obesity:No,0,0,0.0
Obesity:No,0,0,0.0
Obesity:No,0,0,0.0
Obesity:No,0,0,0.0
Obesity:No,0,0,0.0
Obesity:No,0,0,0.0
Obesity:No,0,0,0.0
Obesity:No,0,0,1.4818283815778078e-298
Obesity:No,0,0,0.0
Obesity:No,0,0,0.0
Obesity:No,0,0,0.0
Obesity:No,0,0,9.240019990429686e-191
Obesity:No,0,0,0.0
Obesity:No,0,0,0.0
Obesity:No,0,0,0.0
Obesity:No,0,0,0.0
Obesity:No,0,0,0.0
Obesity:No,0,0,8.129727239590916e-277
Obesity:No,0,0,0.0
Obesity:No,0,0,0.0
Obesity:No,0,0,0.0
Obesity:No,0,0,0.0
Obesity:No,0,0,0.0
Obesity:No,0,0,2.4890811851172526e-219
Obesity:No,0,0,0.0
Obesity:No,0,0,9.831239291842058e-304
Obesity:No,0,0,0.0
Obesity:No,0,0,2.3345966454170675e-258
Obesity:No,0,0,0.0
Obesity:No,0,0,0.0
Obesity:No,0,0,0.0
Obesity:No,0,0,0.0
Obesity:No,0,0,2.6585864436018365e-210
Obesity:No,0,0,0.0
Obesity:No,0,0,0.0
Obesity:No,0,0,0.0
Obesity:No,0,0,0.0
Obesity:No,0,0,0.0
Obesity:No,0,0,1.2213267773979593e-132
Obesity:No,0,0,3.0358691853435763e-274
Obesity:No,0,0,0.0
Obesity:No,0,0,0.0
Obesity:No,0,0,0.0
Obesity:No,0,0,9.06108248794689e-267
Obesity:No,0,0,1.1700015587912884e-289
Obesity:No,0,0,0.0
Obesity:No,0,0,0.0
Obesity:No,0,0,0.0
Obesity:No,0,0,7.932786194923997e-225
Obesity:No,0,0,0.0
Obesity:No,0,0,0.0
Obesity:No,0,0,0.0
Obesity:No,0,0,8.445184043805941e-306
Obesity:No,0,0,0.0
Obesity:No,0,0,5.034517141488918e-263
Obesity:No,0,0,0.0
Obesity:No,0,0,0.0
Obesity:No,0,0,4.477125724259878e-183
Obesity:No,0,0,0.0
Obesity:No,0,0,4.6866945483745755e-269
Obesity:No,0,0,4.310005291953034e-296
Obesity:No,0,0,4.8224385145232876e-291
Obesity:No,0,0,0.0
Obesity:No,0,0,0.0
Obesity:No,0,0,0.0
Obesity:No,0,0,0.0
Obesity:No,0,0,6.027410592108505e-306
Obesity:No,0,0,1.9591578415780005e-204
Obesity:No,0,0,0.0
Obesity:No,0,0,0.0
Obesity:No,0,0,4.522634357891581e-110
Obesity:No,0,0,0.0
Obesity:No,0,0,0.0
Obesity:No,1,0,6.940644438714778e-202
Obesity:No,0,0,0.0
Obesity:No,0,0,4.6651560934535905e-167
Obesity:No,0,0,0.0
Obesity:No,0,0,0.0
Obesity:No,0,0,0.0
Obesity:No,0,0,0.0
Obesity:No,0,0,0.0
Obesity:No,0,0,0.0
Obesity:No,0,0,0.0
Obesity:No,0,0,0.0
Obesity:No,0,0,0.0
Obesity:No,0,0,0.0
Obesity:No,0,0,1.7320445963456501e-220
Obesity:No,0,0,0.0
Obesity:No,0,0,0.0
Obesity:No,0,0,0.0
Obesity:No,0,0,0.0
Obesity:No,0,0,0.0
Obesity:No,0,0,0.0
Obesity:No,0,0,0.0
Obesity:No,0,0,4.8645551767987956e-211
Obesity:No,0,0,0.0
Obesity:No,0,0,1.4658562749435962e-280
Obesity:No,0,0,0.0
Obesity:No,0,0,0.0
Obesity:No,0,0,0.0
Obesity:No,0,0,0.0
Obesity:No,1,1,1.0
Obesity:No,0,0,0.0
Obesity:No,0,0,0.0
Obesity:No,0,0,0.0
Obesity:No,0,0,4.723414308568488e-298
Obesity:No,0,0,1.2975034545845859e-200
Obesity:No,1,0,0.0
Obesity:No,0,0,0.0
Obesity:No,0,0,6.351397919965862e-244
Obesity:No,0,0,0.0
Obesity:No,0,0,0.0
Obesity:No,0,0,5.682843599310489e-168
Obesity:No,0,0,0.0
Obesity:No,0,0,0.0
Obesity:No,0,0,0.0
Obesity:No,0,0,1.6456052694392065e-151
Obesity:No,0,0,0.0
Obesity:No,0,0,0.0
Obesity:No,0,0,4.385127668505201e-228
Obesity:No,0,0,3.432304790192322e-212
Obesity:No,1,0,4.866993648287155e-57
Obesity:No,1,0,0.0
Obesity:No,0,0,0.0
Obesity:No,0,0,0.0
Obesity:No,0,0,2.499162542779119e-211
Obesity:No,0,0,0.0
Obesity:No,0,0,0.0
Obesity:No,0,0,0.0
Obesity:No,0,0,3.7329858130055497e-274
Obesity:No,0,0,0.0
Obesity:No,0,0,0.0
Obesity:No,0,0,4.258432860759611e-109
Obesity:No,0,0,4.895984736407044e-270
Obesity:No,0,0,0.0
Obesity:No,0,0,0.0
Obesity:No,0,0,0.0
Obesity:No,0,0,8.405865489801628e-259
Obesity:No,0,0,0.0
Obesity:No,0,0,0.0
Obesity:No,0,0,0.0
Obesity:No,0,0,0.0
Obesity:No,0,0,0.0
Obesity:No,0,0,0.0
Obesity:No,0,0,0.0
Obesity:No,0,0,0.0
Obesity:No,0,0,0.0
Obesity:No,0,1,0.9999999999055693
Obesity:No,0,0,0.0
Obesity:No,0,0,0.0
Obesity:No,0,0,0.0
Obesity:No,0,0,0.0
Obesity:No,0,0,1.6726515930549607e-284
Obesity:No,0,0,6.040503223817359e-267
Obesity:No,0,0,0.0
Obesity:No,0,0,0.0
Obesity:No,0,0,0.0
Obesity:No,0,0,1.3600709215181977e-244
Obesity:No,0,0,1.3765798247009108e-307
Obesity:No,0,0,0.0
Obesity:No,0,0,2.292025230191177e-59
Obesity:No,0,0,0.0
Obesity:No,0,0,0.0
Obesity:No,0,0,1.0941809898341965e-256
Obesity:No,0,0,0.0
Obesity:No,0,0,0.0
Obesity:No,0,0,0.0
Obesity:No,0,0,0.0
Obesity:No,0,0,1.9976344390036294e-82
Obesity:No,0,0,3.3188025972992024e-198
Obesity:No,0,0,6.139253366219498e-152
Obesity:No,0,0,0.0
Obesity:No,0,0,0.0
Obesity:No,0,0,4.606639443961256e-281
Obesity:No,0,0,0.0
Obesity:No,0,0,0.0
Obesity:No,0,0,5.640593590541558e-195
Obesity:No,0,0,0.0
Obesity:No,0,0,1.316266975479473e-202
Obesity:No,0,0,3.9555077310643526e-35
Obesity:No,0,0,0.0
Obesity:No,0,0,0.0
Obesity:No,0,0,0.0
Obesity:No,0,0,0.0
Obesity:No,0,0,4.568994887020993e-206
Obesity:No,0,0,1.0872733248056222e-270
Obesity:No,0,0,0.0
Obesity:No,0,0,1.7381297589361747e-162
Obesity:No,1,0,0.0
Obesity:No,0,0,0.0
Obesity:No,0,0,0.0
Obesity:No,0,0,0.0
Obesity:No,0,0,0.0
Obesity:No,0,0,1.3460359780535607e-223
Obesity:No,0,0,1.1482984300363463e-148
Obesity:No,0,0,0.0
Obesity:No,0,0,0.0
Obesity:No,0,0,3.974682517517155e-269
Obesity:No,0,0,7.951291021959842e-288
Obesity:No,1,0,0.0
Obesity:No,0,0,2.610746556956964e-160
Obesity:No,0,0,0.0
Obesity:No,0,0,0.0
Obesity:No,0,0,7.254907726117725e-272
Obesity:No,0,0,5.034822752624773e-262
Obesity:No,0,0,0.0
Obesity:No,0,0,0.0
Obesity:No,0,0,0.0
Obesity:No,0,0,0.0
Obesity:No,0,0,0.0
Obesity:No,0,0,2.36367445745914e-171
Obesity:No,0,0,1.0337536221168255e-37
Obesity:No,0,0,0.0
Obesity:No,0,0,0.0
Obesity:No,0,0,2.8767793609462828e-238
Obesity:No,0,0,0.0
Obesity:No,0,0,9.38738289523174e-267
Obesity:No,0,0,3.707664373170708e-252
Obesity:No,0,0,0.0
Obesity:No,0,0,0.0
Obesity:No,0,0,0.0
Obesity:No,0,0,1.9338413549123316e-215
Obesity:No,0,0,0.0
Obesity:No,0,0,0.0
Obesity:No,0,0,1.3669660296020783e-258
Obesity:No,0,0,2.0884990339021242e-262
Obesity:No,0,0,0.0
Obesity:No,1,0,0.0
Obesity:No,0,0,2.9429162840417384e-92
Obesity:No,0,0,1.4110864516864102e-289
Obesity:No,0,0,1.4180076302214526e-207
Obesity:No,0,0,1.151325528221367e-143
Obesity:No,0,0,2.0565403051516657e-123
Obesity:No,0,0,3.0346760862127068e-204
Obesity:No,0,0,0.0
Obesity:No,0,0,0.0
Obesity:No,0,0,3.557778550450202e-308
Obesity:No,0,0,0.0
Obesity:No,0,0,1.5243030457436161e-243
Obesity:No,0,0,1.651239565124915e-239
Obesity:No,0,0,7.455849448716673e-207
Obesity:No,0,0,8.857499179103955e-277
Obesity:No,0,0,0.0
Obesity:No,0,0,0.0
Obesity:No,0,0,0.0
Obesity:No,0,0,0.0
Obesity:No,0,0,8.69864456059613e-296
Obesity:No,0,0,5.946778493643799e-283
Obesity:No,0,0,0.0
Obesity:No,0,0,0.0
Obesity:No,0,0,1.1452888461457936e-265
Obesity:No,0,0,5.252892001212133e-272
Obesity:No,0,0,0.0
Obesity:No,0,0,1.2055108898041233e-258
Obesity:No,0,0,0.0
Obesity:No,0,0,1.051410430153272e-151
Obesity:No,1,0,9.986191376259709e-204
Obesity:No,0,0,2.437860105361608e-276
Obesity:No,0,0,2.674582639072596e-153
Obesity:No,0,0,2.1296647859731956e-197
Obesity:No,1,0,0.0
Obesity:No,0,0,0.0
Obesity:No,0,0,3.2825769091013407e-289
Obesity:No,0,0,0.0
Obesity:No,0,0,0.0
Obesity:No,0,0,5.9193684250285485e-301
Obesity:No,0,0,0.0
Obesity:No,0,0,0.0
Obesity:No,0,0,7.137585318212403e-207
Obesity:No,0,0,1.1208615396139964e-251
Obesity:No,0,0,0.0
Obesity:No,0,0,0.0
Obesity:No,0,0,0.0
Obesity:No,0,0,9.035163863340933e-143
Obesity:No,0,0,0.0
Obesity:No,0,0,5.171953627363441e-281
Obesity:No,0,0,0.0
Obesity:No,0,0,0.0
Obesity:No,0,0,0.0
Obesity:No,0,0,0.0
Obesity:No,0,0,2.946118270214802e-264
Obesity:No,0,0,0.0
Obesity:No,0,0,0.0
Obesity:No,0,0,0.0
Obesity:No,0,0,0.0
Obesity:No,0,0,0.0
Obesity:No,0,0,0.0
Obesity:No,0,0,5.923072328124522e-119
Obesity:No,0,0,4.470989625390646e-270
Obesity:No,0,0,0.0
Obesity:No,0,0,0.0
Obesity:No,0,0,1.8572021597707193e-186
Obesity:No,1,0,1.349423663707656e-245
Obesity:No,0,0,0.0
Obesity:No,0,0,0.0
Obesity:No,1,0,1.1026458677350644e-146
Obesity:No,0,0,2.4119429260944134e-302
Obesity:No,0,0,8.646523208425292e-301
Obesity:No,0,0,0.0
Obesity:No,0,0,0.0
Obesity:No,0,0,0.0
Obesity:No,0,0,0.0
Obesity:No,0,0,0.0
Obesity:No,0,0,4.843458619099783e-236
Obesity:No,0,0,4.775258200443601e-279
Obesity:No,0,0,6.225722050311825e-261
Obesity:No,0,0,5.932182663690038e-162
Obesity:No,0,1,1.0
Obesity:No,0,0,0.0
Obesity:No,0,0,0.0
Obesity:No,0,0,1.8255169136438652e-304
Obesity:No,0,0,4.1105416861654273e-172
Obesity:No,0,0,0.0
Obesity:No,0,0,2.2186533795056622e-123
Obesity:No,0,0,0.0
Obesity:No,0,0,0.0
Obesity:No,0,0,5.472581297315365e-255
Obesity:No,0,0,4.094424546660907e-231
Obesity:No,0,0,1.18881143379198e-249
Obesity:No,0,0,6.38546996366573e-123
Obesity:No,0,0,0.0
Obesity:No,0,0,0.0
Obesity:No,0,0,0.0
Obesity:No,0,0,0.0
Obesity:No,0,0,0.0
Obesity:No,0,0,0.0
Obesity:No,0,0,0.0
Obesity:No,0,0,0.0
Obesity:No,0,0,0.0
Obesity:No,0,0,3.8595503056396924e-305
Obesity:No,0,0,0.0
Obesity:No,0,0,4.694739950668277e-136
Obesity:No,0,0,1.431567124904212e-243
Obesity:No,0,0,0.0
Obesity:No,0,0,0.0
Obesity:No,0,0,1.2501560739580255e-192
Obesity:No,0,0,1.5199876629217886e-203
Obesity:No,0,0,0.0
Obesity:No,0,0,0.0
Obesity:No,0,0,0.0
Obesity:No,0,0,0.0
Obesity:No,0,0,7.415591146429826e-242
Obesity:No,0,0,2.330542267394182e-296
Obesity:No,0,0,0.0
Obesity:No,0,0,0.0
Obesity:No,0,0,1.25104739495682e-60
Obesity:No,0,0,0.0
Obesity:No,0,0,3.1815855191885906e-49
Obesity:No,0,0,0.0
Obesity:No,0,0,9.101505104464197e-299
Obesity:No,0,0,0.0
Obesity:No,0,0,0.0
Obesity:No,0,0,2.159622764996775e-138
Obesity:No,0,0,0.0
Obesity:No,1,0,7.868505502067938e-265
Obesity:No,0,0,0.0
Obesity:No,0,0,9.754794579478538e-177
Obesity:No,0,0,5.411081097531149e-193
Obesity:No,0,0,1.761426949772768e-157
Obesity:No,0,0,0.0
Obesity:No,0,0,2.3335485402810825e-240
Obesity:No,0,0,0.0
Obesity:No,0,0,1.5321025692573533e-207
Obesity:No,0,0,0.0
Obesity:No,0,0,0.0
Obesity:No,0,0,0.0
Obesity:No,0,0,1.275569988412793e-288
Obesity:No,0,0,4.525494025223305e-239
Obesity:No,0,0,0.0
Obesity:No,0,0,0.0
Obesity:No,0,0,6.431656220323821e-261
Obesity:No,0,0,0.0
Obesity:No,0,0,0.0
Obesity:No,0,0,4.093410627581168e-266
Obesity:No,0,0,0.0
Obesity:No,0,0,7.585835232832591e-199
Obesity:No,0,0,0.0
Obesity:No,0,0,1.4896021024712949e-267
Obesity:No,0,0,4.6416000170157815e-267
Obesity:No,0,0,0.0
Obesity:No,0,0,2.050852406571629e-143
Obesity:No,0,0,0.0
Obesity:No,0,0,0.0
Obesity:No,0,0,3.661831830238867e-191
Obesity:No,0,0,2.110414138656336e-176
Obesity:No,0,0,0.0
Obesity:No,0,0,1.6924118754912646e-152
Obesity:No,0,0,0.0
Obesity:No,0,0,0.0
Obesity:No,0,0,6.237767028797004e-211
Obesity:No,0,0,0.0
Obesity:No,0,0,8.246180818872314e-170
Obesity:No,0,0,0.0
Obesity:No,0,0,0.0
Obesity:No,0,0,1.361564958480467e-239
Obesity:No,0,0,3.150152082490024e-175
Obesity:No,0,0,0.0
Obesity:No,0,0,1.165872064914324e-115
Obesity:No,0,0,0.0
Obesity:No,0,0,0.0
Obesity:No,0,0,1.0849555135726027e-253
Obesity:No,0,0,0.0
Obesity:No,0,0,0.0
Obesity:No,0,0,1.2506831969262339e-233
Obesity:No,0,0,0.0
Obesity:No,0,0,5.341213133090211e-285
Obesity:No,0,0,1.5097327106747052e-12
Obesity:No,0,0,0.0
Obesity:No,0,0,0.0
Obesity:No,0,0,3.7900916633804877e-233
Obesity:No,0,0,3.019350867642633e-304
Obesity:No,0,0,0.0
Obesity:No,0,0,3.350625086124203e-140
Obesity:No,0,0,0.0
Obesity:No,0,0,7.149631098806746e-179
Obesity:No,0,0,0.0
Obesity:No,0,0,0.0
Obesity:No,0,0,0.0
Obesity:No,0,0,1.5910755283861236e-136
Obesity:No,0,0,0.0
Obesity:No,0,0,0.0
Obesity:No,0,0,0.0
Obesity:No,0,0,7.943103851419325e-236
Obesity:No,0,0,3.214380477092799e-288
Obesity:No,0,0,0.0
Obesity:No,0,0,1.9023799490309514e-187
Obesity:No,0,0,0.0
Obesity:No,0,0,0.0
Obesity:No,0,0,0.0
Obesity:No,0,0,0.0
Obesity:No,0,0,0.0
Obesity:No,0,0,0.0
Obesity:No,0,0,0.0
Obesity:No,0,0,0.0
Obesity:No,0,0,1.6536296655340804e-148
Obesity:No,0,0,0.0
Obesity:No,0,0,6.230753937629734e-289
Obesity:No,0,0,6.410789346424995e-177
Obesity:No,0,0,1.8401960791714064e-159
Obesity:No,0,0,0.0
Obesity:No,0,0,0.0
Obesity:No,0,0,0.0
Obesity:No,0,0,0.0
Obesity:No,0,0,0.0
Obesity:No,0,0,1.5959268721774734e-285
Obesity:No,0,0,7.38283064039609e-200
Obesity:No,0,0,8.097624020766861e-299
Obesity:No,0,0,0.0
Obesity:No,0,0,0.0
Obesity:No,0,0,6.0149720410416146e-92
Obesity:No,0,0,0.0
Obesity:No,0,0,0.0
Obesity:No,0,0,0.0
Obesity:No,0,0,0.0
Obesity:No,0,0,0.0
Obesity:No,0,0,0.0
Obesity:No,0,0,1.9922032144277264e-180
Obesity:No,0,0,1.3875642489366643e-172
Obesity:No,0,0,0.0
Obesity:No,0,0,4.8007112583029544e-253
Obesity:No,0,0,3.350595909292855e-209
Obesity:No,0,0,0.0
Obesity:No,0,0,5.950961173063283e-309
Obesity:No,0,0,1.7286566076643597e-190
Obesity:No,0,0,0.0
Obesity:No,0,0,0.0
Obesity:No,0,0,2.0788725209478607e-104
Obesity:No,0,0,0.0
Obesity:No,0,0,0.0
Obesity:No,0,0,0.0
Obesity:No,0,0,0.0
Obesity:No,0,0,0.0
Obesity:No,0,0,0.0
Obesity:No,0,0,3.1447689966610796e-250
Obesity:No,0,0,0.0
Obesity:No,0,0,0.0
Obesity:No,0,0,0.0
Obesity:No,0,0,0.0
Obesity:No,0,0,0.0
Obesity:No,0,0,0.0
Obesity:No,0,0,0.0
Obesity:No,0,0,1.3852006517426862e-252
Obesity:No,0,0,0.0
Obesity:No,0,0,0.0
Obesity:No,0,0,8.040154377462064e-287
Obesity:No,0,0,0.0
Obesity:No,0,0,1.2326500057114925e-47
Obesity:No,0,0,5.178804877414922e-241
Obesity:No,0,0,1.567791234531346e-271
Obesity:No,0,0,0.0
Obesity:No,0,0,3.5248040062907315e-158
Obesity:No,0,0,0.0
Obesity:No,0,0,0.0
Obesity:No,0,0,1.0799114189598727e-279
Obesity:No,0,0,1.1533017952532696e-192
Obesity:No,0,0,1.24820513671818e-216
Obesity:No,1,0,2.07833994081927e-288
Obesity:No,0,0,0.0
Obesity:No,0,0,1.2452800845532274e-292
Obesity:No,0,0,1.587786484874449e-164
Obesity:No,0,0,0.0
Obesity:No,0,0,2.222500720995852e-159
Obesity:No,0,0,0.0
Obesity:No,0,0,4.6729644006924305e-181
Obesity:No,0,0,0.0
Obesity:No,0,0,4.7706000663504295e-307
Obesity:No,0,0,1.7628171647685732e-106
Obesity:No,0,0,8.994774191664206e-268
Obesity:No,0,0,1.093837387301037e-244
Obesity:No,0,0,0.0
Obesity:No,0,0,1.4377728228350971e-267
Obesity:No,0,0,0.0
Obesity:No,0,0,0.0
Obesity:No,0,0,5.315814741418874e-136
Obesity:No,0,0,0.0
Obesity:No,0,0,0.0
Obesity:No,0,0,1.1353026876613192e-232
Obesity:No,0,0,0.0
Obesity:No,0,0,0.0
Obesity:No,0,0,0.0
Obesity:No,0,0,0.0
Obesity:No,0,0,0.0
Obesity:No,0,0,0.0
Obesity:No,0,0,8.915387709197552e-140
Obesity:No,0,0,0.0
Obesity:No,0,0,0.0
Obesity:No,0,0,0.0
Obesity:No,0,0,3.1698367952981954e-304
Obesity:No,0,0,0.0
Obesity:No,0,0,0.0
Obesity:No,1,0,0.0
Obesity:No,0,0,0.0
Obesity:No,0,0,5.107030734815509e-223
Obesity:No,0,0,2.210853546648533e-304
Obesity:No,0,0,0.0
Obesity:No,0,0,3.7054649975356666e-263
Obesity:No,0,0,0.0
Obesity:No,0,0,0.0
Obesity:No,0,1,1.0
Obesity:No,0,0,8.634540245544213e-240
Obesity:No,0,0,1.1743037048672376e-305
Obesity:No,1,0,1.3956801027519706e-217
Obesity:No,0,0,0.0
Obesity:No,0,0,0.0
Obesity:No,0,0,0.0
Obesity:No,0,0,0.0
Obesity:No,0,0,0.0
Obesity:No,0,0,0.0
Obesity:No,0,0,0.0
Obesity:No,0,0,0.0
Obesity:No,0,0,0.0
Obesity:No,0,0,1.3419277041463474e-184
Obesity:No,0,0,3.5539229451201937e-147
Obesity:No,0,0,0.0
Obesity:No,0,0,0.0
Obesity:No,0,0,8.63983610850481e-221
Obesity:No,0,0,0.0
Obesity:No,0,0,7.893689758785833e-226
Obesity:No,0,0,0.0
Obesity:No,0,0,1.8777720966628835e-304
Obesity:No,0,0,0.0
Obesity:No,0,0,0.0
Obesity:No,0,0,0.0
Obesity:No,1,0,4.557926931647936e-297
Obesity:No,0,0,0.0
Obesity:No,0,0,0.0
Obesity:No,0,0,2.169160627981065e-195
Obesity:No,0,0,0.0
Obesity:No,0,0,1.05336837518683e-173
Obesity:No,0,0,0.0
Obesity:No,0,0,0.0
Obesity:No,0,0,0.0
Obesity:No,0,0,0.0
Obesity:No,0,0,0.0
Obesity:No,0,0,0.0
Obesity:No,0,0,0.0
Obesity:No,0,0,0.0
Obesity:No,0,0,0.0
Obesity:No,0,0,0.0
Obesity:No,0,0,0.0
Obesity:No,0,0,0.0
Obesity:No,1,0,1.7959074090409176e-270
Obesity:No,0,0,0.0
Obesity:No,0,0,9.6537357398054e-193
Obesity:No,0,0,3.0626570886225184e-269
Obesity:No,0,0,0.0
Obesity:No,0,0,0.0
Obesity:No,0,0,0.0
Obesity:No,0,0,2.7149129023601967e-308
Obesity:No,0,0,0.0
Obesity:No,0,0,0.0
Obesity:No,0,0,0.0
Obesity:No,0,0,1.67015225571984e-210
Obesity:No,0,0,0.0
Obesity:No,0,0,0.0
Obesity:No,0,0,5.316095174648994e-284
Obesity:No,0,0,0.0
Obesity:No,0,0,1.6408957800332343e-254
Obesity:No,0,0,0.0
Obesity:No,0,0,0.0
Obesity:No,0,0,3.6399618175848525e-247
Obesity:No,0,0,0.0
Obesity:No,0,0,0.0
Obesity:No,0,0,0.0
Obesity:No,0,0,0.0
Obesity:No,0,0,0.0
Obesity:No,0,0,0.0
Obesity:No,0,0,0.0
Obesity:No,0,0,0.0
Obesity:No,0,0,0.0
Obesity:No,0,0,0.0
Obesity:No,0,0,0.0
Obesity:No,0,0,1.3216795237299562e-257
Obesity:No,0,0,0.0
Obesity:No,1,0,8.966963855117034e-303
Obesity:No,0,0,0.0
Obesity:No,0,0,0.0
Obesity:No,0,0,0.0
Obesity:No,0,0,1.8591530427924438e-301
Obesity:No,0,0,1.1612179032789127e-218
Obesity:No,0,0,0.0
Obesity:No,0,0,1.288516402073735e-249
Obesity:No,0,0,0.0
Obesity:No,0,0,6.382924538613719e-186
Obesity:No,0,0,0.0
Obesity:No,0,0,6.639528915597502e-168
Obesity:No,0,0,0.0
Obesity:No,0,0,0.0
Obesity:No,0,0,7.158722516448143e-301
Obesity:No,0,0,0.0
Obesity:No,0,0,1.1680702007095029e-277
Obesity:No,0,0,0.0
Obesity:No,0,0,1.4527563802923945e-201
Obesity:No,0,0,3.216328572975469e-78
Obesity:No,0,0,1.172256738848221e-229
Obesity:No,0,0,0.0
Obesity:No,0,0,3.1926724015930116e-90
Obesity:No,0,0,0.0
Obesity:No,0,0,0.0
Obesity:No,0,0,0.0
Obesity:No,0,0,0.0
Obesity:No,0,0,6.0605153997549485e-220
Obesity:No,0,0,0.0
Obesity:No,0,0,0.0
Obesity:No,0,0,0.0
Obesity:No,0,0,0.0
Obesity:No,0,0,0.0
Obesity:No,0,0,1.4850192044058084e-201
Obesity:No,0,0,8.211051556383572e-280
Obesity:No,0,0,0.0
Obesity:No,0,0,8.141980496877044e-119
Obesity:No,0,0,0.0
Obesity:No,0,0,0.0
Obesity:No,0,0,4.805830138548055e-302
Obesity:No,0,0,0.0
Obesity:No,0,0,8.314845542856457e-245
Obesity:No,0,0,2.8847334566032217e-265
Obesity:No,0,0,0.0
Obesity:No,0,0,0.0
Obesity:No,0,0,1.5602458137607905e-198
Obesity:No,0,0,0.0
Obesity:No,0,0,0.0
Obesity:No,0,0,4.483514425423522e-269
Obesity:No,0,0,0.0
Obesity:No,0,0,1.159652614972057e-274
Obesity:No,0,0,1.6807522669021586e-299
Obesity:No,0,0,0.0
Obesity:No,0,0,0.0
Obesity:No,0,0,0.0
Obesity:No,0,0,0.0
Obesity:No,0,0,0.0
Obesity:No,0,0,1.1338928655376609e-305
Obesity:No,0,0,0.0
Obesity:No,0,0,8.545487861752673e-266
Obesity:No,0,0,0.0
Obesity:No,0,0,2.5033859720548485e-270
Obesity:No,0,0,5.720656719016045e-278
Obesity:No,0,0,3.4348446411862056e-254
Obesity:No,0,0,0.0
Obesity:No,0,0,0.0
Obesity:No,0,0,0.0
Obesity:No,0,0,1.60839353818817e-270
Obesity:No,0,0,0.0
Obesity:No,0,0,0.0
Obesity:No,0,0,0.0
Obesity:No,0,0,5.098281470751658e-74
Obesity:No,0,0,0.0
Obesity:No,0,0,8.698894084569979e-197
Obesity:No,0,0,0.0
Obesity:No,0,0,7.77495769095747e-309
Obesity:No,0,0,0.0
Obesity:No,0,0,1.3799161156420103e-271
Obesity:No,0,0,0.0
Obesity:No,0,0,7.974180903417677e-154
Obesity:No,0,0,0.0
Obesity:No,0,0,0.0
Obesity:No,0,0,4.4232181675090305e-305
Obesity:No,0,0,9.045317426750065e-137
Obesity:No,0,0,2.280583230489212e-250
Obesity:No,0,0,2.142127489536185e-304
Obesity:No,0,0,0.0
Obesity:No,0,0,0.0
Obesity:No,0,0,0.0
Obesity:No,0,0,0.0
Obesity:No,0,0,0.0
Obesity:No,1,0,0.0
Obesity:No,0,0,0.0
Obesity:No,0,0,0.0
Obesity:No,0,0,0.0
Obesity:No,0,0,0.0
Obesity:No,0,0,0.0
Obesity:No,0,0,0.0
Obesity:No,0,0,0.0
Obesity:No,0,0,0.0
Obesity:No,0,0,0.0
Obesity:No,0,0,2.4434292885150147e-253
Obesity:No,0,0,0.0
Obesity:No,0,0,0.0
Obesity:No,0,0,1.9572685224073616e-76
Obesity:No,0,0,4.766809578217796e-139
Obesity:No,0,0,0.0
Obesity:No,0,0,0.0
Obesity:No,0,0,0.0
Obesity:No,0,0,0.0
Obesity:No,0,0,1.681918236227385e-193
Obesity:No,0,0,0.0
Obesity:No,0,0,0.0
Obesity:No,0,0,0.0
Obesity:No,0,0,0.0
Obesity:No,0,0,0.0
Obesity:No,0,0,7.615847554561888e-96
Obesity:No,0,0,2.3923332530852447e-268
Obesity:No,0,0,1.3220965747456145e-81
Obesity:No,0,0,0.0
Obesity:No,0,0,3.988629905346717e-204
Obesity:No,0,0,5.069087438729662e-137
Obesity:No,0,0,4.4425415106349784e-303
Obesity:No,0,0,3.2700338812760805e-278
Obesity:No,0,0,0.0
Obesity:No,0,0,0.0
Obesity:No,0,0,0.0
Obesity:No,0,0,0.0
Obesity:No,0,0,0.0
Obesity:No,0,0,0.0
Obesity:No,0,0,1.196859162566261e-51
Obesity:No,0,0,0.0
Obesity:No,0,0,2.054590482593708e-197
Obesity:No,0,0,0.0
Obesity:No,0,0,0.0
Obesity:No,0,0,2.064068959233014e-295
Obesity:No,0,0,7.354291080001407e-213
Obesity:No,0,0,4.35850795850827e-176
Obesity:No,0,0,6.614006456525461e-235
Obesity:No,0,0,3.1381924402438113e-163
Obesity:No,0,0,0.0
Obesity:No,0,0,0.0
Obesity:No,0,0,0.0
Obesity:No,0,0,0.0
Obesity:No,0,0,2.304213124058022e-224
Obesity:No,0,0,0.0
Obesity:No,0,0,0.0
Obesity:No,0,0,0.0
Obesity:No,0,0,0.0
Obesity:No,0,0,3.5558016796942414e-272
Obesity:No,0,0,0.0
Obesity:No,0,0,0.0
Obesity:No,0,0,0.0
Obesity:No,0,0,0.0
Obesity:No,0,0,0.0
Obesity:No,0,0,0.0
Obesity:No,0,0,0.0
Obesity:No,0,0,2.181468796677915e-270
Obesity:No,0,1,1.0
Obesity:No,0,0,0.0
Obesity:No,0,0,0.0
Obesity:No,0,0,0.0
Obesity:No,0,0,0.0
Obesity:No,0,0,1.9301930433095466e-291
Obesity:No,0,0,9.810818667714787e-303
Obesity:No,0,0,0.0
Obesity:No,0,0,0.0
Obesity:No,0,0,0.0
Obesity:No,0,0,0.0
Obesity:No,0,0,2.594029717534689e-205
Obesity:No,0,0,4.700221398598514e-196
Obesity:No,0,0,5.228518840065342e-240
Obesity:No,0,0,7.947925156526969e-243
Obesity:No,0,0,0.0
Obesity:No,0,0,7.6963610597445755e-199
Obesity:No,0,0,1.4304908533286913e-276
Obesity:No,0,0,1.7306982622033823e-222
Obesity:No,0,0,0.0
Obesity:No,0,0,0.0
Obesity:No,0,0,0.0
Obesity:No,0,0,0.0
Obesity:No,0,0,0.0
Obesity:No,0,0,0.0
Obesity:No,0,0,0.0
Obesity:No,0,0,0.0
Obesity:No,0,0,0.0
Obesity:No,0,0,1.0256179543221453e-231
Obesity:No,0,0,5.239530340523211e-249
Obesity:No,0,0,0.0
Obesity:No,0,0,0.0
Obesity:No,0,0,9.723560954350403e-189
Obesity:No,0,0,0.0
Obesity:No,0,0,1.0650281653889902e-58
Obesity:No,0,0,0.0
Obesity:No,0,0,1.255199848347528e-240
Obesity:No,0,0,0.0
Obesity:No,0,0,1.7203483507364005e-281
Obesity:No,0,0,0.0
Obesity:No,0,1,1.0
Obesity:No,0,0,0.0
Obesity:No,0,0,2.8647509413314244e-247
Obesity:No,0,0,0.0
Obesity:No,0,0,4.855257933867299e-215
Obesity:No,0,0,0.0
Obesity:No,0,0,0.0
Obesity:No,0,0,0.0
Obesity:No,0,0,7.03518234415449e-309
Obesity:No,0,0,0.0
Obesity:No,0,0,0.0
Obesity:No,0,0,0.0
Obesity:No,0,0,4.018834250927081e-137
Obesity:No,0,0,2.638620871485062e-234
Obesity:No,0,0,1.3667481757411929e-298
Obesity:No,0,0,0.0
Obesity:No,0,0,5.589331071491058e-215
Obesity:No,0,0,0.0
Obesity:No,0,0,7.038152587025018e-200
Obesity:No,0,0,4.9389027138790145e-267
Obesity:No,0,0,3.1491831362989815e-279
Obesity:No,1,0,2.600707239570472e-79
Obesity:No,0,0,0.0
Obesity:No,0,0,9.694510276953164e-255
Obesity:No,0,0,0.0
Obesity:No,0,0,3.0246744773528535e-269
Obesity:No,0,1,1.0
Obesity:No,0,0,3.1789035167291535e-222
Obesity:No,0,0,2.797928548007854e-262
Obesity:No,0,0,0.0
Obesity:No,0,0,2.35757339106924e-280
Obesity:No,0,0,4.1564976784212176e-234
Obesity:No,0,0,1.8142818700009168e-98
Obesity:No,0,0,2.1071367556890707e-266
Obesity:No,0,0,1.6453855347111633e-182
Obesity:No,0,0,1.4795317222095434e-300
Obesity:No,0,0,0.0
Obesity:No,0,0,0.0
Obesity:No,0,0,1.406783484325844e-258
Obesity:No,0,0,3.956579224735761e-190
Obesity:No,0,0,0.0
Obesity:No,0,0,0.0
Obesity:No,0,0,0.0
Obesity:No,0,0,2.174287012319862e-290
Obesity:No,0,0,3.164785643063288e-234
Obesity:No,0,0,0.0
Obesity:No,0,0,0.0
Obesity:No,0,0,0.0
Obesity:No,0,0,7.994060742090803e-140
Obesity:No,0,0,7.229246150991211e-273
Obesity:No,0,0,7.84179951937077e-232
Obesity:No,0,0,0.0
Obesity:No,0,0,0.0
Obesity:No,0,0,0.0
Obesity:No,0,0,0.0
Obesity:No,0,0,0.0
Obesity:No,0,0,1.0484099232528197e-90
Obesity:No,0,0,1.7170323135082558e-295
Obesity:No,0,0,1.4590644066990683e-304
Obesity:No,0,0,2.540025292651525e-275
Obesity:No,0,0,0.0
Obesity:No,0,0,0.0
Obesity:No,0,0,3.045165147070077e-306
Obesity:No,0,0,0.0
Obesity:No,0,0,0.0
Obesity:No,0,0,0.0
Obesity:No,0,0,1.2036838644786919e-160
Obesity:No,0,0,0.0
Obesity:No,0,0,0.0
Obesity:No,0,0,6.7708870976323e-225
Obesity:No,0,0,0.0
Obesity:No,0,0,0.0
Obesity:No,0,0,0.0
Obesity:No,0,0,1.2699004753469807e-266
Obesity:No,0,0,0.0
Obesity:No,0,0,1.47742933246241e-222
Obesity:No,0,0,5.152306721862121e-242
Obesity:No,0,0,2.5692311347854755e-267
Obesity:No,0,0,2.018873024683422e-30
Obesity:No,0,0,4.810583567668504e-133
Obesity:No,0,0,3.9849625502002265e-184
Obesity:No,0,0,0.0
Obesity:No,0,0,0.0
Obesity:No,0,0,0.0
Obesity:No,0,0,0.0
Obesity:No,0,0,2.227614384702278e-253
Obesity:No,0,0,0.0
Obesity:No,0,0,0.0
Obesity:No,0,0,4.751445279804877e-204
Obesity:No,0,0,0.0
Obesity:No,0,0,0.0
Obesity:No,0,0,2.017630159671277e-184
Obesity:No,0,0,0.0
Obesity:No,0,0,7.0211976479553405e-292
Obesity:No,0,0,0.0
Obesity:No,0,0,0.0
Obesity:No,0,0,0.0
Obesity:No,0,0,0.0
Obesity:No,0,0,1.2784961492591371e-84
Obesity:No,0,0,5.378008312667928e-275
Obesity:No,0,0,3.699934730412392e-46
Obesity:No,0,0,0.0
Obesity:No,0,0,0.0
Obesity:No,0,0,0.0
Obesity:No,0,0,1.240724924407403e-148
Obesity:No,0,0,0.0
Obesity:No,0,0,0.0
Obesity:No,0,0,0.0
Obesity:No,0,0,0.0
Obesity:No,0,0,0.0
Obesity:No,0,0,0.0
Obesity:No,0,0,3.5604324397434263e-238
Obesity:No,0,0,0.0
Obesity:No,0,0,2.155189846499083e-236
Obesity:No,0,0,0.0
Obesity:No,0,0,0.0
Obesity:No,0,0,0.0
Obesity:No,0,0,7.371181644292528e-278
Obesity:No,0,0,6.278842345069844e-231
Obesity:No,0,0,8.309133720406292e-275
Obesity:No,0,0,0.0
Obesity:No,0,0,0.0
Obesity:No,0,0,0.0
Obesity:No,0,0,3.932461316834289e-141
Obesity:No,0,0,1.7832355109473678e-266
Obesity:No,0,0,0.0
Obesity:No,0,0,0.0
Obesity:No,0,0,1.1713307705664533e-137
Obesity:No,0,0,1.6377432583546422e-107
Obesity:No,0,0,3.718168449890769e-275
Obesity:No,0,0,0.0
Obesity:No,0,0,0.0
Obesity:No,0,0,7.307037946984371e-77
Obesity:No,0,0,0.0
Obesity:No,0,0,0.0
Obesity:No,0,0,1.3371966880508831e-188
Obesity:No,0,0,3.9458455493785933e-88
Obesity:No,0,0,7.004884987337344e-65
Obesity:No,0,0,1.1900950768755725e-170
Obesity:No,0,0,8.803221134160953e-121
Obesity:No,0,0,0.0
Obesity:No,0,0,0.0
Obesity:No,0,0,0.0
Obesity:No,0,0,0.0
Obesity:No,0,0,7.428169538089008e-163
Obesity:No,0,0,0.0
Obesity:No,0,0,2.49968431940971e-283
Obesity:No,0,0,0.0
Obesity:No,0,0,0.0
Obesity:No,0,0,9.92247518529316e-231
Obesity:No,0,0,5.568532801553193e-282
Obesity:No,0,0,1.7854875075737599e-289
Obesity:No,0,0,3.870786847708763e-299
Obesity:No,0,0,0.0
Obesity:No,0,0,0.0
Obesity:No,0,0,4.898386439039334e-248
Obesity:No,0,0,0.0
Obesity:No,0,0,0.0
Obesity:No,0,0,0.0
Obesity:No,0,0,0.0
Obesity:No,0,0,0.0
Obesity:No,0,0,0.0
Obesity:No,0,0,0.0
Obesity:No,0,0,0.0
Obesity:No,0,0,0.0
Obesity:No,0,0,0.0
Obesity:No,0,0,1.2553867701464484e-249
Obesity:No,0,0,4.274692645002928e-150
Obesity:No,0,0,7.349880984304118e-184
Obesity:No,0,0,0.0
Obesity:No,0,0,0.0
Obesity:No,0,0,2.3246432792392975e-16
Obesity:No,0,0,0.0
Obesity:No,0,0,4.298905135772681e-287
Obesity:No,0,0,0.0
Obesity:No,0,0,7.241234122202668e-219
Obesity:No,0,0,0.0
Obesity:No,0,0,0.0
Obesity:No,0,0,1.4537042700931069e-266
Obesity:No,0,0,0.0
Obesity:No,1,0,0.0
Obesity:No,0,0,0.0
Obesity:No,0,0,9.522754330283199e-236
Obesity:No,0,0,8.588210405461553e-289
Obesity:No,0,0,0.0
Obesity:No,0,0,2.3113330668350284e-71
Obesity:No,0,0,4.2395110788946134e-305
Obesity:No,0,0,0.0
Obesity:No,0,0,0.0
Obesity:No,0,0,0.0
Obesity:No,0,0,0.0
Obesity:No,0,0,0.0
Obesity:No,0,0,0.0
Obesity:No,0,0,1.6457625102547836e-294
Obesity:No,0,0,0.0
Obesity:No,0,0,0.0
Obesity:No,0,0,6.728137869985746e-156
Obesity:No,0,0,8.216798895811246e-161
Obesity:No,0,0,4.760462175963059e-297
Obesity:No,0,0,0.0
Obesity:No,0,0,0.0
Obesity:No,0,0,3.98337319585216e-238
Obesity:No,0,0,3.5417990100851e-26
Obesity:No,0,0,0.0
Obesity:No,0,0,0.0
Obesity:No,0,0,9.15103435009007e-237
Obesity:No,1,0,6.448886022778638e-248
Obesity:No,0,0,3.1276945138279104e-215
Obesity:No,0,0,0.0
Obesity:No,0,0,0.0
Obesity:No,0,0,0.0
Obesity:No,0,0,0.0
Obesity:No,0,0,0.0
Obesity:No,0,0,0.0
Obesity:No,0,0,0.0
Obesity:No,0,0,0.0
Obesity:No,0,0,0.0
Obesity:No,0,0,0.0
Obesity:No,0,0,0.0
Obesity:No,0,0,0.0
Obesity:No,0,0,8.792374446165209e-280
Obesity:No,0,0,4.436782560654194e-234
Obesity:No,0,0,6.044977639245161e-202
Obesity:No,0,0,0.0
Obesity:No,0,0,1.1073193568130144e-171
Obesity:No,0,0,1.6838909416020984e-261
Obesity:No,0,0,0.0
Obesity:No,0,0,0.0
Obesity:No,0,0,4.959050446139849e-152
Obesity:No,0,0,0.0
Obesity:No,0,0,7.398446496558943e-164
Obesity:No,0,0,0.0
Obesity:No,0,0,0.0
Obesity:No,0,0,1.3264088916894926e-235
Obesity:No,0,0,2.318762208272701e-230
Obesity:No,0,0,0.0
Obesity:No,0,0,4.72989921944684e-294
Obesity:No,0,0,0.0
Obesity:No,0,0,0.0
Obesity:No,0,0,0.0
Obesity:No,0,0,0.0
Obesity:No,0,0,0.0
Obesity:No,0,0,0.0
Obesity:No,0,0,0.0
Obesity:No,0,0,0.0
Obesity:No,0,0,0.0
Obesity:No,0,0,0.0
Obesity:No,0,0,3.581299256568495e-261
Obesity:No,0,0,0.0
Obesity:No,0,0,0.0
Obesity:No,0,0,0.0
Obesity:No,0,0,3.819865622107517e-139
Obesity:No,0,0,0.0
Obesity:No,0,0,1.832593487761804e-280
Obesity:No,0,0,1.2876150696280993e-307
Obesity:No,0,0,6.889818187603427e-292
Obesity:No,0,0,0.0
Obesity:No,0,0,0.0
Obesity:No,0,0,4.457775707838411e-180
Obesity:No,0,0,6.618050091135591e-190
Obesity:No,0,0,0.0
Obesity:No,0,0,2.3564271603317522e-213
Obesity:No,0,0,1.0851306470731997e-199
Obesity:No,0,0,0.0
Obesity:No,0,0,0.0
Obesity:No,0,0,0.0
Obesity:No,0,0,0.0
Obesity:No,0,0,8.597753734103205e-279
Obesity:No,0,0,0.0
Obesity:No,0,0,3.2269047028145045e-246
Obesity:No,0,0,0.0
Obesity:No,0,0,1.0598362244642473e-308
Obesity:No,0,0,0.0
Obesity:No,0,0,3.2834074569097155e-218
Obesity:No,0,0,1.9866542544806243e-212
Obesity:No,0,0,0.0
Obesity:No,0,0,0.0
Obesity:No,0,0,7.339934957532029e-282
Obesity:No,0,0,0.0
Obesity:No,0,0,0.0
Obesity:No,0,0,9.145366972284247e-298
Obesity:No,0,0,0.0
Obesity:No,0,0,0.0
Obesity:No,0,0,5.194413339574051e-269
Obesity:No,0,0,5.06407178657668e-282
Obesity:No,0,0,5.339812973365641e-259
Obesity:No,0,0,0.0
Obesity:No,0,0,2.2695026263958438e-306
Obesity:No,0,0,0.0
Obesity:No,0,0,0.0
Obesity:No,0,0,5.82031828724511e-99
Obesity:No,0,0,4.6107538346248294e-105
Obesity:No,0,0,0.0
Obesity:No,0,0,0.0
Obesity:No,0,0,0.0
Obesity:No,0,0,1.142052351873353e-43
Obesity:No,0,0,0.0
Obesity:No,0,0,9.724379498582923e-241
Obesity:No,0,0,0.0
Obesity:No,1,0,0.0
Obesity:No,0,0,2.780627148646066e-280
Obesity:No,0,0,4.4473552203614755e-152
Obesity:No,0,0,0.0
Obesity:No,0,0,0.0
Obesity:No,0,0,1.234426214939722e-300
Obesity:No,0,0,5.034005306151865e-262
Obesity:No,0,0,1.9905396805178695e-190
Obesity:No,0,0,0.0
Obesity:No,0,0,3.061839732088965e-199
Obesity:No,0,0,0.0
Obesity:No,0,0,0.0
Obesity:No,0,0,2.5831136110355153e-255
Obesity:No,0,0,0.0
Obesity:No,0,0,7.175236311542965e-306
Obesity:No,0,0,0.0
Obesity:No,0,0,0.0
Obesity:No,0,0,0.0
Obesity:No,0,0,0.0
Obesity:No,0,0,0.0
Obesity:No,0,0,1.0416178376555056e-268
Obesity:No,0,0,0.0
Obesity:No,0,0,0.0
Obesity:No,0,0,0.0
Obesity:No,0,0,0.0
Obesity:No,0,0,0.0
Obesity:No,0,0,0.0
Obesity:No,0,0,2.4282048791154888e-244
Obesity:No,0,0,0.0
Obesity:No,0,0,0.0
Obesity:No,0,0,0.0
Obesity:No,0,0,1.763750972216124e-97
Obesity:No,0,0,1.538264935606399e-229
Obesity:No,0,0,1.8548193614203455e-278
Obesity:No,0,0,1.0001155159652082e-283
Obesity:No,0,0,0.0
Obesity:No,0,0,0.0
Obesity:No,0,0,9.174069671883249e-282
Obesity:No,0,0,5.71599152925002e-239
Obesity:No,0,0,0.0
Obesity:No,0,0,1.0719136619230915e-296
Obesity:No,0,0,3.028381742601454e-243
Obesity:No,0,0,0.0
Obesity:No,0,0,0.0
Obesity:No,0,0,1.0652056774272959e-190
Obesity:No,0,0,0.0
Obesity:No,0,0,0.0
Obesity:No,0,0,0.0
Obesity:No,0,0,0.0
Obesity:No,0,0,1.1820612708618924e-258
Obesity:No,0,0,0.0
Obesity:No,0,0,0.0
Obesity:No,0,0,0.0
Obesity:No,0,0,8.584099959019933e-129
Obesity:No,0,0,8.198806422861236e-139
Obesity:No,0,0,0.0
Obesity:No,0,0,6.387830867245652e-263
Obesity:No,0,0,1.2847326891681378e-285
Obesity:No,0,0,0.0
Obesity:No,0,0,0.0
Obesity:No,0,0,1.221004951343745e-225
Obesity:No,0,0,0.0
Obesity:No,0,0,0.0
Obesity:No,0,0,3.571498591078128e-307
Obesity:No,0,0,1.0987090115193788e-301
Obesity:No,0,0,3.1742569010429216e-185
Obesity:No,0,0,0.0
Obesity:No,0,0,2.9727478790547837e-110
Obesity:No,0,0,2.1643083368696932e-298
Obesity:No,1,0,0.0
Obesity:No,0,0,5.579466635166158e-301
Obesity:No,0,0,0.0
Obesity:No,0,0,0.0
Obesity:No,0,0,1.3962701620049457e-159
Obesity:No,0,0,0.0
Obesity:No,0,0,2.054290968692331e-149
Obesity:No,1,0,0.0
Obesity:No,0,0,0.0
Obesity:No,0,0,6.25276268878569e-298
Obesity:No,0,0,1.3954666296612222e-259
Obesity:No,0,0,2.637504424656835e-188
Obesity:No,0,0,8.290983574641101e-147
Obesity:No,0,0,0.0
Obesity:No,0,0,0.0
Obesity:No,0,0,0.0
Obesity:No,0,0,0.0
Obesity:No,0,0,0.0
Obesity:No,0,0,0.0
Obesity:No,0,0,0.0
Obesity:No,0,0,0.0
Obesity:No,0,0,3.707356209712499e-252
Obesity:No,0,0,0.0
Obesity:No,0,0,0.0
Obesity:No,0,0,1.681112988964829e-284
Obesity:No,0,0,0.0
Obesity:No,0,0,0.0
Obesity:No,0,0,0.0
Obesity:No,0,0,5.3483585503336e-249
Obesity:No,0,0,3.144230603176717e-225
Obesity:No,0,0,0.0
Obesity:No,0,0,0.0
Obesity:No,0,0,0.0
Obesity:No,0,0,0.0
Obesity:No,0,0,0.0
Obesity:No,0,0,6.003729703414459e-160
Obesity:No,0,0,7.133210239178591e-205
Obesity:No,0,0,0.0
Obesity:No,0,0,0.0
Obesity:No,0,0,0.0
Obesity:No,0,0,9.178429323877814e-75
Obesity:No,0,0,2.0308561071052804e-243
Obesity:No,0,0,0.0
Obesity:No,0,0,0.0
Obesity:No,0,0,0.0
Obesity:No,0,0,0.0
Obesity:No,0,0,1.231734032891449e-112
Obesity:No,0,0,0.0
Obesity:No,0,0,0.0
Obesity:No,0,0,6.240768558745284e-159
Obesity:No,0,0,7.099160419626944e-181
Obesity:No,0,0,1.4108654483989353e-234
Obesity:No,0,0,0.0
Obesity:No,0,0,0.0
Obesity:No,0,0,0.0
Obesity:No,0,0,2.114590129199783e-152
Obesity:No,0,0,0.0
Obesity:No,0,0,0.0
Obesity:No,0,0,0.0
Obesity:No,0,0,0.0
Obesity:No,0,0,2.2042428575587963e-241
Obesity:No,0,0,0.0
Obesity:No,0,0,0.0
Obesity:No,0,0,0.0
Obesity:No,0,0,0.0
Obesity:No,0,0,3.425335964583125e-264
Obesity:No,0,0,4.4795238549126324e-240
Obesity:No,0,0,2.3434297189441665e-299
Obesity:No,0,0,4.791704397703863e-276
Obesity:No,0,0,0.0
Obesity:No,0,0,8.198338774577349e-138
Obesity:No,0,0,0.0
Obesity:No,0,0,5.305334180905478e-164
Obesity:No,0,0,0.0
Obesity:No,0,0,2.3821802945118988e-291
Obesity:No,0,0,0.0
Obesity:No,0,0,0.0
Obesity:No,0,0,0.0
Obesity:No,0,0,0.0
Obesity:No,0,0,0.0
Obesity:No,0,0,0.0
Obesity:No,0,0,2.3851133647190305e-95
Obesity:No,0,0,0.0
Obesity:No,0,0,0.0
Obesity:No,0,1,1.0
Obesity:No,0,0,0.0
Obesity:No,0,0,5.630384500044236e-168
Obesity:No,0,0,0.0
Obesity:No,0,0,0.0
Obesity:No,0,0,0.0
Obesity:No,0,0,0.0
Obesity:No,0,0,0.0
Obesity:No,1,0,5.38388034352765e-238
Obesity:No,0,0,0.0
Obesity:No,0,0,0.0
Obesity:No,0,0,0.0
Obesity:No,0,0,7.9831032235654e-206
Obesity:No,0,0,0.0
Obesity:No,0,0,0.0
Obesity:No,0,0,0.0
Obesity:No,0,0,0.0
Obesity:No,0,0,8.94370735342639e-284
Obesity:No,0,0,0.0
Obesity:No,1,0,2.1360649804871657e-241
Obesity:No,0,0,0.0
Obesity:No,0,0,4.097650723372383e-274
Obesity:No,0,0,0.0
Obesity:No,0,0,8.512648708132187e-259
Obesity:No,0,0,0.0
Obesity:No,0,0,0.0
Obesity:No,0,0,4.2652127671873786e-211
Obesity:No,0,0,6.569571186365772e-22
Obesity:No,0,0,3.5104071165814034e-178
Obesity:No,0,0,1.0295637496057313e-284
Obesity:No,0,0,0.0
Obesity:No,0,0,0.0
Obesity:No,0,0,0.0
Obesity:No,0,0,0.0
Obesity:No,0,0,0.0
Obesity:No,0,0,0.0
Obesity:No,0,0,0.0
Obesity:No,0,0,0.0
Obesity:No,0,0,0.0
Obesity:No,0,0,4.974971118413353e-101
Obesity:No,0,0,1.4548206870674392e-53
Obesity:No,0,0,0.0
Obesity:No,0,0,1.1784458110387389e-269
Obesity:No,0,0,0.0
Obesity:No,0,0,0.0
Obesity:No,0,0,3.824926423435604e-300
Obesity:No,0,0,0.0
Obesity:No,0,0,4.277674032971765e-198
Obesity:No,0,0,0.0
Obesity:No,0,0,0.0
Obesity:No,0,0,1.1133769681978777e-182
Obesity:No,0,0,0.0
Obesity:No,0,0,0.0
Obesity:No,0,0,0.0
Obesity:No,0,0,0.0
Obesity:No,0,0,0.0
Obesity:No,0,0,0.0
Obesity:No,0,0,7.984770477203096e-245
Obesity:No,0,0,0.0
Obesity:No,0,0,0.0
Obesity:No,0,0,0.0
Obesity:No,0,0,0.0
Obesity:No,0,0,0.0
Obesity:No,0,0,0.0
Obesity:No,0,0,0.0
Obesity:No,0,0,3.061962013101153e-191
Obesity:No,0,0,0.0
Obesity:No,0,0,3.503565286505442e-165
Obesity:No,0,0,8.873400381722469e-262
Obesity:No,0,0,7.138846347052525e-240
Obesity:No,0,0,0.0
Obesity:No,0,0,1.4998690808830894e-293
Obesity:No,0,0,7.409619119458153e-282
Obesity:No,0,0,0.0
Obesity:No,0,0,0.0
Obesity:No,0,0,0.0
Obesity:No,0,0,0.0
Obesity:No,0,0,0.0
Obesity:No,0,0,0.0
Obesity:No,0,0,1.35696274623549e-180
Obesity:No,0,0,8.69346018437903e-254
Obesity:No,0,0,6.386994748413764e-299
Obesity:No,0,0,0.0
Obesity:No,0,0,0.0
Obesity:No,1,0,6.923570373165974e-277
Obesity:No,0,0,7.109576654229369e-172
Obesity:No,0,0,0.0
Obesity:No,0,0,0.0
Obesity:No,0,0,1.3611641647421395e-157
Obesity:No,0,0,0.0
Obesity:No,0,0,0.0
Obesity:No,0,0,5.046568042758891e-151
Obesity:No,0,0,0.0
Obesity:No,0,0,0.0
Obesity:No,0,0,7.830572889355351e-212
Obesity:No,0,0,0.0
Obesity:No,0,0,6.074642669399394e-195
Obesity:No,0,0,0.0
Obesity:No,0,0,0.0
Obesity:No,0,0,1.6773185385766004e-243
Obesity:No,0,0,3.772131422718057e-200
Obesity:No,0,0,0.0
Obesity:No,0,0,2.385983133282398e-294
Obesity:No,0,0,0.0
Obesity:No,0,0,7.374539032585142e-293
Obesity:No,0,0,2.4386195100407186e-265
Obesity:No,0,0,1.3381425917470394e-253
Obesity:No,0,0,0.0
Obesity:No,0,0,0.0
Obesity:No,0,0,0.0
Obesity:No,0,0,0.0
Obesity:No,0,0,7.059111644566281e-204
Obesity:No,0,0,0.0
Obesity:No,0,0,2.582460368555887e-281
Obesity:No,0,0,6.32258842321921e-234
Obesity:No,0,0,0.0
Obesity:No,0,0,0.0
Obesity:No,0,0,0.0
Obesity:No,0,0,2.937591395158289e-166
Obesity:No,0,0,0.0
Obesity:No,0,0,0.0
Obesity:No,0,0,9.940990571001741e-197
Obesity:No,0,0,0.0
Obesity:No,0,0,1.0870746633830388e-164
Obesity:No,0,0,8.685629696217195e-228
Obesity:No,0,0,1.8796179581994875e-180
Obesity:No,0,0,0.0
Obesity:No,0,0,5.780607109529059e-257
Obesity:No,1,0,0.0
Obesity:No,0,0,0.0
Obesity:No,0,0,2.6228962029925505e-184
Obesity:No,0,0,1.0223677753001548e-269
Obesity:No,0,0,0.0
Obesity:No,0,0,1.181316683198445e-283
Obesity:No,0,0,6.316761412467071e-103
Obesity:No,0,0,0.0
Obesity:No,0,0,1.8117200760617572e-270
Obesity:No,0,0,0.0
Obesity:No,0,0,0.0
Obesity:No,0,0,0.0
Obesity:No,0,0,0.0
Obesity:No,0,0,5.697962398498402e-276
Obesity:No,0,0,0.0
Obesity:No,0,0,0.0
Obesity:No,0,0,2.767906372212849e-184
Obesity:No,0,0,0.0
Obesity:No,1,0,0.0
Obesity:No,0,0,0.0
Obesity:No,0,0,5.4449931322309365e-263
Obesity:No,0,0,0.0
Obesity:No,0,0,0.0
Obesity:No,0,0,0.0
Obesity:No,0,0,2.0368761033379866e-289
Obesity:No,0,0,0.0
Obesity:No,0,0,8.105333652710118e-293
Obesity:No,0,0,0.0
Obesity:No,0,0,0.0
Obesity:No,0,0,4.2543071880869576e-224
Obesity:No,0,0,0.0
Obesity:No,0,0,0.0
Obesity:No,0,0,0.0
Obesity:No,0,0,3.871070298001487e-244
Obesity:No,0,0,0.0
Obesity:No,0,0,1.0713516541249262e-262
Obesity:No,0,0,0.0
Obesity:No,0,0,0.0
Obesity:No,0,0,2.2055888846923313e-298
Obesity:No,0,0,0.0
Obesity:No,0,0,0.0
Obesity:No,0,0,0.0
Obesity:No,0,0,0.0
Obesity:No,0,0,0.0
Obesity:No,0,0,5.60414704815714e-251
Obesity:No,0,0,0.0
Obesity:No,0,0,2.254052397009418e-294
Obesity:No,0,0,1.502453577647601e-55
Obesity:No,0,0,1.711242220542004e-243
Obesity:No,0,0,8.647974044068782e-305
Obesity:No,1,0,0.0
Obesity:No,0,0,0.0
Obesity:No,0,0,0.0
Obesity:No,0,0,0.0
Obesity:No,0,0,4.236368815796496e-192
Obesity:No,0,0,0.0
Obesity:No,0,0,0.0
Obesity:No,0,0,9.366018843369857e-247
Obesity:No,0,0,0.0
Obesity:No,0,0,0.0
Obesity:No,0,0,2.4065455218142456e-116
Obesity:No,0,0,5.792697650068284e-281
Obesity:No,0,0,0.0
Obesity:No,0,0,0.0
Obesity:No,0,0,5.996609386575344e-268
Obesity:No,0,0,0.0
Obesity:No,0,0,0.0
Obesity:No,1,0,9.636979738008384e-198
Obesity:No,0,0,0.0
Obesity:No,0,0,0.0
Obesity:No,0,0,2.603202826703803e-286
Obesity:No,0,0,4.371701114349694e-210
Obesity:No,0,0,0.0
Obesity:No,0,0,0.0
Obesity:No,0,0,8.338819166903444e-160
Obesity:No,0,0,7.669464734201062e-227
Obesity:No,0,0,0.0
Obesity:No,0,0,1.7833384075975487e-179
Obesity:No,0,0,0.0
Obesity:No,0,0,2.4159008790155777e-253
Obesity:No,0,0,0.0
Obesity:No,0,0,1.6076219535341056e-246
Obesity:No,0,0,0.0
Obesity:No,0,0,4.948732460559933e-154
Obesity:No,0,0,0.0
Obesity:No,1,0,1.6790407558347645e-101
Obesity:No,0,0,3.0151447707087917e-214
Obesity:No,0,0,0.0
Obesity:No,0,0,3.0822838713367338e-223
Obesity:No,0,0,0.0
Obesity:No,0,0,0.0
Obesity:No,0,0,0.0
Obesity:No,0,0,0.0
Obesity:No,0,0,0.0
Obesity:No,0,0,0.0
Obesity:No,0,0,0.0
Obesity:No,0,0,2.848093367142681e-292
Obesity:No,0,0,1.627671183393578e-130
Obesity:No,0,0,0.0
Obesity:No,0,0,0.0
Obesity:No,0,0,0.0
Obesity:No,0,0,4.07947607413831e-128
Obesity:No,0,0,1.3406653275506918e-137
Obesity:No,0,0,0.0
Obesity:No,0,0,0.0
Obesity:No,0,0,0.0
Obesity:No,0,0,0.0
Obesity:No,0,0,7.704274549161404e-129
Obesity:No,0,0,3.508320755659255e-287
Obesity:No,0,0,0.0
Obesity:No,0,0,0.0
Obesity:No,0,0,0.0
Obesity:No,0,0,0.0
Obesity:No,0,0,0.0
Obesity:No,0,0,0.0
Obesity:No,0,0,0.0
Obesity:No,0,0,0.0
Obesity:No,0,0,4.406725453271163e-305
Obesity:No,0,0,0.0
Obesity:No,0,0,1.6538014499196575e-292
Obesity:No,0,0,0.0
Obesity:No,0,0,1.8834335246084924e-216
Obesity:No,0,0,2.795234385452429e-280
Obesity:No,0,0,0.0
Obesity:No,0,0,4.937463502811359e-184
Obesity:No,0,0,0.0
Obesity:No,0,0,6.21534184812888e-232
Obesity:No,0,0,2.1440281545323272e-228
Obesity:No,0,0,8.948583319732914e-263
Obesity:No,0,0,0.0
Obesity:No,0,0,0.0
Obesity:No,0,0,0.0
Obesity:No,0,0,4.342236614466742e-143
Obesity:No,0,0,1.4372939203943413e-214
Obesity:No,0,0,0.0
Obesity:No,0,0,4.518878270008222e-268
Obesity:No,0,0,1.38293364312354e-202
Obesity:No,0,0,0.0
Obesity:No,0,0,7.586973252264776e-269
Obesity:No,0,0,3.1826541070702496e-211
Obesity:No,0,0,0.0
Obesity:No,0,0,1.183509890137594e-303
Obesity:No,0,0,2.9064139371135094e-283
Obesity:No,0,0,1.0359665099917491e-203
Obesity:No,0,0,0.0
Obesity:No,0,0,0.0
Obesity:No,0,0,1.7530628256431221e-286
Obesity:No,0,0,8.443547451947412e-287
Obesity:No,0,0,0.0
Obesity:No,0,0,0.0
Obesity:No,0,0,0.0
Obesity:No,0,0,0.0
Obesity:No,0,0,1.0330671838213543e-294
Obesity:No,0,0,0.0
Obesity:No,0,0,0.0
Obesity:No,0,0,0.0
Obesity:No,0,0,1.4410470215479546e-308
Obesity:No,0,0,1.0857597571757516e-303
Obesity:No,0,0,0.0
Obesity:No,0,0,0.0
Obesity:No,0,0,0.0
Obesity:No,0,0,3.759132928314787e-271
Obesity:No,0,0,1.7886274996724928e-278
Obesity:No,0,0,0.0
Obesity:No,0,0,0.0
Obesity:No,0,0,0.0
Obesity:No,0,0,0.0
Obesity:No,0,0,0.0
Obesity:No,0,0,0.0
Obesity:No,0,0,0.0
Obesity:No,0,0,0.0
Obesity:No,0,0,0.0
Obesity:No,0,0,1.3758375918679919e-296
Obesity:No,0,0,6.675030482078973e-234
Obesity:No,0,0,0.0
Obesity:No,0,0,0.0
Obesity:No,0,0,0.0
Obesity:No,0,0,0.0
Obesity:No,0,0,8.496066805488986e-203
Obesity:No,0,0,3.504187281889269e-281
Obesity:No,0,0,0.0
Obesity:No,0,0,1.0134940142369216e-287
Obesity:No,0,0,3.5267414437547223e-199
Obesity:No,0,0,1.7755227738121552e-206
Obesity:No,0,0,0.0
Obesity:No,0,0,0.0
Obesity:No,0,0,1.3582871794108733e-231
Obesity:No,0,0,0.0
Obesity:No,1,0,2.3826314202661234e-111
Obesity:No,0,0,0.0
Obesity:No,0,0,3.787566740700543e-273
Obesity:No,0,0,0.0
Obesity:No,1,0,0.0
Obesity:No,0,0,0.0
Obesity:No,0,0,2.046683590254825e-306
Obesity:No,0,0,1.4822273098511317e-251
Obesity:No,0,0,0.0
Obesity:No,0,0,2.5212412715205773e-238
Obesity:No,0,0,0.0
Obesity:No,0,0,5.359745233498438e-289
Obesity:No,0,0,0.0
Obesity:No,0,0,0.0
Obesity:No,0,0,2.3345065238270986e-202
Obesity:No,0,0,0.0
Obesity:No,0,0,6.166810024924987e-172
Obesity:No,0,0,0.0
Obesity:No,0,0,0.0
Obesity:No,0,0,0.0
Obesity:No,0,0,0.0
Obesity:No,0,0,2.202088611591518e-89
Obesity:No,0,0,5.155582247334116e-301
Obesity:No,0,0,0.0
Obesity:No,0,0,0.0
Obesity:No,0,0,0.0
Obesity:No,0,0,0.0
Obesity:No,0,0,0.0
Obesity:No,0,0,5.254075205156185e-271
Obesity:No,0,0,0.0
Obesity:No,0,0,0.0
Obesity:No,0,0,0.0
Obesity:No,0,0,5.390198190584631e-193
Obesity:No,0,0,2.5007326181280357e-295
Obesity:No,0,0,1.1051133806551969e-266
Obesity:No,0,0,0.0
Obesity:No,0,0,2.590696918499446e-165
Obesity:No,0,0,1.483753720557346e-289
Obesity:No,0,0,1.767066957474988e-198
Obesity:No,0,0,4.233526619151647e-275
Obesity:No,0,0,1.0933043502594357e-184
Obesity:No,0,0,1.945797997277654e-210
Obesity:No,0,0,0.0
Obesity:No,0,0,0.0
Obesity:No,0,1,1.0
Obesity:No,0,0,0.0
Obesity:No,0,0,5.496474510132278e-227
Obesity:No,1,0,0.0
Obesity:No,0,0,0.0
Obesity:No,0,0,0.0
Obesity:No,0,0,0.0
Obesity:No,0,0,2.1578186584917906e-242
Obesity:No,0,0,0.0
Obesity:No,0,0,9.82523531102955e-300
Obesity:No,0,0,8.000938162866484e-300
Obesity:No,0,0,6.876239937718113e-129
Obesity:No,0,0,0.0
Obesity:No,0,0,5.277945470317253e-243
Obesity:No,0,0,5.321533804977449e-259
Obesity:No,0,0,0.0
Obesity:No,0,0,4.10208568764548e-239
Obesity:No,0,0,8.82856993204781e-98
Obesity:No,0,0,0.0
Obesity:No,0,0,3.2419738039754082e-282
Obesity:No,0,0,5.51042642545856e-236
Obesity:No,0,0,6.83417529178614e-168
Obesity:No,0,0,4.284802421089661e-275
Obesity:No,0,0,2.0227374924790442e-252
Obesity:No,0,0,0.0
Obesity:No,0,0,0.0
Obesity:No,0,0,3.5283143458538716e-214
Obesity:No,0,0,6.398870092334401e-157
Obesity:No,0,0,2.9875000437935614e-238
Obesity:No,0,0,7.125352096055755e-176
Obesity:No,0,0,2.780069029514495e-47
Obesity:No,0,0,5.185506959415753e-188
Obesity:No,0,0,2.283227768322233e-202
Obesity:No,0,0,0.0
Obesity:No,0,0,0.0
Obesity:No,0,0,4.69055637874344e-238
Obesity:No,0,0,3.4721647118509654e-209
Obesity:No,0,0,0.0
Obesity:No,0,0,0.0
Obesity:No,0,0,6.051473928792054e-16
Obesity:No,0,0,4.631018221577531e-300
Obesity:No,0,0,6.69706542654925e-175
Obesity:No,0,0,0.0
Obesity:No,0,0,0.0
Obesity:No,0,0,1.3684555512815979e-183
Obesity:No,0,0,0.0
Obesity:No,0,0,4.913063531286434e-279
Obesity:No,0,0,0.0
Obesity:No,0,0,0.0
Obesity:No,0,0,1.368932852465294e-281
Obesity:No,0,0,6.73077914271222e-178
Obesity:No,0,0,0.0
Obesity:No,0,0,0.0
Obesity:No,0,0,0.0
Obesity:No,0,0,0.0
Obesity:No,0,0,2.4576371458663025e-272
Obesity:No,0,0,0.0
Obesity:No,0,0,0.0
Obesity:No,0,0,3.8479713199302325e-279
Obesity:No,0,0,4.296030785567661e-95
Obesity:No,0,0,0.0
Obesity:No,0,0,0.0
Obesity:No,0,0,6.328612070808168e-289
Obesity:No,0,0,1.504914949137865e-31
Obesity:No,0,0,2.92899965511316e-202
Obesity:No,0,0,8.78160689477578e-291
Obesity:No,0,0,0.0
Obesity:No,0,0,0.0
Obesity:No,0,0,4.008646892727063e-148
Obesity:No,0,0,1.8088300172095598e-172
Obesity:No,0,0,3.9347840461976326e-173
Obesity:No,0,0,0.0
Obesity:No,0,0,0.0
Obesity:No,0,0,0.0
Obesity:No,0,0,0.0
Obesity:No,0,0,1.0392333813291359e-206
Obesity:No,0,0,0.0
Obesity:No,0,0,4.619284790544869e-207
Obesity:No,0,0,0.0
Obesity:No,0,0,0.0
Obesity:No,0,0,5.02709955565218e-264
Obesity:No,0,0,1.3816457602376672e-199
Obesity:No,0,0,1.5807762726029437e-209
Obesity:No,0,0,1.1441091171331923e-277
Obesity:No,0,0,1.9340144224764722e-305
Obesity:No,0,0,1.3225132401180002e-198
Obesity:No,0,0,0.0
Obesity:No,0,0,0.0
Obesity:No,0,0,0.0
Obesity:No,0,0,4.859238272961391e-274
Obesity:No,0,0,0.0
Obesity:No,0,0,0.0
Obesity:No,0,0,5.742675044680501e-274
Obesity:No,0,0,0.0
Obesity:No,0,0,0.0
Obesity:No,0,0,0.0
Obesity:No,0,0,1.3766533386019227e-228
Obesity:No,0,0,2.450730830495641e-75
Obesity:No,0,0,0.0
Obesity:No,0,0,3.179595866838013e-205
Obesity:No,0,0,2.2601975121015706e-178
Obesity:No,0,0,7.558172819969888e-264
Obesity:No,0,0,0.0
Obesity:No,0,0,0.0
Obesity:No,0,0,0.0
Obesity:No,0,0,5.249451614638564e-289
Obesity:No,0,0,0.0
Obesity:No,0,0,0.0
Obesity:No,0,0,0.0
Obesity:No,0,0,0.0
Obesity:No,0,0,0.0
Obesity:No,0,0,0.0
Obesity:No,0,0,2.747358912395804e-293
Obesity:No,0,0,2.694611913426485e-298
Obesity:No,0,0,2.4701622217082182e-204
Obesity:No,0,0,0.0
Obesity:No,0,0,8.250710198995007e-50
Obesity:No,0,0,5.206593935666467e-181
Obesity:No,0,0,9.49400905784936e-277
Obesity:No,0,0,0.0
Obesity:No,0,0,0.0
Obesity:No,0,0,0.0
Obesity:No,0,0,0.0
Obesity:No,0,0,0.0
Obesity:No,0,0,0.0
Obesity:No,0,0,0.0
Obesity:No,0,0,1.2006895109436258e-148
Obesity:No,0,0,2.0358714325684547e-211
Obesity:No,0,0,7.043343400195004e-272
Obesity:No,0,0,0.0
Obesity:No,0,0,0.0
Obesity:No,0,0,0.0
Obesity:No,0,0,0.0
Obesity:No,0,0,4.48268618755713e-210
Obesity:No,0,0,0.0
Obesity:No,0,0,0.0
Obesity:No,0,0,0.0
Obesity:No,0,0,0.0
Obesity:No,0,0,0.0
Obesity:No,0,0,4.421945825765101e-158
Obesity:No,0,0,0.0
Obesity:No,0,0,3.5173873144960267e-130
Obesity:No,0,0,1.1033281544918063e-169
Obesity:No,0,0,0.0
Obesity:No,0,0,8.651855209101918e-108
Obesity:No,0,0,2.3628477714311664e-115
Obesity:No,0,0,0.0
Obesity:No,0,0,0.0
Obesity:No,0,0,4.91088350568175e-302
Obesity:No,0,0,0.0
Obesity:No,0,0,0.0
Obesity:No,0,0,0.0
Obesity:No,0,0,1.615364105381506e-302
Obesity:No,0,0,1.8186611870893034e-291
Obesity:No,0,0,0.0
Obesity:No,0,0,1.6194014608715364e-190
Obesity:No,1,0,0.0
Obesity:No,0,0,0.0
Obesity:No,0,0,1.3629632869635703e-264
Obesity:No,0,0,0.0
Obesity:No,0,0,0.0
Obesity:No,0,0,1.3441543014366322e-212
Obesity:No,0,0,1.624255254889385e-210
Obesity:No,0,0,3.155139446260905e-292
Obesity:No,0,0,0.0
Obesity:No,0,0,0.0
Obesity:No,0,0,1.2103613593013525e-296
Obesity:No,0,0,0.0
Obesity:No,0,0,0.0
Obesity:No,0,0,0.0
Obesity:No,0,0,0.0
Obesity:No,0,0,0.0
Obesity:No,0,0,8.110108427081486e-299
Obesity:No,0,0,4.702860890058001e-184
Obesity:No,0,0,0.0
Obesity:No,0,0,0.0
Obesity:No,0,0,5.772637354256281e-150
Obesity:No,0,0,1.3195136770029195e-224
Obesity:No,0,0,9.639238364231926e-235
Obesity:No,0,0,0.0
Obesity:No,0,0,7.697537982240042e-240
Obesity:No,0,0,3.816642981693023e-237
Obesity:No,0,0,8.480316418322027e-230
Obesity:No,0,0,0.0
Obesity:No,0,0,0.0
Obesity:No,0,0,9.428544340859916e-253
Obesity:No,0,0,0.0
Obesity:No,0,0,0.0
Obesity:No,0,0,0.0
Obesity:No,0,0,9.129911125639868e-87
Obesity:No,0,0,0.0
Obesity:No,0,0,6.872769047323917e-96
Obesity:No,0,0,1.2166788097520937e-159
Obesity:No,0,0,0.0
Obesity:No,0,0,1.7490908048714733e-227
Obesity:No,0,0,0.0
Obesity:No,0,0,0.0
Obesity:No,0,0,0.0
Obesity:No,0,0,0.0
Obesity:No,0,0,0.0
Obesity:No,0,0,0.0
Obesity:No,0,0,8.319948888152704e-213
Obesity:No,0,0,7.23963543987055e-172
Obesity:No,0,0,1.9322858838102878e-225
Obesity:No,0,0,0.0
Obesity:No,0,0,0.0
Obesity:No,0,0,0.0
Obesity:No,0,0,0.0
Obesity:No,0,0,0.0
Obesity:No,0,0,1.5162995033468551e-254
Obesity:No,0,0,0.0
Obesity:No,0,0,0.0
Obesity:No,0,0,0.0
Obesity:No,0,0,0.0
Obesity:No,0,0,0.0
Obesity:No,1,0,5.16628553172039e-49
Obesity:No,0,0,5.999842904307883e-247
Obesity:No,0,0,0.0
Obesity:No,0,0,0.0
Obesity:No,0,0,1.782301334005013e-223
Obesity:No,0,0,0.0
Obesity:No,0,0,1.5633860088018887e-238
Obesity:No,0,0,0.0
Obesity:No,0,0,0.0
Obesity:No,0,0,0.0
Obesity:No,0,0,0.0
Obesity:No,0,0,1.4849579854643627e-241
Obesity:No,0,0,0.0
Obesity:No,1,0,9.392576473306395e-233
Obesity:No,0,0,0.0
Obesity:No,0,0,0.0
Obesity:No,0,0,1.028711182696162e-255
Obesity:No,0,0,5.820757304680424e-223
Obesity:No,0,0,0.0
Obesity:No,0,0,7.178919663317381e-94
Obesity:No,0,0,0.0
Obesity:No,0,0,0.0
Obesity:No,0,0,0.0
Obesity:No,0,0,0.0
Obesity:No,0,0,1.4518442989589961e-298
Obesity:No,0,0,0.0
Obesity:No,0,0,1.3125497390143293e-212
Obesity:No,0,0,0.0
Obesity:No,0,0,0.0
Obesity:No,0,0,0.0
Obesity:No,0,0,8.798198090242772e-260
Obesity:No,0,0,2.884932921542071e-157
Obesity:No,0,0,0.0
Obesity:No,0,0,0.0
Obesity:No,0,0,1.8839780269055613e-100
Obesity:No,0,0,2.6010078049129477e-267
Obesity:No,0,0,5.626367970873021e-181
Obesity:No,0,0,0.0
Obesity:No,1,0,0.0
Obesity:No,0,0,0.0
Obesity:No,0,0,0.0
Obesity:No,0,0,0.0
Obesity:No,0,0,1.6044655135720424e-242
Obesity:No,0,0,3.878765901016402e-236
Obesity:No,0,0,0.0
Obesity:No,0,0,0.0
Obesity:No,1,1,0.9999999999999827
Obesity:No,0,0,0.0
Obesity:No,0,0,0.0
Obesity:No,0,0,0.0
Obesity:No,0,0,0.0
Obesity:No,0,0,0.0
Obesity:No,0,0,0.0
Obesity:No,0,0,0.0
Obesity:No,0,0,0.0
Obesity:No,0,0,0.0
Obesity:No,0,0,0.0
Obesity:No,0,0,0.0
Obesity:No,0,0,2.0739956184849524e-222
Obesity:No,0,0,0.0
Obesity:No,0,0,0.0
Obesity:No,0,0,8.716894693290772e-241
Obesity:No,0,0,0.0
Obesity:No,0,0,0.0
Obesity:No,0,0,1.2023580968754824e-292
Obesity:No,0,0,0.0
Obesity:No,0,0,4.469577066223502e-106
Obesity:No,0,0,0.0
Obesity:No,0,0,2.810472194884777e-93
Obesity:No,0,0,2.2476425792380735e-229
Obesity:No,0,0,0.0
Obesity:No,0,0,0.0
Obesity:No,0,0,3.7690728749209095e-121
Obesity:No,1,0,0.0
Obesity:No,0,0,0.0
Obesity:No,1,0,0.0
Obesity:No,0,0,0.0
Obesity:No,0,0,3.433036298018449e-119
Obesity:No,0,0,0.0
Obesity:No,0,0,0.0
Obesity:No,0,0,0.0
Obesity:No,0,0,0.0
Obesity:No,0,0,0.0
Obesity:No,0,0,2.0005320865216182e-289
Obesity:No,0,0,0.0
Obesity:No,0,0,0.0
Obesity:No,0,0,1.6444220072416133e-189
Obesity:No,0,0,2.790470853318509e-229
Obesity:No,0,0,0.0
Obesity:No,0,0,0.0
Obesity:No,0,0,0.0
Obesity:No,0,0,9.821990911859879e-136
Obesity:No,0,0,3.6650033792276805e-220
Obesity:No,0,0,0.0
Obesity:No,0,0,0.0
Obesity:No,0,0,4.920143899656953e-295
Obesity:No,0,0,0.0
Obesity:No,0,0,0.0
Obesity:No,0,0,2.364221020585808e-254
Obesity:No,0,0,0.0
Obesity:No,0,0,0.0
Obesity:No,0,0,0.0
Obesity:No,0,0,1.8749471156285205e-270
Obesity:No,0,0,0.0
Obesity:No,0,0,3.73974145524775e-281
Obesity:No,0,0,4.074722962777265e-24
Obesity:No,0,0,2.2497783764136934e-129
Obesity:No,0,0,5.860031868873893e-241
Obesity:No,0,0,2.2698732010827177e-191
Obesity:No,0,0,1.2844943685893507e-267
Obesity:No,0,0,0.0
Obesity:No,0,0,0.0
Obesity:No,0,0,8.082826114657163e-205
Obesity:No,0,0,1.6544583762205877e-162
Obesity:No,0,0,2.84966818611423e-214
Obesity:No,0,0,0.0
Obesity:No,0,0,3.116417841154059e-293
Obesity:No,0,0,0.0
Obesity:No,0,0,1.132089125214466e-297
Obesity:No,0,0,7.141177902686415e-297
Obesity:No,0,0,0.0
Obesity:No,0,0,0.0
Obesity:No,0,0,0.0
Obesity:No,0,0,2.3766809178974387e-244
Obesity:No,0,0,0.0
Obesity:No,0,0,1.219386982832955e-132
Obesity:No,1,0,1.6384364936143563e-270
Obesity:No,1,0,0.0
Obesity:No,0,0,0.0
Obesity:No,0,0,0.0
Obesity:No,0,0,0.0
Obesity:No,0,0,0.0
Obesity:No,0,0,2.2399893697761122e-293
Obesity:No,0,0,0.0
Obesity:No,0,0,0.0
Obesity:No,0,0,0.0
Obesity:No,0,0,0.0
Obesity:No,0,0,6.392476313901439e-234
Obesity:No,0,0,0.0
Obesity:No,1,0,0.0
Obesity:No,0,0,7.255156314961293e-143
Obesity:No,0,0,9.675411378011017e-188
Obesity:No,0,0,0.0
Obesity:No,0,0,8.303937683781262e-34
Obesity:No,0,0,0.0
Obesity:No,0,0,0.0
Obesity:No,0,0,0.0
Obesity:No,0,0,0.0
Obesity:No,0,0,0.0
Obesity:No,0,0,1.2324673983846393e-249
Obesity:No,0,0,3.672790598968826e-142
Obesity:No,0,0,0.0
Obesity:No,0,0,3.0930992063567306e-261
Obesity:No,0,0,2.0025560600655667e-168
Obesity:No,0,0,2.914413859957291e-243
Obesity:No,0,0,1.7436691680971648e-239
Obesity:No,1,0,9.317253144132858e-273
Obesity:No,0,0,0.0
Obesity:No,0,0,1.4784799378335577e-195
Obesity:No,0,0,9.559175422603512e-275
Obesity:No,0,0,3.817537566699288e-294
Obesity:No,0,0,2.6566631428127893e-137
Obesity:No,0,0,0.0
Obesity:No,0,0,5.833901897419324e-244
Obesity:No,0,0,0.0
Obesity:No,0,0,0.0
Obesity:No,0,0,1.7170778650911264e-197
Obesity:No,0,0,1.4740297751819073e-278
Obesity:No,0,0,0.0
Obesity:No,0,0,0.0
Obesity:No,0,0,5.553552292113588e-198
Obesity:No,0,0,0.0
Obesity:No,0,0,3.0937764988888086e-201
Obesity:No,0,0,2.2646554896626117e-150
Obesity:No,0,0,0.0
Obesity:No,0,0,9.185452993181401e-202
Obesity:No,0,0,3.285479323315331e-244
Obesity:No,0,0,9.890868338069508e-201
Obesity:No,0,0,0.0
Obesity:No,0,0,6.771676929770719e-201
Obesity:No,0,0,0.0
Obesity:No,0,0,0.0
Obesity:No,0,0,1.906174182305623e-275
Obesity:No,0,0,1.9709529806594983e-258
Obesity:No,0,0,0.0
Obesity:No,0,0,2.0473813588883242e-285
Obesity:No,0,0,0.0
Obesity:No,0,0,2.8142398474227634e-56
Obesity:No,0,0,0.0
Obesity:No,0,0,0.0
Obesity:No,0,0,0.0
Obesity:No,0,0,0.0
Obesity:No,0,0,0.0
Obesity:No,0,0,0.0
Obesity:No,0,0,0.0
Obesity:No,0,0,4.436860864876488e-261
Obesity:No,0,0,0.0
Obesity:No,0,0,0.0
Obesity:No,0,0,6.586286283555248e-185
Obesity:No,0,0,0.0
Obesity:No,0,0,0.0
Obesity:No,0,0,0.0
Obesity:No,0,0,0.0
Obesity:No,0,0,1.0166991149414951e-244
Obesity:No,0,0,0.0
Obesity:No,0,0,0.0
Obesity:No,0,0,0.0
Obesity:No,0,0,0.0
Obesity:No,0,0,1.8185554581493472e-270
Obesity:No,0,0,0.0
Obesity:No,0,0,1.0935800308060574e-21
Obesity:No,0,0,0.0
Obesity:No,0,0,1.7491687662727433e-253
Obesity:No,0,0,0.0
Obesity:No,0,0,1.6432753480987268e-288
Obesity:No,0,0,1.6328740162722994e-176
Obesity:No,0,0,5.187054461177777e-200
Obesity:No,0,0,0.0
Obesity:No,0,0,0.0
Obesity:No,0,0,0.0
Obesity:No,1,0,7.396912877051999e-216
Obesity:No,0,0,0.0
Obesity:No,0,0,6.214880378193139e-250
Obesity:No,0,0,0.0
Obesity:No,0,0,0.0
Obesity:No,0,0,0.0
Obesity:No,0,0,0.0
Obesity:No,0,0,0.0
Obesity:No,0,0,3.2908077013643914e-229
Obesity:No,0,0,3.895821583168194e-257
Obesity:No,0,0,0.0
Obesity:No,0,0,9.11567430407002e-162
Obesity:No,0,0,0.0
Obesity:No,0,0,2.0443792872715367e-288
Obesity:No,0,0,1.6044589800762882e-269
Obesity:No,0,0,0.0
Obesity:No,0,0,0.0
Obesity:No,0,0,0.0
Obesity:No,0,0,0.0
Obesity:No,0,0,3.5264747370957802e-267
Obesity:No,0,0,0.0
Obesity:No,0,0,2.121599208483879e-304
Obesity:No,0,0,0.0
Obesity:No,0,0,0.0
Obesity:No,0,0,0.0
Obesity:No,0,0,5.453652474877256e-261
Obesity:No,0,0,8.409871165649465e-247
Obesity:No,0,0,1.661712995486831e-20
Obesity:No,0,0,0.0
Obesity:No,0,0,1.8934934427465625e-274
Obesity:No,0,0,0.0
Obesity:No,0,0,0.0
Obesity:No,0,0,0.0
Obesity:No,0,0,1.3748985606022012e-115
Obesity:No,0,0,0.0
Obesity:No,0,0,0.0
Obesity:No,0,0,2.0633355844692345e-241
Obesity:No,0,0,9.880518024425286e-244
Obesity:No,0,0,0.0
Obesity:No,0,0,0.0
Obesity:No,0,0,0.0
Obesity:No,0,0,0.0
Obesity:No,0,0,0.0
Obesity:No,0,0,3.1012773781405886e-168
Obesity:No,0,0,2.1213779303841315e-53
Obesity:No,0,0,0.0
Obesity:No,0,0,2.1068801946115474e-274
Obesity:No,0,0,4.88732207751574e-306
Obesity:No,0,0,1.328918059398081e-271
Obesity:No,0,0,7.337973453860511e-292
Obesity:No,0,0,1.55378375744755e-202
Obesity:No,0,0,0.0
Obesity:No,0,0,0.0
Obesity:No,0,0,0.0
Obesity:No,0,0,0.0
Obesity:No,0,0,6.815818728720761e-277
Obesity:No,0,0,0.0
Obesity:No,0,0,0.0
Obesity:No,0,0,1.5135057694247692e-235
Obesity:No,0,0,0.0
Obesity:No,0,0,1.8350758309610048e-210
Obesity:No,0,0,0.0
Obesity:No,0,0,0.0
Obesity:No,0,0,1.4741606344010706e-82
Obesity:No,0,0,0.0
Obesity:No,0,0,0.0
Obesity:No,0,0,0.0
Obesity:No,0,0,0.0
Obesity:No,0,0,7.088210936426248e-245
Obesity:No,1,0,1.2530389130368683e-265
Obesity:No,0,0,0.0
Obesity:No,0,0,2.419552150126288e-249
Obesity:No,0,0,6.951191872560826e-170
Obesity:No,0,0,0.0
Obesity:No,0,0,0.0
Obesity:No,0,0,0.0
Obesity:No,0,0,1.4870146617833883e-298
Obesity:No,0,0,8.125140772550837e-235
Obesity:No,0,0,0.0
Obesity:No,0,0,0.0
Obesity:No,0,0,0.0
Obesity:No,0,0,0.0
Obesity:No,0,0,0.0
Obesity:No,0,0,0.0
Obesity:No,0,0,0.0
Obesity:No,0,0,0.0
Obesity:No,0,0,0.0
Obesity:No,0,0,0.0
Obesity:No,0,0,3.0275484592223906e-278
Obesity:No,0,0,1.6855067934222287e-243
Obesity:No,0,0,0.0
Obesity:No,0,0,0.0
Obesity:No,0,0,1.8226908639570567e-174
Obesity:No,0,0,9.022386728137917e-301
Obesity:No,0,0,2.783551902914573e-267
Obesity:No,0,0,1.6354371718449725e-120
Obesity:No,0,0,0.0
Obesity:No,0,0,0.0
Obesity:No,0,0,0.0
Obesity:No,0,0,0.0
Obesity:No,0,0,0.0
Obesity:No,0,0,0.0
Obesity:No,0,0,0.0
Obesity:No,0,0,1.2787967915095769e-295
Obesity:No,0,0,0.0
Obesity:No,0,0,0.0
Obesity:No,0,0,9.245222186806443e-163
Obesity:No,0,0,0.0
Obesity:No,0,0,0.0
Obesity:No,0,0,0.0
Obesity:No,0,0,3.804182238979061e-273
Obesity:No,0,0,0.0
Obesity:No,1,0,1.7571877522192554e-187
Obesity:No,0,0,2.2532967279093694e-209
Obesity:No,0,0,0.0
Obesity:No,0,0,0.0
Obesity:No,0,0,1.1220567668330656e-288
Obesity:No,0,0,0.0
Obesity:No,0,0,3.0404580349948964e-219
Obesity:No,0,0,0.0
Obesity:No,0,0,0.0
Obesity:No,0,0,0.0
Obesity:No,0,0,0.0
Obesity:No,0,0,0.0
Obesity:No,0,0,0.0
Obesity:No,0,0,0.0
Obesity:No,0,0,2.0213644091439444e-290
Obesity:No,0,0,0.0
Obesity:No,0,0,0.0
Obesity:No,0,0,3.765842848921221e-161
Obesity:No,0,0,4.810510501330709e-244
Obesity:No,0,0,5.8085956032692694e-239
Obesity:No,0,0,1.19717518601088e-268
Obesity:No,0,0,1.6341803297349878e-190
Obesity:No,0,0,0.0
Obesity:No,0,0,1.1317525308263686e-245
Obesity:No,0,0,0.0
Obesity:No,0,0,1.0883594752605756e-225
Obesity:No,0,0,0.0
Obesity:No,0,0,4.567661813185461e-249
Obesity:No,0,0,0.0
Obesity:No,0,1,1.0
Obesity:No,0,0,3.1175613063929662e-263
Obesity:No,0,0,0.0
Obesity:No,0,0,4.053604619928482e-170
Obesity:No,0,0,0.0
Obesity:No,0,0,0.0
Obesity:No,0,0,3.530698640770843e-168
Obesity:No,0,0,8.81934991520679e-282
Obesity:No,0,1,0.9999999997794966
Obesity:No,0,0,0.0
Obesity:No,0,0,2.253568593924904e-251
Obesity:No,0,0,5.034803368973442e-261
Obesity:No,0,0,0.0
Obesity:No,1,0,3.74582553230356e-254
Obesity:No,0,0,0.0
Obesity:No,0,0,3.706532728460849e-307
Obesity:No,0,0,2.8707147245899467e-259
Obesity:No,0,0,3.1995684375773806e-126
Obesity:No,0,0,0.0
Obesity:No,0,0,0.0
Obesity:No,0,0,0.0
Obesity:No,0,0,2.5892423192432907e-281
Obesity:No,0,0,4.473618181411546e-248
Obesity:No,0,0,3.6339544515399197e-278
Obesity:No,0,0,0.0
Obesity:No,0,0,8.904299635086639e-194
Obesity:No,0,0,0.0
Obesity:No,0,0,0.0
Obesity:No,0,0,2.1299590332789614e-296
Obesity:No,0,0,0.0
Obesity:No,1,0,4.365736101728498e-106
Obesity:No,0,0,0.0
Obesity:No,0,0,0.0
Obesity:No,0,0,6.548564014534156e-260
Obesity:No,0,0,0.0
Obesity:No,0,0,0.0
Obesity:No,0,0,0.0
Obesity:No,0,0,0.0
Obesity:No,0,0,0.0
Obesity:No,0,0,0.0
Obesity:No,0,0,1.8210911926356944e-262
Obesity:No,0,0,0.0
Obesity:No,0,0,3.7546365313193346e-185
Obesity:No,0,0,2.7714160189643427e-220
Obesity:No,0,0,0.0
Obesity:No,0,0,0.0
Obesity:No,0,0,0.0
Obesity:No,0,0,3.0288624720364112e-266
Obesity:No,0,0,0.0
Obesity:No,0,0,0.0
Obesity:No,0,0,8.082511223085639e-70
Obesity:No,0,0,0.0
Obesity:No,0,0,0.0
Obesity:No,0,0,1.4967168248244074e-306
Obesity:No,0,0,0.0
Obesity:No,0,0,4.2683414925621695e-197
Obesity:No,0,0,0.0
Obesity:No,0,0,1.1495506717859308e-270
Obesity:No,0,0,0.0
Obesity:No,0,0,0.0
Obesity:No,0,0,0.0
Obesity:No,0,0,0.0
Obesity:No,0,0,2.231505238877944e-142
Obesity:No,0,0,1.1847078629021603e-206
Obesity:No,0,0,8.107408358888258e-241
Obesity:No,0,0,0.0
Obesity:No,0,0,3.3559391854915986e-270
Obesity:No,0,0,1.3359234859228721e-266
Obesity:No,0,0,2.9496021623584875e-213
Obesity:No,0,0,0.0
Obesity:No,0,0,2.1596732822389388e-300
Obesity:No,0,0,0.0
Obesity:No,0,0,2.0147041778061197e-282
Obesity:No,0,0,0.0
Obesity:No,0,0,0.0
Obesity:No,0,0,0.0
Obesity:No,0,0,0.0
Obesity:No,0,0,0.0
Obesity:No,0,0,0.0
Obesity:No,0,0,0.0
Obesity:No,0,0,1.866606402178931e-265
Obesity:No,0,0,0.0
Obesity:No,0,0,0.0
Obesity:No,0,0,0.0
Obesity:No,0,0,8.61567584903526e-34
Obesity:No,0,0,0.0
Obesity:No,0,0,7.285326111105774e-111
Obesity:No,0,0,6.92168447523559e-192
Obesity:No,0,0,0.0
Obesity:No,0,0,2.802612317777296e-233
Obesity:No,0,0,5.57944032972518e-282
Obesity:No,0,0,0.0
Obesity:No,0,0,1.282958030414178e-290
Obesity:No,0,0,0.0
Obesity:No,0,0,0.0
Obesity:No,0,0,1.9867587312512693e-177
Obesity:No,0,0,0.0
Obesity:No,0,0,0.0
Obesity:No,0,0,8.129537075919836e-115
Obesity:No,0,0,0.0
Obesity:No,0,0,8.033595085173575e-210
Obesity:No,0,0,0.0
Obesity:No,0,0,3.80234575317869e-283
Obesity:No,0,0,0.0
Obesity:No,0,0,0.0
Obesity:No,0,0,0.0
Obesity:No,0,0,0.0
Obesity:No,0,0,4.3958298239105955e-267
Obesity:No,0,0,3.268549782789253e-286
Obesity:No,0,0,9.09045183871113e-233
Obesity:No,0,0,1.8659648113350785e-175
Obesity:No,0,0,0.0
Obesity:No,0,0,0.0
Obesity:No,0,0,0.0
Obesity:No,0,0,4.4220036777977305e-290
Obesity:No,0,0,0.0
Obesity:No,0,0,0.0
Obesity:No,0,0,2.700861367998033e-289
Obesity:No,0,0,0.0
Obesity:No,0,0,3.6491408029565766e-97
Obesity:No,0,0,6.337840213103246e-66
Obesity:No,0,0,1.7607634211563624e-182
Obesity:No,0,0,1.1341310763468513e-194
Obesity:No,0,0,0.0
Obesity:No,0,0,0.0
Obesity:No,0,0,0.0
Obesity:No,0,0,1.028711182696162e-255
Obesity:No,0,0,0.0
Obesity:No,0,0,3.553766896753925e-276
Obesity:No,0,0,2.1425595369029848e-201
Obesity:No,0,0,0.0
Obesity:No,0,0,7.688629973327672e-291
Obesity:No,0,0,0.0
Obesity:No,0,0,0.0
Obesity:No,0,0,0.0
Obesity:No,0,0,0.0
Obesity:No,0,0,1.1409134372427244e-218
Obesity:No,0,0,0.0
Obesity:No,0,0,7.634041389071988e-269
Obesity:No,0,0,1.8815147941058927e-283
Obesity:No,0,0,9.718527478314156e-304
Obesity:No,0,0,4.248971455955895e-257
Obesity:No,0,0,0.0
Obesity:No,1,0,3.6213991453003005e-275
Obesity:No,0,0,0.0
Obesity:No,0,0,9.443213883865277e-267
Obesity:No,0,0,4.5077869729402565e-267
Obesity:No,0,0,3.6250846292373313e-221
Obesity:No,0,0,2.8682171122438e-189
Obesity:No,0,0,5.774236110224459e-168
Obesity:No,1,0,3.9361539840820486e-230
Obesity:No,0,0,9.665272436329037e-254
Obesity:No,0,0,4.6529492939136734e-169
Obesity:No,0,0,1.1615060966243463e-268
Obesity:No,0,0,2.1473627602873315e-283
Obesity:No,0,0,0.0
Obesity:No,0,0,2.317100054449429e-190
Obesity:No,0,0,7.53899309525739e-255
Obesity:No,0,0,6.191208532084504e-244
Obesity:No,0,0,0.0
Obesity:No,0,0,3.6940730957617246e-229
Obesity:No,0,0,3.64440280016563e-261
Obesity:No,0,0,0.0
Obesity:No,0,0,1.2223483388428716e-186
Obesity:No,0,0,1.134408186418971e-86
Obesity:No,0,0,7.862858621913817e-293
Obesity:No,0,0,0.0
Obesity:No,1,1,0.9951401295456549
Obesity:No,0,0,0.0
Obesity:No,0,0,3.0165388979054406e-183
Obesity:No,0,0,0.0
Obesity:No,0,0,4.9186121161505305e-236
Obesity:No,0,0,0.0
Obesity:No,0,0,0.0
Obesity:No,0,0,0.0
Obesity:No,0,0,0.0
Obesity:No,0,0,0.0
Obesity:No,0,0,0.0
Obesity:No,0,0,1.2882370779718552e-130
Obesity:No,0,0,0.0
Obesity:No,0,0,0.0
Obesity:No,0,0,0.0
Obesity:No,0,0,0.0
Obesity:No,0,0,0.0
Obesity:No,0,0,0.0
Obesity:No,0,0,0.0
Obesity:No,0,0,0.0
Obesity:No,0,0,2.1209939895750123e-70
Obesity:No,0,0,0.0
Obesity:No,0,0,2.651442114734173e-103
Obesity:No,0,0,0.0
Obesity:No,0,0,3.749658379175429e-145
Obesity:No,0,0,0.0
Obesity:No,0,0,1.806799877216394e-306
Obesity:No,0,0,0.0
Obesity:No,0,0,0.0
Obesity:No,0,0,0.0
Obesity:No,0,0,0.0
Obesity:No,0,0,1.9694853256222078e-107
Obesity:No,0,0,5.873092894322465e-272
Obesity:No,0,0,7.295911834094423e-164
Obesity:No,0,0,5.959378576002698e-181
Obesity:No,0,0,1.613720582120747e-267
Obesity:No,0,0,3.886340916134408e-284
Obesity:No,0,0,2.5991761151803235e-221
Obesity:No,0,0,0.0
Obesity:No,0,0,0.0
Obesity:No,0,0,0.0
Obesity:No,0,0,9.990445714063995e-157
Obesity:No,0,0,0.0
Obesity:No,0,0,8.068723151023105e-245
Obesity:No,0,0,1.2276850390993479e-264
Obesity:No,0,0,0.0
Obesity:No,0,0,1.4795847787405743e-161
Obesity:No,0,0,0.0
Obesity:No,0,0,3.8850415082377944e-301
Obesity:No,0,0,0.0
Obesity:No,0,0,0.0
Obesity:No,0,0,0.0
Obesity:No,0,0,0.0
Obesity:No,0,0,0.0
Obesity:No,0,0,0.0
Obesity:No,0,0,0.0
Obesity:No,0,0,0.0
Obesity:No,0,0,4.524574030527846e-296
Obesity:No,0,0,0.0
Obesity:No,0,0,1.47692206937923e-157
Obesity:No,0,0,0.0
Obesity:No,0,0,4.2454415422119216e-274
Obesity:No,0,0,0.0
Obesity:No,0,0,2.593556305772342e-268
Obesity:No,0,0,0.0
Obesity:No,0,0,0.0
Obesity:No,0,0,0.0
Obesity:No,0,0,0.0
Obesity:No,0,0,6.467133192455513e-218
Obesity:No,0,0,8.256069636145715e-267
Obesity:No,0,0,0.0
Obesity:No,0,0,0.0
Obesity:No,0,0,3.0934435497427017e-257
Obesity:No,0,0,7.984120636702457e-298
Obesity:No,0,0,2.9967229851555844e-254
Obesity:No,0,0,0.0
Obesity:No,0,0,9.085462217024015e-234
Obesity:No,0,0,0.0
Obesity:No,0,0,0.0
Obesity:No,0,0,0.0
Obesity:No,0,0,0.0
Obesity:No,0,0,0.0
Obesity:No,0,0,0.0
Obesity:No,0,0,0.0
Obesity:No,0,0,0.0
Obesity:No,0,0,0.0
Obesity:No,0,0,0.0
Obesity:No,0,0,0.0
Obesity:No,0,0,0.0
Obesity:No,0,0,0.0
Obesity:No,0,0,0.0
Obesity:No,0,0,0.0
Obesity:No,0,0,0.0
Obesity:No,0,0,8.076583153607175e-296
Obesity:No,0,0,2.127873563742453e-267
Obesity:No,0,0,0.0
Obesity:No,0,0,7.023952390720921e-215
Obesity:No,0,0,0.0
Obesity:No,0,0,8.755016250469336e-239
Obesity:No,0,0,0.0
Obesity:No,0,0,0.0
Obesity:No,0,0,0.0
Obesity:No,0,0,0.0
Obesity:No,0,0,7.76693537699741e-216
Obesity:No,0,0,0.0
Obesity:No,0,0,2.3164582426891327e-232
Obesity:No,0,0,0.0
Obesity:No,0,0,0.0
Obesity:No,0,0,8.352322856159393e-251
Obesity:No,0,0,5.349761223968655e-303
Obesity:No,0,0,1.223611345208054e-276
Obesity:No,0,0,3.7980773419614946e-255
Obesity:No,0,0,4.362134967632768e-232
Obesity:No,0,0,3.2519802381509762e-270
Obesity:No,0,0,4.332472307595437e-140
Obesity:No,0,0,0.0
Obesity:No,0,0,0.0
Obesity:No,0,0,3.9999295044211224e-185
Obesity:No,0,0,0.0
Obesity:No,0,0,0.0
Obesity:No,0,0,0.0
Obesity:No,0,0,2.2462808346182963e-302
Obesity:No,0,0,1.7686585788692193e-263
Obesity:No,0,0,1.1901225321625073e-172
Obesity:No,0,0,7.41997213297717e-262
Obesity:No,0,0,2.487615064556957e-83
Obesity:No,0,0,0.0
Obesity:No,0,0,2.0288088635561023e-308
Obesity:No,0,0,0.0
Obesity:No,0,0,1.2428142821527836e-220
Obesity:No,0,0,4.130346996486956e-149
Obesity:No,0,0,5.754431074719856e-269
Obesity:No,0,0,3.0959147998400453e-298
Obesity:No,0,0,2.449822394780113e-153
Obesity:No,0,0,0.0
Obesity:No,0,0,1.0710798851938262e-258
Obesity:No,0,0,0.0
Obesity:No,0,0,0.0
Obesity:No,0,0,2.838470415384315e-198
Obesity:No,0,0,6.205149450959133e-222
Obesity:No,0,0,0.0
Obesity:No,0,0,1.8713371069688176e-302
Obesity:No,0,0,1.2645478478377476e-236
Obesity:No,0,0,0.0
Obesity:No,0,0,0.0
Obesity:No,0,0,0.0
Obesity:No,1,0,7.268743482106009e-107
Obesity:No,0,0,0.0
Obesity:No,0,0,5.929102112247359e-307
Obesity:No,0,0,3.276972963927111e-238
Obesity:No,0,0,0.0
Obesity:No,0,0,0.0
Obesity:No,0,0,0.0
Obesity:No,0,0,0.0
Obesity:No,0,0,0.0
Obesity:No,0,0,4.164120197793854e-257
Obesity:No,0,0,0.0
Obesity:No,0,0,0.0
Obesity:No,0,0,0.0
Obesity:No,0,0,0.0
Obesity:No,0,0,2.4974641175832055e-256
Obesity:No,0,0,0.0
Obesity:No,0,0,0.0
Obesity:No,0,0,0.0
Obesity:No,0,0,2.4933462354666242e-203
Obesity:No,0,0,0.0
Obesity:No,0,0,0.0
Obesity:No,0,0,0.0
Obesity:No,0,0,1.916553605232596e-13
Obesity:No,1,0,6.4833747950836e-284
Obesity:No,0,0,0.0
Obesity:No,0,0,0.0
Obesity:No,0,0,0.0
Obesity:No,0,0,0.0
Obesity:No,0,0,0.0
Obesity:No,0,0,0.0
Obesity:No,0,0,0.0
Obesity:No,0,0,0.0
Obesity:No,0,0,0.0
Obesity:No,0,0,0.0
Obesity:No,0,0,0.0
Obesity:No,1,0,1.8519095284720233e-80
Obesity:No,0,0,1.7469385479375883e-228
Obesity:No,0,0,3.865923403980919e-163
Obesity:No,0,0,8.618870668209897e-265
Obesity:No,0,0,2.5054774142384515e-169
Obesity:No,0,0,0.0
Obesity:No,0,0,0.0
Obesity:No,0,0,6.270119280618266e-247
Obesity:No,0,0,0.0
Obesity:No,0,0,0.0
Obesity:No,0,0,0.0
Obesity:No,0,0,0.0
Obesity:No,0,0,0.0
Obesity:No,0,0,0.0
Obesity:No,0,0,1.9466135210814603e-228
Obesity:No,0,0,0.0
Obesity:No,1,0,1.783969296449766e-167
Obesity:No,0,0,4.329855652697479e-267
Obesity:No,0,0,0.0
Obesity:No,0,0,0.0
Obesity:No,0,0,7.504655610772663e-176
Obesity:No,0,0,5.7667410730326e-247
Obesity:No,0,0,1.7801156728073567e-174
Obesity:No,0,0,0.0
Obesity:No,0,0,3.9900519132490127e-255
Obesity:No,0,0,0.0
Obesity:No,0,0,2.810472194884777e-93
Obesity:No,0,0,1.708038623368189e-275
Obesity:No,0,0,0.0
Obesity:No,0,0,7.234149082060622e-254
Obesity:No,0,0,1.816154184986387e-170
Obesity:No,0,0,1.6499896230527448e-212
Obesity:No,0,0,0.0
Obesity:No,0,0,3.052403176242666e-274
Obesity:No,0,0,1.7684103620086302e-40
Obesity:No,0,0,0.0
Obesity:No,0,0,1.9817435834873786e-264
Obesity:No,0,0,0.0
Obesity:No,0,0,0.0
Obesity:No,0,0,0.0
Obesity:No,0,0,9.358910203645215e-260
Obesity:No,0,0,0.0
Obesity:No,0,0,0.0
Obesity:No,0,0,0.0
Obesity:No,0,0,0.0
Obesity:No,0,0,7.801352381110971e-291
Obesity:No,0,0,3.589573133849814e-148
Obesity:No,0,0,0.0
Obesity:No,0,0,0.0
Obesity:No,0,0,0.0
Obesity:No,0,0,0.0
Obesity:No,0,0,0.0
Obesity:No,0,0,0.0
Obesity:No,0,0,0.0
Obesity:No,0,0,0.0
Obesity:No,0,0,0.0
Obesity:No,0,0,1.672029755640781e-252
Obesity:No,0,0,9.706253880829393e-227
Obesity:No,0,0,6.342033635797991e-292
Obesity:No,0,0,8.483852900834633e-226
Obesity:No,0,0,0.0
Obesity:No,0,0,0.0
Obesity:No,0,0,6.815540176171444e-250
Obesity:No,0,0,5.329694544372609e-299
Obesity:No,0,0,0.0
Obesity:No,0,0,0.0
Obesity:No,0,0,8.138159173165607e-182
Obesity:No,0,0,1.1772457448966889e-296
Obesity:No,0,0,0.0
Obesity:No,0,0,0.0
Obesity:No,0,1,1.0
Obesity:No,0,0,4.352822222257437e-229
Obesity:No,0,0,1.1891685744600479e-180
Obesity:No,0,0,1.302660515072814e-60
Obesity:No,0,0,0.0
Obesity:No,0,0,7.107758992534817e-46
Obesity:No,0,0,0.0
Obesity:No,0,0,0.0
Obesity:No,0,0,0.0
Obesity:No,0,0,0.0
Obesity:No,0,0,0.0
Obesity:No,0,0,2.7762120067277164e-227
Obesity:No,0,0,0.0
Obesity:No,0,0,0.0
Obesity:No,0,0,0.0
Obesity:No,0,0,0.0
Obesity:No,0,0,0.0
Obesity:No,0,0,9.067867485206708e-292
Obesity:No,0,0,0.0
Obesity:No,0,0,1.6910810305333427e-305
Obesity:No,0,0,0.0
Obesity:No,0,0,0.0
Obesity:No,0,0,4.199053599187363e-273
Obesity:No,0,0,0.0
Obesity:No,0,0,6.905427937826309e-134
Obesity:No,0,0,0.0
Obesity:No,0,0,1.301333668913026e-242
Obesity:No,0,0,0.0
Obesity:No,0,0,7.530209882479609e-265
Obesity:No,0,0,3.8850415082377944e-301
Obesity:No,0,0,0.0
Obesity:No,0,0,2.752992169601767e-304
Obesity:No,0,0,0.0
Obesity:No,0,0,3.539936780100664e-224
Obesity:No,0,0,0.0
Obesity:No,0,0,0.0
Obesity:No,0,0,0.0
Obesity:No,0,0,7.958148731680915e-260
Obesity:No,0,0,4.685659925655488e-157
Obesity:No,0,0,0.0
Obesity:No,0,0,3.3292150590517533e-153
Obesity:No,0,0,0.0
Obesity:No,0,0,0.0
Obesity:No,0,0,0.0
Obesity:No,0,0,1.0901655406392023e-247
Obesity:No,0,0,5.666202942356381e-276
Obesity:No,0,0,1.6488565895811692e-265
Obesity:No,0,0,4.43664368462398e-280
Obesity:No,0,0,1.342872285110771e-258
Obesity:No,0,0,4.717365587437091e-241
Obesity:No,0,0,0.0
Obesity:No,0,0,1.8351718423572345e-289
Obesity:No,0,0,3.409011045297127e-129
Obesity:No,0,0,4.858176715150801e-303
Obesity:No,0,0,0.0
Obesity:No,0,0,0.0
Obesity:No,0,0,0.0
Obesity:No,0,0,0.0
Obesity:No,0,0,7.99072279572542e-282
Obesity:No,0,0,0.0
Obesity:No,0,0,0.0
Obesity:No,0,0,0.0
Obesity:No,0,0,0.0
Obesity:No,0,0,2.8790852382874863e-183
Obesity:No,0,0,0.0
Obesity:No,0,0,0.0
Obesity:No,0,0,1.0337758134678457e-242
Obesity:No,0,0,1.6177042220784414e-272
Obesity:No,0,0,6.724362904572938e-272
Obesity:No,0,0,1.0330109767174153e-190
Obesity:No,0,0,3.2186920980657923e-81
Obesity:No,0,0,0.0
Obesity:No,0,0,0.0
Obesity:No,0,0,4.279008234348714e-292
Obesity:No,0,0,0.0
Obesity:No,0,0,1.9127556659035575e-298
Obesity:No,0,0,0.0
Obesity:No,0,0,0.0
Obesity:No,0,0,0.0
Obesity:No,0,0,0.0
Obesity:No,0,0,0.0
Obesity:No,0,0,0.0
Obesity:No,0,0,0.0
Obesity:No,0,0,0.0
Obesity:No,0,0,0.0
Obesity:No,0,0,1.743295991061009e-261
Obesity:No,0,0,0.0
Obesity:No,0,0,2.6546222762208824e-193
Obesity:No,0,0,0.0
Obesity:No,0,0,1.761872468275995e-180
Obesity:No,0,0,0.0
Obesity:No,0,0,0.0
Obesity:No,0,0,2.658337019183723e-286
Obesity:No,0,0,1.2054836556225297e-275
Obesity:No,0,0,0.0
Obesity:No,0,0,0.0
Obesity:No,0,0,8.763449265702795e-117
Obesity:No,0,0,1.1404968603203882e-166
Obesity:No,0,0,0.0
Obesity:No,0,0,2.1949695613182255e-193
Obesity:No,0,0,0.0
Obesity:No,0,0,0.0
Obesity:No,0,0,1.1494222272590099e-224
Obesity:No,0,0,0.0
Obesity:No,0,0,5.468013150602397e-275
Obesity:No,0,0,1.7369688068547042e-189
Obesity:No,0,0,1.012149250719661e-109
Obesity:No,0,0,0.0
Obesity:No,0,0,0.0
Obesity:No,0,0,0.0
Obesity:No,0,0,4.0020335583034127e-308
Obesity:No,0,0,0.0
Obesity:No,0,0,0.0
Obesity:No,0,0,0.0
Obesity:No,0,0,0.0
Obesity:No,1,0,0.0
Obesity:No,0,0,0.0
Obesity:No,0,0,2.138222104921678e-280
Obesity:No,0,0,0.0
Obesity:No,0,0,2.2803780234202024e-152
Obesity:No,0,0,0.0
Obesity:No,0,0,5.436092779144095e-147
Obesity:No,0,0,0.0
Obesity:No,1,0,0.0
Obesity:No,0,0,0.0
Obesity:No,0,0,0.0
Obesity:No,0,0,3.0548645268425594e-279
Obesity:No,0,0,5.302248714251923e-263
Obesity:No,0,0,2.699793827129558e-282
Obesity:No,0,0,1.4647796134908509e-259
Obesity:No,0,0,0.0
Obesity:No,0,0,6.655216938281498e-245
Obesity:No,0,0,1.323853658766853e-219
Obesity:No,0,0,0.0
Obesity:No,0,0,3.259732759127737e-207
Obesity:No,0,0,0.0
Obesity:No,0,0,0.0
Obesity:No,0,0,0.0
Obesity:No,0,0,2.811008194901115e-287
Obesity:No,0,0,2.2553204299536244e-285
Obesity:No,0,0,1.628999080943032e-299
Obesity:No,0,0,0.0
Obesity:No,0,0,0.0
Obesity:No,0,0,1.2754709705867037e-209
Obesity:No,0,0,4.961227845100066e-72
Obesity:No,0,0,8.586631661940564e-272
Obesity:No,0,0,0.0
Obesity:No,0,0,0.0
Obesity:No,0,0,0.0
Obesity:No,0,0,0.0
Obesity:No,0,0,4.963754670613331e-269
Obesity:No,0,0,0.0
Obesity:No,0,0,0.0
Obesity:No,0,0,1.881887395964624e-183
Obesity:No,0,0,8.412756791395484e-297
Obesity:No,0,0,2.8191856398511765e-88
Obesity:No,0,0,0.0
Obesity:No,0,0,1.5685282412366229e-229
Obesity:No,0,0,0.0
Obesity:No,0,0,3.1176614065164156e-289
Obesity:No,0,0,0.0
Obesity:No,0,0,0.0
Obesity:No,0,0,0.0
Obesity:No,0,0,0.0
Obesity:No,0,0,5.984134731230929e-250
Obesity:No,0,0,0.0
Obesity:No,0,0,0.0
Obesity:No,0,0,0.0
Obesity:No,0,0,0.0
Obesity:No,0,0,1.259965367769746e-200
Obesity:No,0,0,1.6706354596425167e-220
Obesity:No,0,0,6.754070638507275e-222
Obesity:No,0,0,0.0
Obesity:No,0,0,1.3904459483561544e-264
Obesity:No,0,0,5.1435218117654815e-74
Obesity:No,0,0,0.0
Obesity:No,0,0,0.0
Obesity:No,0,0,2.128375357567379e-258
Obesity:No,0,0,1.0400746610639216e-171
Obesity:No,0,0,4.8959655918060965e-155
Obesity:No,0,0,0.0
Obesity:No,0,0,1.9278836170658123e-195
Obesity:No,0,0,0.0
Obesity:No,0,0,0.0
Obesity:No,0,0,0.0
Obesity:No,0,0,0.0
Obesity:No,0,0,2.237435317108059e-276
Obesity:No,0,0,0.0
Obesity:No,0,0,0.0
Obesity:No,0,0,6.184935358752238e-137
Obesity:No,0,0,0.0
Obesity:No,0,0,2.5905674407942312e-281
Obesity:No,0,0,0.0
Obesity:No,0,0,0.0
Obesity:No,0,0,0.0
Obesity:No,0,0,2.8885354719249924e-283
Obesity:No,0,0,1.1654841501943008e-295
Obesity:No,0,0,1.072452332550039e-180
Obesity:No,0,0,2.4851360888507835e-270
Obesity:No,0,0,0.0
Obesity:No,0,0,0.0
Obesity:No,0,0,0.0
Obesity:No,0,0,0.0
Obesity:No,0,0,0.0
Obesity:No,0,0,0.0
Obesity:No,0,0,0.0
Obesity:No,0,0,4.8461135360754525e-48
Obesity:No,0,0,0.0
Obesity:No,0,0,0.0
Obesity:No,0,0,2.9733446757728004e-291
Obesity:No,0,0,1.886202187857187e-229
Obesity:No,1,0,1.567188190881782e-276
Obesity:No,1,0,1.4183508083011725e-96
Obesity:No,0,0,0.0
Obesity:No,0,0,0.0
Obesity:No,0,0,0.0
Obesity:No,0,0,0.0
Obesity:No,0,0,0.0
Obesity:No,0,0,1.7008791132060658e-253
Obesity:No,0,0,0.0
Obesity:No,0,0,0.0
Obesity:No,0,0,0.0
Obesity:No,0,0,0.0
Obesity:No,0,0,0.0
Obesity:No,0,0,0.0
Obesity:No,0,0,0.0
Obesity:No,0,0,0.0
Obesity:No,0,0,0.0
Obesity:No,0,0,2.5039317643733385e-211
Obesity:No,0,0,4.279066342232505e-290
Obesity:No,0,0,1.5352866680470692e-258
Obesity:No,0,1,1.0
Obesity:No,0,0,0.0
Obesity:No,0,0,8.184383981708293e-279
Obesity:No,0,0,0.0
Obesity:No,0,0,0.0
Obesity:No,0,0,7.615100612704914e-212
Obesity:No,0,0,0.0
Obesity:No,0,0,0.0
Obesity:No,0,0,3.4046381205583745e-299
Obesity:No,0,0,3.350736535199294e-260
Obesity:No,0,0,3.151586054130226e-195
Obesity:No,0,0,0.0
Obesity:No,0,0,0.0
Obesity:No,0,0,0.0
Obesity:No,0,0,0.0
Obesity:No,0,0,0.0
Obesity:No,0,0,0.0
Obesity:No,0,0,0.0
Obesity:No,0,0,0.0
Obesity:No,0,0,1.2194894189898365e-123
Obesity:No,0,0,9.504144817907393e-250
Obesity:No,0,0,9.471136242463352e-116
Obesity:No,0,0,9.734612338716377e-227
Obesity:No,0,0,0.0
Obesity:No,0,0,8.642004223403421e-290
Obesity:No,0,0,4.055285224461508e-192
Obesity:No,0,0,0.0
Obesity:No,0,0,0.0
Obesity:No,0,0,6.024289524130232e-296
Obesity:No,0,0,0.0
Obesity:No,0,0,0.0
Obesity:No,0,0,0.0
Obesity:No,1,0,2.4526073727692226e-235
Obesity:No,0,0,0.0
Obesity:No,0,0,0.0
Obesity:No,0,0,0.0
Obesity:No,0,0,0.0
Obesity:No,0,0,5.764953202061878e-172
Obesity:No,0,0,0.0
Obesity:No,0,0,0.0
Obesity:No,0,0,0.0
Obesity:No,0,0,0.0
Obesity:No,0,0,0.0
Obesity:No,0,0,3.495370165559451e-249
Obesity:No,0,0,0.0
Obesity:No,0,0,2.8976965608850416e-295
Obesity:No,0,0,0.0
Obesity:No,0,0,0.0
Obesity:No,0,0,1.875068120707176e-92
Obesity:No,0,0,3.248378169632703e-285
Obesity:No,0,0,0.0
Obesity:No,0,0,0.0
Obesity:No,0,0,0.0
Obesity:No,0,0,0.0
Obesity:No,0,0,0.0
Obesity:No,0,0,0.0
Obesity:No,0,0,1.114787092066649e-208
Obesity:No,0,0,0.0
Obesity:No,0,0,0.0
Obesity:No,0,0,6.058552866423857e-242
Obesity:No,0,0,0.0
Obesity:No,0,0,5.0583587439739676e-269
Obesity:No,0,0,1.1264061076344666e-275
Obesity:No,0,0,6.061166037265178e-216
Obesity:No,0,0,2.0515453816790503e-292
Obesity:No,0,0,0.0
Obesity:No,0,0,1.9361326233621328e-257
Obesity:No,0,0,0.0
Obesity:No,0,0,0.0
Obesity:No,0,0,0.0
Obesity:No,0,0,1.8830221042152555e-218
Obesity:No,0,0,1.2144123395694697e-183
Obesity:No,1,0,0.0
Obesity:No,0,0,0.0
Obesity:No,0,0,0.0
Obesity:No,0,0,0.0
Obesity:No,0,0,2.9008008893868512e-216
Obesity:No,0,0,0.0
Obesity:No,0,0,0.0
Obesity:No,0,0,2.9770479440811955e-267
Obesity:No,0,0,2.695542697518601e-302
Obesity:No,0,0,3.3757531853607285e-243
Obesity:No,0,0,0.0
Obesity:No,1,0,1.0860133870245639e-182
Obesity:No,0,0,1.2774633426701684e-284
Obesity:No,0,0,0.0
Obesity:No,0,0,0.0
Obesity:No,0,0,0.0
Obesity:No,0,0,0.0
Obesity:No,0,0,4.499990921685277e-93
Obesity:No,0,0,0.0
Obesity:No,0,0,9.443399641062643e-209
Obesity:No,0,0,2.189093274077043e-194
Obesity:No,0,0,6.537673182519286e-219
Obesity:No,0,0,0.0
Obesity:No,0,0,0.0
Obesity:No,0,0,4.2698351449102354e-91
Obesity:No,0,0,3.8314699158210194e-191
Obesity:No,0,0,6.312917199982209e-267
Obesity:No,0,0,0.0
Obesity:No,0,0,2.3553419638670638e-146
Obesity:No,0,0,0.0
Obesity:No,0,0,0.0
Obesity:No,0,0,0.0
Obesity:No,0,0,0.0
Obesity:No,0,0,1.989837930842616e-288
Obesity:No,0,0,0.0
Obesity:No,0,0,0.0
Obesity:No,0,0,1.4215816239164464e-113
Obesity:No,0,0,1.6062123610246214e-255
Obesity:No,0,0,0.0
Obesity:No,0,0,0.0
Obesity:No,0,0,0.0
Obesity:No,0,0,6.479783470789673e-300
Obesity:No,0,0,1.3725484246102915e-307
Obesity:No,0,0,0.0
Obesity:No,0,0,3.907185267173022e-266
Obesity:No,0,0,1.636906732066283e-249
Obesity:No,0,0,0.0
Obesity:No,0,0,0.0
Obesity:No,0,0,0.0
Obesity:No,0,0,0.0
Obesity:No,0,0,1.7384823882114436e-237
Obesity:No,0,0,0.0
Obesity:No,0,0,0.0
Obesity:No,0,0,0.0
Obesity:No,0,0,0.0
Obesity:No,0,0,2.6560490325650074e-84
Obesity:No,0,0,1.12248175366011e-292
Obesity:No,0,0,0.0
Obesity:No,0,0,0.0
Obesity:No,0,0,0.0
Obesity:No,0,0,9.950900677759937e-257
Obesity:No,0,0,0.0
Obesity:No,0,0,0.0
Obesity:No,0,0,0.0
Obesity:No,0,0,5.666787625657232e-214
Obesity:No,0,0,0.0
Obesity:No,0,0,2.329071492573135e-268
Obesity:No,0,0,1.2683680941064545e-251
Obesity:No,0,0,2.6504579866788758e-204
Obesity:No,0,0,0.0
Obesity:No,0,0,2.9526777432191345e-238
Obesity:No,0,0,0.0
Obesity:No,0,0,0.0
Obesity:No,0,0,0.0
Obesity:No,0,0,1.3199290735312221e-233
Obesity:No,0,0,4.151813398787811e-260
Obesity:No,0,0,0.0
Obesity:No,0,0,4.5662038400260584e-235
Obesity:No,0,0,0.0
Obesity:No,0,0,1.8097054606777416e-297
Obesity:No,0,0,0.0
Obesity:No,0,0,0.0
Obesity:No,0,0,0.0
Obesity:No,0,0,3.7397904135435647e-302
Obesity:No,0,0,2.860339988846354e-228
Obesity:No,0,0,0.0
Obesity:No,0,0,0.0
Obesity:No,0,0,7.930576430557725e-234
Obesity:No,0,0,2.9571403009265117e-286
Obesity:No,0,0,0.0
Obesity:No,0,0,0.0
Obesity:No,0,0,9.56814072876022e-206
Obesity:No,0,0,0.0
Obesity:No,0,0,2.80092803524197e-249
Obesity:No,0,0,0.0
Obesity:No,0,0,6.00179708823843e-181
Obesity:No,0,0,0.0
Obesity:No,0,0,3.669690227219169e-234
Obesity:No,0,0,0.0
Obesity:No,0,0,6.624003110257447e-300
Obesity:No,0,0,4.666024587511152e-234
Obesity:No,0,0,0.0
Obesity:No,0,0,0.0
Obesity:No,0,0,4.439960055180602e-300
Obesity:No,0,0,1.0600095069274577e-200
Obesity:No,0,0,0.0
Obesity:No,0,0,5.318986635226619e-306
Obesity:No,0,0,0.0
Obesity:No,0,0,0.0
Obesity:No,0,0,0.0
Obesity:No,0,0,1.0544380158495588e-108
Obesity:No,0,0,0.0
Obesity:No,0,0,0.0
Obesity:No,0,0,0.0
Obesity:No,0,0,0.0
Obesity:No,0,0,0.0
Obesity:No,1,0,0.0
Obesity:No,0,0,0.0
Obesity:No,0,0,0.0
Obesity:No,0,0,7.903774412353314e-196
Obesity:No,0,0,0.0
Obesity:No,0,0,1.3549859140915963e-271
Obesity:No,0,0,2.6865821978550967e-268
Obesity:No,0,0,0.0
Obesity:No,0,0,0.0
Obesity:No,0,0,4.374310407922942e-173
Obesity:No,0,0,4.604782765260768e-231
Obesity:No,0,0,0.0
Obesity:No,0,0,4.271517539602246e-271
Obesity:No,0,0,0.0
Obesity:No,0,0,5.112879625380796e-153
Obesity:No,0,1,0.9970414727791749
Obesity:No,0,0,0.0
Obesity:No,0,0,0.0
Obesity:No,0,0,0.0
Obesity:No,0,0,6.331298633118753e-170
Obesity:No,0,0,0.0
Obesity:No,0,0,0.0
Obesity:No,0,0,0.0
Obesity:No,0,0,0.0
Obesity:No,0,0,0.0
Obesity:No,0,0,8.568646438941884e-281
Obesity:No,0,0,1.969882011142123e-287
Obesity:No,0,0,0.0
Obesity:No,0,0,5.374317346230559e-286
Obesity:No,0,0,5.628387763571302e-249
Obesity:No,1,0,8.675538019380206e-10
Obesity:No,0,0,2.3503829137867652e-300
Obesity:No,0,0,8.792846926064561e-296
Obesity:No,0,0,0.0
Obesity:No,0,0,0.0
Obesity:No,0,0,0.0
Obesity:No,1,0,4.628098909795025e-279
Obesity:No,0,0,0.0
Obesity:No,0,0,3.768649292173184e-248
Obesity:No,0,0,0.0
Obesity:No,0,0,0.0
Obesity:No,0,0,0.0
Obesity:No,0,0,0.0
Obesity:No,0,0,0.0
Obesity:No,0,0,5.983492264045092e-191
Obesity:No,0,0,0.0
Obesity:No,0,0,0.0
Obesity:No,0,0,5.869052477323893e-165
Obesity:No,0,0,0.0
Obesity:No,0,0,7.05138927055177e-182
Obesity:No,0,0,2.981280860267421e-268
Obesity:No,0,0,0.0
Obesity:No,0,0,0.0
Obesity:No,0,0,1.3107777901795373e-218
Obesity:No,0,0,3.3940782774691456e-290
Obesity:No,0,0,0.0
Obesity:No,0,0,0.0
Obesity:No,0,0,0.0
Obesity:No,0,0,0.0
Obesity:No,0,0,5.500097504015845e-298
Obesity:No,0,0,1.6363768504273926e-226
Obesity:No,0,0,1.0168965028208187e-69
Obesity:No,0,0,6.008815380853219e-200
Obesity:No,0,0,0.0
Obesity:No,0,0,6.163469978931296e-301
Obesity:No,0,1,1.0
Obesity:No,0,0,0.0
Obesity:No,0,0,0.0
Obesity:No,0,0,0.0
Obesity:No,0,0,5.648951808857393e-262
Obesity:No,0,0,0.0
Obesity:No,0,0,1.8476481393991476e-307
Obesity:No,0,0,0.0
Obesity:No,0,0,0.0
Obesity:No,0,0,0.0
Obesity:No,0,0,0.0
Obesity:No,0,0,0.0
Obesity:No,0,0,1.5337768388459254e-186
Obesity:No,0,0,2.862138750803603e-119
Obesity:No,0,0,0.0
Obesity:No,0,0,1.2010019547422178e-257
Obesity:No,0,0,1.1424552187064463e-179
Obesity:No,0,0,1.8056857173864836e-288
Obesity:No,0,0,0.0
Obesity:No,0,0,0.0
Obesity:No,0,0,0.0
Obesity:No,0,0,0.0
Obesity:No,0,0,6.354483750327317e-136
Obesity:No,0,0,0.0
Obesity:No,0,0,7.272058910491031e-245
Obesity:No,0,0,3.567768110028002e-192
Obesity:No,0,0,0.0
Obesity:No,0,0,0.0
Obesity:No,0,0,0.0
Obesity:No,0,0,6.166674645436674e-247
Obesity:No,0,0,0.0
Obesity:No,0,0,5.366700044402225e-224
Obesity:No,0,0,1.1673076024885467e-212
Obesity:No,0,0,6.476408462873746e-203
Obesity:No,0,0,0.0
Obesity:No,0,0,0.0
Obesity:No,0,0,0.0
Obesity:No,0,0,2.3864179176729788e-70
Obesity:No,0,0,0.0
Obesity:No,0,0,0.0
Obesity:No,0,0,1.2781126528709885e-197
Obesity:No,0,0,0.0
Obesity:No,0,0,0.0
Obesity:No,0,0,4.775394483121829e-234
Obesity:No,0,0,2.614054803255556e-255
Obesity:No,0,0,7.344088813315986e-142
Obesity:No,0,0,0.0
Obesity:No,0,0,0.0
Obesity:No,0,0,0.0
Obesity:No,0,0,0.0
Obesity:No,0,0,0.0
Obesity:No,0,0,0.0
Obesity:No,0,0,9.218932500303224e-124
Obesity:No,0,0,5.097606350396671e-187
Obesity:No,0,0,0.0
Obesity:No,0,0,4.077718584025668e-149
Obesity:No,0,0,1.4686932722633405e-88
Obesity:No,0,0,0.0
Obesity:No,0,0,0.0
Obesity:No,0,0,5.0371284172190595e-228
Obesity:No,0,0,0.0
Obesity:No,0,0,0.0
Obesity:No,0,0,0.0
Obesity:No,0,0,0.0
Obesity:No,0,0,4.587282310805128e-189
Obesity:No,0,0,0.0
Obesity:No,0,0,2.0192259872413326e-185
Obesity:No,0,0,0.0
Obesity:No,0,0,0.0
Obesity:No,0,0,2.1352229911914506e-258
Obesity:No,0,0,3.328060289490041e-84
Obesity:No,0,0,0.0
Obesity:No,0,0,0.0
Obesity:No,0,0,0.0
Obesity:No,0,0,0.0
Obesity:No,0,0,0.0
Obesity:No,0,0,0.0
Obesity:No,1,1,1.0
Obesity:No,0,0,1.9829295385738785e-223
Obesity:No,0,0,0.0
Obesity:No,0,0,0.0
Obesity:No,0,0,0.0
Obesity:No,0,0,5.066929702442683e-302
Obesity:No,0,0,9.134333575920651e-233
Obesity:No,0,0,1.69481545869788e-135
Obesity:No,0,0,0.0
Obesity:No,0,0,0.0
Obesity:No,0,0,0.0
Obesity:No,0,0,0.0
Obesity:No,0,0,0.0
Obesity:No,0,0,1.1007513991127311e-150
Obesity:No,0,0,3.803153580260851e-202
Obesity:No,0,0,0.0
Obesity:No,0,0,0.0
Obesity:No,0,0,0.0
Obesity:No,0,0,0.0
Obesity:No,0,0,0.0
Obesity:No,0,0,0.0
Obesity:No,0,0,0.0
Obesity:No,0,0,0.0
Obesity:No,0,0,0.0
Obesity:No,0,0,0.0
Obesity:No,0,0,0.0
Obesity:No,0,0,0.0
Obesity:No,0,0,0.0
Obesity:No,0,0,0.0
Obesity:No,0,0,0.0
Obesity:No,0,0,3.711894175697552e-208
Obesity:No,0,0,1.026646922609292e-293
Obesity:No,0,0,1.7811566320796346e-239
Obesity:No,0,0,0.0
Obesity:No,0,0,2.9224447745266877e-308
Obesity:No,0,0,0.0
Obesity:No,0,0,6.053418922997075e-255
Obesity:No,0,1,1.0
Obesity:No,0,0,0.0
Obesity:No,0,0,0.0
Obesity:No,0,0,3.016753671014616e-306
Obesity:No,0,0,0.0
Obesity:No,1,0,0.0
Obesity:No,0,0,2.600017217047361e-303
Obesity:No,0,0,0.0
Obesity:No,0,0,0.0
Obesity:No,0,0,0.0
Obesity:No,0,0,2.052774506960801e-282
Obesity:No,0,0,0.0
Obesity:No,0,0,7.652918807876743e-216
Obesity:No,0,0,0.0
Obesity:No,0,0,0.0
Obesity:No,0,0,6.267113186490694e-234
Obesity:No,0,0,0.0
Obesity:No,0,0,0.0
Obesity:No,0,0,0.0
Obesity:No,0,0,0.05122707261916444
Obesity:No,0,0,0.0
Obesity:No,0,0,0.0
Obesity:No,0,0,4.068089365588304e-249
Obesity:No,0,0,0.0
Obesity:No,0,0,0.0
Obesity:No,0,0,0.0
Obesity:No,0,0,3.632397101031377e-206
Obesity:No,0,0,0.0
Obesity:No,0,0,6.143159717838182e-262
Obesity:No,0,0,3.166944102336709e-212
Obesity:No,0,0,0.0
Obesity:No,0,0,0.0
Obesity:No,0,0,0.0
Obesity:No,0,0,0.0
Obesity:No,0,0,0.0
Obesity:No,0,0,9.265045405618062e-284
Obesity:No,0,0,0.0
Obesity:No,0,0,1.9360133985454687e-284
Obesity:No,0,0,6.613591830330725e-61
Obesity:No,0,0,0.0
Obesity:No,0,0,0.0
Obesity:No,0,0,0.0
Obesity:No,0,0,0.0
Obesity:No,0,0,0.0
Obesity:No,0,0,0.0
Obesity:No,0,0,3.579609937394386e-169
Obesity:No,0,0,0.0
Obesity:No,0,0,9.50007604395695e-250
Obesity:No,0,0,0.0
Obesity:No,0,0,0.0
Obesity:No,0,0,9.841847354566751e-246
Obesity:No,0,0,1.0004812564895251e-264
Obesity:No,0,0,9.420871711554912e-259
Obesity:No,0,0,1.5104165354566225e-289
Obesity:No,0,0,9.982441484674693e-276
Obesity:No,0,0,1.1543957686175033e-159
Obesity:No,0,0,0.4891161762601993
Obesity:No,0,0,1.7519391267671345e-271
Obesity:No,1,0,3.006205963920207e-162
Obesity:No,0,0,0.0
Obesity:No,0,0,0.0
Obesity:No,0,0,9.798822668042119e-283
Obesity:No,0,0,0.0
Obesity:No,0,0,0.0
Obesity:No,0,0,0.0
Obesity:No,0,0,1.1386435073298034e-168
Obesity:No,0,0,0.0
Obesity:No,0,0,0.0
Obesity:No,0,0,1.4362575221258435e-228
Obesity:No,0,0,1.7887773431521542e-140
Obesity:No,0,0,0.0
Obesity:No,0,0,0.0
Obesity:No,0,0,3.0827446689815495e-268
Obesity:No,0,0,0.0
Obesity:No,0,0,0.0
Obesity:No,0,0,0.0
Obesity:No,0,0,0.0
Obesity:No,0,0,1.4352545253953491e-229
Obesity:No,0,0,1.888636059740176e-307
Obesity:No,1,0,1.3302293102703563e-281
Obesity:No,0,0,2.272798331875478e-81
Obesity:No,0,0,0.0
Obesity:No,0,0,0.0
Obesity:No,0,0,0.0
Obesity:No,0,0,0.0
Obesity:No,0,0,9.762123062140567e-181
Obesity:No,0,0,0.0
Obesity:No,0,0,0.0
Obesity:No,0,0,1.3981726458113947e-246
Obesity:No,0,0,0.0
Obesity:No,0,0,0.0
Obesity:No,0,0,0.0
Obesity:No,1,1,1.0
Obesity:No,0,0,4.3878586593856476e-290
Obesity:No,0,0,1.0040688046731412e-157
Obesity:No,0,0,1.1713202857253557e-223
Obesity:No,0,0,3.3188745058215026e-256
Obesity:No,0,0,0.0
Obesity:No,0,0,1.8461844607647788e-150
Obesity:No,0,0,0.0
Obesity:No,0,0,0.0
Obesity:No,0,0,0.0
Obesity:No,0,0,0.0
Obesity:No,0,0,4.874072837957975e-141
Obesity:No,0,0,0.0
Obesity:No,0,0,4.609641339031175e-233
Obesity:No,0,0,0.0
Obesity:No,0,0,4.945076002510059e-163
Obesity:No,0,0,3.32754152503781e-144
Obesity:No,0,0,0.0
Obesity:No,0,0,0.0
Obesity:No,0,0,0.0
Obesity:No,0,0,8.261388013445474e-188
Obesity:No,0,0,0.0
Obesity:No,0,0,0.0
Obesity:No,0,0,1.1462773274155152e-266
Obesity:No,0,0,0.0
Obesity:No,0,0,0.0
Obesity:No,0,0,1.4537355545978955e-69
Obesity:No,0,0,2.3785288505363433e-115
Obesity:No,0,0,2.1932997272097636e-09
Obesity:No,0,0,0.0
Obesity:No,0,0,4.810802263088794e-98
Obesity:No,0,0,0.0
Obesity:No,0,0,0.0
Obesity:No,0,0,3.3990088348314075e-255
Obesity:No,0,0,0.0
Obesity:No,0,0,0.0
Obesity:No,0,0,4.6591098445058816e-198
Obesity:No,0,0,0.0
Obesity:No,0,0,0.0
Obesity:No,0,0,7.568034413684096e-57
Obesity:No,0,0,0.0
Obesity:No,0,0,8.427154560782338e-215
Obesity:No,0,0,0.0
Obesity:No,0,0,2.1916771893128333e-247
Obesity:No,0,0,0.0
Obesity:No,0,0,3.023748074509795e-168
Obesity:No,1,0,0.0
Obesity:No,0,0,6.8822221857759936e-189
Obesity:No,0,0,0.0
Obesity:No,0,0,0.0
Obesity:No,0,0,0.0
Obesity:No,0,0,0.0
Obesity:No,0,0,1.9558885895608412e-256
Obesity:No,0,0,0.0
Obesity:No,0,0,0.0
Obesity:No,0,0,0.0
Obesity:No,0,0,0.0
Obesity:No,0,0,1.2447990835793502e-248
Obesity:No,0,0,0.0
Obesity:No,0,0,5.053510420030779e-238
Obesity:No,0,0,0.0
Obesity:No,0,0,0.0
Obesity:No,0,0,8.241403332553003e-170
Obesity:No,0,0,0.0
Obesity:No,0,0,2.461527096931689e-228
Obesity:No,0,0,0.0
Obesity:No,0,0,0.0
Obesity:No,0,0,0.0
Obesity:No,0,0,0.0
Obesity:No,0,0,2.9669988707398925e-281
Obesity:No,0,0,0.0
Obesity:No,0,0,0.0
Obesity:No,0,0,2.183649693186556e-298
Obesity:No,0,0,0.0
Obesity:No,0,0,0.0
Obesity:No,0,0,9.302800670946864e-236
Obesity:No,0,0,0.0
Obesity:No,0,0,1.7383763052306626e-224
Obesity:No,0,0,0.0
Obesity:No,0,0,0.0
Obesity:No,0,0,0.0
Obesity:No,0,0,0.0
Obesity:No,0,0,1.2396997703274689e-76
Obesity:No,0,0,5.418393188447968e-131
Obesity:No,0,0,0.0
Obesity:No,0,0,6.047014791482867e-274
Obesity:No,0,0,1.1419007050024426e-162
Obesity:No,0,0,0.0
Obesity:No,0,0,0.0
Obesity:No,0,0,0.0
Obesity:No,0,0,2.9445464155018805e-205
Obesity:No,0,0,0.0
Obesity:No,0,0,7.039230985703607e-91
Obesity:No,0,0,0.0
Obesity:No,0,0,1.8131523204115012e-175
Obesity:No,0,0,5.250328295228362e-275
Obesity:No,0,0,1.2002523879020283e-165
Obesity:No,0,0,0.0
Obesity:No,0,0,5.08823573435131e-229
Obesity:No,0,1,0.9999999988805479
Obesity:No,0,0,0.0
Obesity:No,0,0,0.0
Obesity:No,0,0,9.776988536484583e-253
Obesity:No,0,0,0.0
Obesity:No,0,0,2.225238135015101e-261
Obesity:No,0,0,0.0
Obesity:No,0,0,0.0
Obesity:No,0,0,7.723273036047025e-254
Obesity:No,0,0,7.817214670701162e-290
Obesity:No,0,0,0.0
Obesity:No,0,0,0.0
Obesity:No,0,0,0.0
Obesity:No,0,0,0.0
Obesity:No,0,0,0.0
Obesity:No,0,0,0.0
Obesity:No,0,0,3.051166867620564e-244
Obesity:No,0,0,0.0
Obesity:No,0,0,2.603430252378407e-226
Obesity:No,0,0,0.0
Obesity:No,0,0,9.549496746964947e-293
Obesity:No,0,0,7.3085162678871995e-267
Obesity:No,0,0,1.2991414831049014e-189
Obesity:No,0,0,0.0
Obesity:No,0,0,3.433563123023072e-277
Obesity:No,0,0,0.0
Obesity:No,0,0,0.0
Obesity:No,0,0,2.8801751606099605e-277
Obesity:No,0,0,0.0
Obesity:No,0,0,5.717818837348412e-291
Obesity:No,0,0,0.0
Obesity:No,0,0,0.0
Obesity:No,0,0,0.0
Obesity:No,0,0,0.0
Obesity:No,0,0,0.0
Obesity:No,0,0,0.0
Obesity:No,0,0,0.0
Obesity:No,0,0,2.8393379564565623e-132
Obesity:No,0,0,0.0
Obesity:No,0,0,0.0
Obesity:No,0,0,0.0
Obesity:No,0,0,1.8656755339332975e-157
Obesity:No,0,0,1.9290504475673635e-99
Obesity:No,0,0,3.5490610457422915e-300
Obesity:No,0,0,0.0
Obesity:No,0,0,0.0
Obesity:No,0,0,0.0
Obesity:No,0,0,3.049105828969868e-300
Obesity:No,0,0,0.0
Obesity:No,0,0,0.0
Obesity:No,0,0,1.537786701881899e-223
Obesity:No,0,0,2.669063099317416e-122
Obesity:No,0,0,0.0
Obesity:No,0,0,0.0
Obesity:No,0,0,0.0
Obesity:No,0,0,2.5169205060194985e-285
Obesity:No,0,0,4.315760508132962e-236
Obesity:No,0,0,0.0
Obesity:No,0,0,0.0
Obesity:No,0,0,0.0
Obesity:No,0,0,0.0
Obesity:No,0,0,0.0
Obesity:No,0,0,0.0
Obesity:No,0,0,4.492968187518158e-159
Obesity:No,0,0,3.4961189057970484e-187
Obesity:No,0,0,6.439365778222879e-279
Obesity:No,0,0,0.0
Obesity:No,0,0,6.698304272886465e-207
Obesity:No,0,0,2.3975908685088934e-292
Obesity:No,0,0,4.9462166314424324e-203
Obesity:No,0,0,0.0
Obesity:No,0,0,0.0
Obesity:No,0,0,0.0
Obesity:No,0,0,2.818042262792906e-127
Obesity:No,0,0,0.0
Obesity:No,0,0,6.288484341247638e-299
Obesity:No,0,0,0.0
Obesity:No,0,0,6.236966049427166e-208
Obesity:No,0,0,0.0
Obesity:No,0,0,2.646127788587646e-19
Obesity:No,0,0,0.0
Obesity:No,0,0,1.0943789840902587e-105
Obesity:No,0,0,0.0
Obesity:No,0,0,0.0
Obesity:No,0,0,0.0
Obesity:No,0,0,0.0
Obesity:No,0,0,0.0
Obesity:No,0,0,0.0
Obesity:No,0,0,0.0
Obesity:No,0,0,0.0
Obesity:No,0,0,0.0
Obesity:No,0,0,0.0
Obesity:No,0,0,0.0
Obesity:No,0,0,0.0
Obesity:No,1,0,2.40641712177039e-163
Obesity:No,0,0,0.0
Obesity:No,0,0,0.0
Obesity:No,0,0,1.6185378897422858e-305
Obesity:No,0,0,3.862750115987866e-235
Obesity:No,0,0,0.0
Obesity:No,0,0,0.0
Obesity:No,0,0,0.0
Obesity:No,0,0,0.0
Obesity:No,1,0,3.6625053565464836e-261
Obesity:No,0,0,3.698622617725701e-132
Obesity:No,0,0,1.0026924422585314e-208
Obesity:No,0,0,1.9449144093764954e-113
Obesity:No,0,0,4.887986825197999e-247
Obesity:No,0,0,2.2366932756830537e-250
Obesity:No,0,0,0.0
Obesity:No,0,0,0.0
Obesity:No,0,0,0.0
Obesity:No,0,0,1.0865253861382808e-277
Obesity:No,0,0,0.0
Obesity:No,0,0,0.0
Obesity:No,0,0,0.0
Obesity:No,0,0,0.0
Obesity:No,0,0,0.0
Obesity:No,0,0,0.0
Obesity:No,0,0,1.3915224504513181e-245
Obesity:No,0,0,0.0
Obesity:No,0,0,0.0
Obesity:No,0,0,0.0
Obesity:No,0,0,0.0
Obesity:No,0,0,1.7272569751671926e-249
Obesity:No,0,0,0.0
Obesity:No,0,0,0.0
Obesity:No,0,0,1.1979186157432288e-238
Obesity:No,0,0,0.0
Obesity:No,0,0,0.0
Obesity:No,0,0,0.0
Obesity:No,0,0,0.0
Obesity:No,0,0,0.0
Obesity:No,0,0,8.669894340146801e-204
Obesity:No,0,0,3.2860052295082978e-214
Obesity:No,0,0,0.0
Obesity:No,0,0,5.715637957015197e-275
Obesity:No,0,0,1.6045608863908665e-238
Obesity:No,0,0,1.5589518323124374e-267
Obesity:No,0,0,1.2426686827081219e-253
Obesity:No,0,0,3.891191468398199e-208
Obesity:No,0,0,0.0
Obesity:No,0,0,0.0
Obesity:No,0,0,0.0
Obesity:No,0,0,2.8948649491152775e-189
Obesity:No,0,0,0.0
Obesity:No,0,0,6.314146632518614e-290
Obesity:No,0,0,0.0
Obesity:No,0,0,0.0
Obesity:No,0,0,3.247293576993301e-237
Obesity:No,0,0,0.0
Obesity:No,0,0,0.0
Obesity:No,0,0,0.0
Obesity:No,0,0,1.5817873233374644e-247
Obesity:No,0,0,0.0
Obesity:No,0,0,0.0
Obesity:No,0,0,0.0
Obesity:No,0,0,0.0
Obesity:No,0,0,0.0
Obesity:No,1,1,1.0
Obesity:No,0,0,9.346556124311668e-284
Obesity:No,0,0,0.0
Obesity:No,0,0,0.0
Obesity:No,0,0,6.054565436675149e-226
Obesity:No,0,0,0.0
Obesity:No,0,0,5.3847913461023324e-195
Obesity:No,0,0,2.9836466978428214e-172
Obesity:No,0,0,0.0
Obesity:No,0,0,9.458972524264553e-296
Obesity:No,0,0,0.0
Obesity:No,0,0,0.0
Obesity:No,0,0,0.0
Obesity:No,0,0,0.0
Obesity:No,0,0,0.0
Obesity:No,0,0,0.0
Obesity:No,0,0,0.0
Obesity:No,0,0,0.0
Obesity:No,0,0,0.0
Obesity:No,0,0,0.0
Obesity:No,0,0,2.991665954409193e-296
Obesity:No,0,0,5.075376061783608e-255
Obesity:No,0,0,0.0
Obesity:No,0,0,0.0
Obesity:No,0,0,3.0153004989417205e-306
Obesity:No,1,0,0.0
Obesity:No,0,0,0.0
Obesity:No,0,0,3.8429194168996213e-159
Obesity:No,0,0,0.0
Obesity:No,0,0,0.0
Obesity:No,0,0,0.0
Obesity:No,0,0,0.0
Obesity:No,0,0,4.6063311319620125e-191
Obesity:No,0,0,0.0
Obesity:No,0,0,2.008301796651285e-301
Obesity:No,0,0,0.0
Obesity:No,0,0,8.508807425404232e-175
Obesity:No,0,0,5.194697456539453e-297
Obesity:No,0,0,0.0
Obesity:No,0,0,0.0
Obesity:No,0,0,0.0
Obesity:No,0,0,0.0
Obesity:No,0,0,0.0
Obesity:No,0,0,8.117469122857038e-227
Obesity:No,0,0,3.96259978802767e-98
Obesity:No,0,0,0.0
Obesity:No,0,0,0.0
Obesity:No,0,0,0.0
Obesity:No,0,0,0.0
Obesity:No,0,0,0.0
Obesity:No,0,0,1.7847215162618724e-303
Obesity:No,1,0,3.6850885642546848e-298
Obesity:No,0,0,2.039034297422794e-267
Obesity:No,0,0,0.0
Obesity:No,0,0,3.053555943895953e-253
Obesity:No,0,0,1.8380663718451452e-259
Obesity:No,0,0,0.0
Obesity:No,0,0,1.3390336591095833e-179
Obesity:No,0,0,5.342812060068611e-299
Obesity:No,0,0,8.257657118208828e-260
Obesity:No,0,0,0.0
Obesity:No,0,0,0.0
Obesity:No,0,0,5.152181524092454e-130
Obesity:No,0,0,8.086292205780563e-245
Obesity:No,0,0,2.313782824278985e-189
Obesity:No,0,0,0.0
Obesity:No,0,0,0.0
Obesity:No,0,0,1.3380579007403208e-53
Obesity:No,0,0,0.0
Obesity:No,0,0,0.0
Obesity:No,0,0,6.93644903107684e-175
Obesity:No,0,0,2.0434808259039155e-178
Obesity:No,0,0,6.555095117202264e-114
Obesity:No,0,0,0.0
Obesity:No,0,0,0.0
Obesity:No,0,0,0.0
Obesity:No,0,0,0.0
Obesity:No,0,0,3.4884072534514095e-92
Obesity:No,0,0,0.0
Obesity:No,0,0,0.0
Obesity:No,0,0,0.0
Obesity:No,0,0,5.764953202061878e-172
Obesity:No,0,0,3.1214199705462864e-37
Obesity:No,0,0,1.9032939822337584e-275
Obesity:No,0,0,0.0
Obesity:No,0,0,0.0
Obesity:No,0,0,1.2228958438444409e-259
Obesity:No,0,0,4.486064614188696e-279
Obesity:No,0,0,0.0
Obesity:No,0,0,8.3182480438280055e-258
Obesity:No,0,0,0.0
Obesity:No,0,0,0.0
Obesity:No,0,0,0.0
Obesity:No,0,0,0.0
Obesity:No,0,0,0.0
Obesity:No,0,0,0.0
Obesity:No,0,0,1.9847154024270727e-300
Obesity:No,0,0,0.0
Obesity:No,1,0,1.8802972273556327e-20
Obesity:No,0,0,8.29859774458842e-293
Obesity:No,0,0,0.0
Obesity:No,0,0,0.0
Obesity:No,0,0,7.653430325462051e-172
Obesity:No,0,0,0.0
Obesity:No,0,0,0.0
Obesity:No,0,0,0.0
Obesity:No,0,0,0.0
Obesity:No,0,0,0.0
Obesity:No,0,0,5.187302094238365e-121
Obesity:No,0,0,0.0
Obesity:No,0,0,0.0
Obesity:No,0,0,0.0
Obesity:No,0,0,9.219565117808713e-206
Obesity:No,0,0,6.842326715509402e-286
Obesity:No,0,0,0.0
Obesity:No,0,0,0.0
Obesity:No,0,0,2.821298764817859e-267
Obesity:No,0,0,4.501914669811896e-189
Obesity:No,0,0,0.0
Obesity:No,0,0,0.0
Obesity:No,0,0,0.0
Obesity:No,1,0,0.0
Obesity:No,0,0,1.0072741568813202e-201
Obesity:No,0,0,0.0
Obesity:No,0,0,1.5767184064628457e-145
Obesity:No,0,0,0.0
Obesity:No,0,0,0.0
Obesity:No,0,0,1.966466010499662e-251
Obesity:No,0,0,0.0
Obesity:No,0,0,0.0
Obesity:No,0,0,1.6323540859445323e-238
Obesity:No,0,0,5.02392831353335e-158
Obesity:No,0,0,5.223461113704919e-226
Obesity:No,0,0,0.0
Obesity:No,0,0,0.0
Obesity:No,0,0,0.0
Obesity:No,0,0,6.933992240837809e-237
Obesity:No,0,0,2.545539607299167e-144
Obesity:No,0,0,0.0
Obesity:No,0,0,0.0
Obesity:No,0,0,0.0
Obesity:No,0,0,3.10961892408442e-305
Obesity:No,0,0,3.755509873264534e-266
Obesity:No,0,0,1.671277572306822e-305
Obesity:No,0,0,3.784840604457553e-129
Obesity:No,0,0,1.7266238684303268e-307
Obesity:No,0,0,0.0
Obesity:No,0,0,0.0
Obesity:No,0,0,4.979278616495968e-302
Obesity:No,0,0,3.038025643033107e-178
Obesity:No,0,0,0.0
Obesity:No,0,0,1.1543811173573053e-269
Obesity:No,0,0,0.0
Obesity:No,0,0,0.0
Obesity:No,0,0,7.927058710318713e-259
Obesity:No,0,0,1.1220370397755377e-176
Obesity:No,0,0,0.0
Obesity:No,0,0,0.0
Obesity:No,0,0,4.377843317794557e-261
Obesity:No,0,0,0.0
Obesity:No,0,0,0.0
Obesity:No,0,0,7.636121671623228e-281
Obesity:No,0,0,1.1878756186546124e-240
Obesity:No,0,0,0.0
Obesity:No,0,0,0.0
Obesity:No,0,0,0.0
Obesity:No,0,0,1.4376632094492443e-261
Obesity:No,0,0,0.0
Obesity:No,0,0,0.0
Obesity:No,0,0,0.0
Obesity:No,0,0,0.0
Obesity:No,0,0,0.0
Obesity:No,0,0,6.006440421219225e-193
Obesity:No,0,0,0.0
Obesity:No,0,0,3.412208267903783e-210
Obesity:No,0,0,1.1269115569995724e-209
Obesity:No,0,0,2.432849398012055e-306
Obesity:No,0,0,0.0
Obesity:No,0,0,0.0
Obesity:No,0,0,1.859103888174498e-282
Obesity:No,0,0,1.008855642449604e-172
Obesity:No,0,0,0.0
Obesity:No,0,0,1.974356277405054e-231
Obesity:No,0,0,0.0
Obesity:No,0,0,4.720367772047509e-165
Obesity:No,0,0,8.989143305294087e-218
Obesity:No,0,0,2.3297387756481897e-286
Obesity:No,0,0,2.157742531897345e-274
Obesity:No,0,0,3.153653431968833e-85
Obesity:No,0,0,0.0
Obesity:No,0,0,4.7076643694002965e-260
Obesity:No,0,0,1.2844516713342104e-240
Obesity:No,0,0,0.0
Obesity:No,0,0,4.4257109823442435e-227
Obesity:No,0,0,0.0
Obesity:No,0,0,5.8286066640649795e-261
Obesity:No,0,0,0.0
Obesity:No,0,0,1.2396019185134834e-139
Obesity:No,0,0,0.0
Obesity:No,0,0,4.893298247478446e-85
Obesity:No,0,0,0.0
Obesity:No,0,0,0.0
Obesity:No,0,0,6.10765911498047e-309
Obesity:No,0,0,0.0
Obesity:No,0,0,1.6563926913742428e-282
Obesity:No,0,0,5.9527334436429e-246
Obesity:No,0,0,1.1324539931458583e-228
Obesity:No,0,0,0.0
Obesity:No,0,0,0.0
Obesity:No,0,0,0.0
Obesity:No,0,0,4.466610171944378e-148
Obesity:No,0,0,0.0
Obesity:No,0,0,1.0219102420030576e-123
Obesity:No,0,0,0.0
Obesity:No,0,0,0.0
Obesity:No,0,0,1.1596342230719642e-208
Obesity:No,0,0,5.387080631998524e-164
Obesity:No,0,0,1.2774859801176304e-264
Obesity:No,0,0,0.0
Obesity:No,0,0,0.0
Obesity:No,0,0,0.0
Obesity:No,0,0,0.0
Obesity:No,0,0,1.5827036485185066e-131
Obesity:No,0,0,0.0
Obesity:No,0,0,0.0
Obesity:No,0,0,1.1894245617077026e-233
Obesity:No,0,0,0.0
Obesity:No,0,0,0.0
Obesity:No,0,0,9.841847354566751e-246
Obesity:No,0,0,8.843611059695685e-205
Obesity:No,0,0,0.0
Obesity:No,0,0,1.5494296643303544e-286
Obesity:No,0,0,8.654188237474623e-269
Obesity:No,0,0,0.0
Obesity:No,0,0,0.0
Obesity:No,0,0,2.270489952654894e-210
Obesity:No,0,0,0.0
Obesity:No,0,0,0.0
Obesity:No,0,0,0.0
Obesity:No,0,0,2.6583818356739763e-213
Obesity:No,0,0,4.767881157610188e-302
Obesity:No,0,0,4.9661543983570354e-116
Obesity:No,0,0,0.0
Obesity:No,0,0,0.0
Obesity:No,0,0,2.9429162840417384e-92
Obesity:No,0,0,5.3906060196793824e-123
Obesity:No,0,0,0.0
Obesity:No,0,0,0.0
Obesity:No,0,0,4.16358099960192e-267
Obesity:No,0,0,2.8012749746869656e-172
Obesity:No,0,0,0.0
Obesity:No,0,0,5.982998892186116e-271
Obesity:No,0,0,1.928819519770993e-169
Obesity:No,0,0,1.2342931568929577e-181
Obesity:No,0,0,0.0
Obesity:No,0,0,0.0
Obesity:No,0,0,0.0
Obesity:No,0,0,1.4462905399523485e-164
Obesity:No,0,0,1.4102777589890126e-191
Obesity:No,0,0,0.0
Obesity:No,0,0,5.055752232599117e-275
Obesity:No,0,0,0.0
Obesity:No,0,0,0.0
Obesity:No,0,0,0.0
Obesity:No,0,0,0.0
Obesity:No,0,0,0.0
Obesity:No,0,0,8.125241219856415e-86
Obesity:No,0,0,2.469155324743983e-126
Obesity:No,0,0,1.9452939250089236e-299
Obesity:No,0,0,4.0989655940447735e-251
Obesity:No,0,0,1.1321695990701873e-254
Obesity:No,0,0,0.0
Obesity:No,0,0,3.532219553676593e-255
Obesity:No,0,0,4.928554200589609e-222
Obesity:No,0,0,1.4668202920083107e-267
Obesity:No,0,0,0.0
Obesity:No,0,0,0.0
Obesity:No,0,0,9.2096294443154e-134
Obesity:No,0,0,3.7234381222325686e-190
Obesity:No,1,0,2.285291904017751e-190
Obesity:No,0,0,5.084856217886791e-180
Obesity:No,0,0,0.0
Obesity:No,0,0,0.0
Obesity:No,0,0,0.0
Obesity:No,0,0,2.68566186872152e-298
Obesity:No,0,0,3.11839762398283e-182
Obesity:No,0,0,1.635921022654891e-254
Obesity:No,0,0,2.5684332211050825e-302
Obesity:No,0,0,1.0962883522134034e-55
Obesity:No,0,0,1.5643910429017002e-223
Obesity:No,0,0,0.0
Obesity:No,0,0,0.0
Obesity:No,0,0,0.0
Obesity:No,0,0,0.0
Obesity:No,0,0,1.8709428816555563e-280
Obesity:No,0,0,5.9966065347712055e-292
Obesity:No,0,0,0.0
Obesity:No,0,0,0.0
Obesity:No,0,0,0.0
Obesity:No,0,0,0.0
Obesity:No,0,0,0.0
Obesity:No,0,0,4.1938846118071644e-300
Obesity:No,0,0,2.6067070927488083e-276
Obesity:No,0,0,0.0
Obesity:No,0,0,0.0
Obesity:No,0,0,1.4342675272112814e-241
Obesity:No,0,0,0.0
Obesity:No,0,0,0.0
Obesity:No,0,0,0.0
Obesity:No,0,0,0.0
Obesity:No,0,0,3.569003201122383e-152
Obesity:No,0,0,0.0
Obesity:No,0,0,0.0
Obesity:No,0,0,2.20158091094232e-152
Obesity:No,0,0,0.0
Obesity:No,0,0,1.3402476318566506e-250
Obesity:No,0,0,0.0
Obesity:No,0,0,2.1446862882097777e-171
Obesity:No,0,0,0.0
Obesity:No,0,0,3.7882117480487077e-230
Obesity:No,0,0,0.0
Obesity:No,0,0,3.295476544446556e-116
Obesity:No,0,0,0.0
Obesity:No,0,0,0.0
Obesity:No,0,0,3.5936341308976814e-240
Obesity:No,0,0,1.318628291673385e-292
Obesity:No,0,0,3.747990428998476e-291
Obesity:No,0,0,7.155010724339202e-210
Obesity:No,0,0,5.884548727956005e-284
Obesity:No,0,0,0.0
Obesity:No,0,0,0.0
Obesity:No,0,0,0.0
Obesity:No,0,0,0.0
Obesity:No,0,0,0.0
Obesity:No,0,0,0.0
Obesity:No,0,0,1.2248140910198215e-283
Obesity:No,0,0,7.415453514237008e-228
Obesity:No,0,0,0.0
Obesity:No,0,0,0.0
Obesity:No,0,0,2.673967557274653e-192
Obesity:No,0,0,6.030305984637472e-285
Obesity:No,0,0,0.0
Obesity:No,0,0,1.4857719481733612e-235
Obesity:No,0,0,0.0
Obesity:No,0,0,0.0
Obesity:No,0,0,2.1466761607390575e-212
Obesity:No,0,0,8.018530652636078e-259
Obesity:No,0,0,0.0
Obesity:No,0,0,1.6933450728012056e-268
Obesity:No,1,0,6.094099025818787e-241
Obesity:No,0,0,0.0
Obesity:No,0,0,0.0
Obesity:No,0,0,0.0
Obesity:No,0,0,2.3045989082283144e-233
Obesity:No,0,0,0.0
Obesity:No,0,0,0.0
Obesity:No,0,0,0.0
Obesity:No,0,0,0.0
Obesity:No,0,0,0.0
Obesity:No,0,0,1.9908035660705802e-280
Obesity:No,0,0,1.1092156745457605e-193
Obesity:No,0,0,0.0
Obesity:No,0,0,0.0
Obesity:No,0,0,2.4286584556252798e-307
Obesity:No,0,0,0.0
Obesity:No,0,0,0.0
Obesity:No,0,0,0.0
Obesity:No,0,0,2.242200666820053e-254
Obesity:No,0,0,0.0
Obesity:No,0,0,0.0
Obesity:No,0,0,2.7475837054016066e-249
Obesity:No,0,0,6.83900677864079e-253
Obesity:No,0,0,6.554146707642976e-191
Obesity:No,0,0,0.0
Obesity:No,0,0,0.0
Obesity:No,0,0,0.0
Obesity:No,0,0,0.0
Obesity:No,0,0,0.0
Obesity:No,0,0,1.4191221968209716e-259
Obesity:No,0,0,0.0
Obesity:No,0,0,2.9315197995680044e-178
Obesity:No,0,0,2.228048209749362e-276
Obesity:No,0,0,0.0
Obesity:No,0,0,0.0
Obesity:No,0,0,2.2244480407151723e-300
Obesity:No,0,1,0.9856144744241749
Obesity:No,0,0,1.1937690900522467e-125
Obesity:No,0,0,0.0
Obesity:No,0,0,0.0
Obesity:No,0,0,2.053928280030895e-301
Obesity:No,0,0,0.0
Obesity:No,0,0,7.857323773421103e-282
Obesity:No,0,0,3.822565423408049e-212
Obesity:No,0,0,1.00121636585812e-241
Obesity:No,0,0,5.181081241774318e-173
Obesity:No,0,0,3.1698367952981954e-304
Obesity:No,0,0,0.0
Obesity:No,0,0,0.0
Obesity:No,0,0,0.0
Obesity:No,0,0,0.0
Obesity:No,0,0,0.0
Obesity:No,0,0,3.956571957909676e-295
Obesity:No,0,0,1.681765433528524e-260
Obesity:No,0,0,7.394759172893097e-280
Obesity:No,0,0,0.0
Obesity:No,0,0,2.296390564633992e-241
Obesity:No,0,0,7.633421059816896e-170
Obesity:No,0,0,5.882997155258511e-151
Obesity:No,0,0,8.573361818028007e-92
Obesity:No,0,0,0.0
Obesity:No,1,0,0.0
Obesity:No,0,0,7.015172464804015e-266
Obesity:No,0,0,0.0
Obesity:No,0,0,0.0
Obesity:No,0,0,4.1333896629757687e-308
Obesity:No,0,0,0.0
Obesity:No,0,0,0.0
Obesity:No,0,0,1.5299395546922462e-301
Obesity:No,0,0,0.0
Obesity:No,0,0,2.122138991344792e-218
Obesity:No,0,0,0.0
Obesity:No,0,0,0.0
Obesity:No,0,0,0.0
Obesity:No,0,0,0.0
Obesity:No,0,0,0.0
Obesity:No,0,0,0.0
Obesity:No,0,0,3.905338538082206e-302
Obesity:No,0,0,7.987874131128888e-239
Obesity:No,0,0,0.0
Obesity:No,0,0,0.0
Obesity:No,0,0,0.0
Obesity:No,0,0,0.0
Obesity:No,0,0,3.782690978836817e-277
Obesity:No,0,0,1.269885611674431e-95
Obesity:No,0,0,1.6413547769805709e-288
Obesity:No,0,0,0.0
Obesity:No,0,0,0.0
Obesity:No,0,0,0.0
Obesity:No,0,0,0.0
Obesity:No,0,0,0.0
Obesity:No,0,0,0.0
Obesity:No,0,0,1.2586519468582652e-215
Obesity:No,0,0,0.0
Obesity:No,0,0,0.0
Obesity:No,0,0,0.0
Obesity:No,0,0,5.382843145496673e-272
Obesity:No,0,0,0.0
Obesity:No,0,0,0.0
Obesity:No,0,0,2.0236467722809465e-46
Obesity:No,0,0,1.2942555362005543e-216
Obesity:No,0,0,0.0
Obesity:No,0,0,1.0231976014309905e-99
Obesity:No,0,0,0.0
Obesity:No,0,0,9.364503764154922e-112
Obesity:No,0,0,1.3706014268761258e-212
Obesity:No,0,0,0.0
Obesity:No,0,0,0.0
Obesity:No,0,0,0.0
Obesity:No,0,0,8.558199847063197e-234
Obesity:No,0,0,0.0
Obesity:No,0,0,5.4313497405867755e-188
Obesity:No,0,0,0.0
Obesity:No,0,0,1.3275008110592096e-288
Obesity:No,0,0,0.0
Obesity:No,0,0,0.0
Obesity:No,0,0,4.686050676910658e-279
Obesity:No,0,0,3.04722899948231e-212
Obesity:No,0,0,2.473185972651713e-230
Obesity:No,0,0,1.587631703905452e-261
Obesity:No,0,0,0.0
Obesity:No,0,0,0.0
Obesity:No,0,0,0.0
Obesity:No,0,0,2.7423457600423004e-266
Obesity:No,0,0,1.2151389189226863e-220
Obesity:No,0,0,8.47986569500796e-124
Obesity:No,0,0,0.0
Obesity:No,0,0,4.0696404027577947e-101
Obesity:No,0,0,7.979023442842481e-276
Obesity:No,0,0,0.0
Obesity:No,0,0,3.0996908395012906e-297
Obesity:No,0,0,8.91004288882398e-228
Obesity:No,0,0,0.0
Obesity:No,0,0,2.2039482607271968e-223
Obesity:No,0,0,0.0
Obesity:No,0,0,2.9153850416952567e-236
Obesity:No,0,0,0.0
Obesity:No,0,0,0.0
Obesity:No,0,0,1.4607084516606444e-224
Obesity:No,0,0,0.0
Obesity:No,0,0,0.0
Obesity:No,0,0,0.0
Obesity:No,0,0,0.0
Obesity:No,1,0,9.562689825195654e-245
Obesity:No,0,0,0.0
Obesity:No,0,0,3.989888908836554e-245
Obesity:No,0,0,0.0
Obesity:No,0,0,0.0
Obesity:No,0,0,0.0
Obesity:No,0,0,5.808730170141968e-237
Obesity:No,0,0,0.0
Obesity:No,0,0,1.1630804887142344e-133
Obesity:No,0,0,0.0
Obesity:No,0,0,0.0
Obesity:No,0,0,0.0
Obesity:No,0,0,0.0
Obesity:No,0,0,0.0
Obesity:No,0,0,0.0
Obesity:No,0,0,1.035427430384158e-247
Obesity:No,0,0,0.0
Obesity:No,1,0,5.190565577778435e-258
Obesity:No,0,0,3.004245339912681e-209
Obesity:No,0,0,0.0
Obesity:No,0,0,7.688434639948036e-242
Obesity:No,0,0,8.291375293030306e-233
Obesity:No,0,0,0.0
Obesity:No,0,0,5.236049199927112e-234
Obesity:No,0,0,0.0
Obesity:No,0,0,2.4164300352444643e-279
Obesity:No,0,0,0.0
Obesity:No,0,0,0.0
Obesity:No,0,0,0.0
Obesity:No,0,0,0.0
Obesity:No,0,0,0.0
Obesity:No,0,0,0.0
Obesity:No,0,0,0.0
Obesity:No,0,0,1.4378716285051353e-190
Obesity:No,0,0,1.4352545253953491e-229
Obesity:No,0,0,4.268379849620859e-217
Obesity:No,0,0,0.0
Obesity:No,1,0,1.0518742295884476e-271
Obesity:No,0,0,1.8269815534294334e-290
Obesity:No,0,1,0.9999999999998219
Obesity:No,0,0,2.801325975489812e-106
Obesity:No,0,0,0.0
Obesity:No,0,0,0.0
Obesity:No,0,0,0.0
Obesity:No,0,0,0.0
Obesity:No,0,0,3.4812906634942846e-202
Obesity:No,0,0,0.0
Obesity:No,0,0,0.0
Obesity:No,0,0,0.0
Obesity:No,0,0,0.0
Obesity:No,0,0,0.0
Obesity:No,0,0,3.1338245106819957e-137
Obesity:No,0,0,0.0
Obesity:No,0,0,1.8105831184741588e-225
Obesity:No,0,0,0.0
Obesity:No,0,0,0.0
Obesity:No,0,0,2.192945926553885e-198
Obesity:No,1,0,7.946711434073823e-79
Obesity:No,0,0,0.0
Obesity:No,0,0,1.1666319689414744e-258
Obesity:No,0,0,0.0
Obesity:No,0,0,2.643584677085335e-263
Obesity:No,0,0,0.0
Obesity:No,0,0,0.0
Obesity:No,0,0,1.4646307160580168e-45
Obesity:No,0,0,0.0
Obesity:No,1,0,7.82377756777864e-282
Obesity:No,0,0,2.549713062605459e-268
Obesity:No,0,0,0.0
Obesity:No,0,0,4.088834797567359e-188
Obesity:No,0,0,0.0
Obesity:No,0,0,0.0
Obesity:No,0,0,0.0
Obesity:No,0,0,0.0
Obesity:No,0,0,1.767632971900371e-240
Obesity:No,0,0,0.0
Obesity:No,1,0,0.0
Obesity:No,0,0,0.0
Obesity:No,0,0,0.0
Obesity:No,0,0,0.0
Obesity:No,0,0,0.0
Obesity:No,0,0,0.0
Obesity:No,0,0,4.3134039074588415e-294
Obesity:No,0,0,0.0
Obesity:No,0,0,6.166674645436674e-247
Obesity:No,0,0,0.0
Obesity:No,0,0,0.0
Obesity:No,0,0,0.0
Obesity:No,0,0,0.0
Obesity:No,0,0,0.0
Obesity:No,0,0,0.0
Obesity:No,0,0,0.0
Obesity:No,0,0,1.5306465438644485e-216
Obesity:No,0,0,1.2638036504709188e-245
Obesity:No,0,0,0.0
Obesity:No,0,0,0.0
Obesity:No,0,0,7.03518234415449e-309
Obesity:No,0,0,0.0
Obesity:No,0,0,0.0
Obesity:No,0,0,0.0
Obesity:No,0,0,4.211733435384087e-183
Obesity:No,0,0,0.0
Obesity:No,0,0,3.2403955582289575e-194
Obesity:No,1,0,0.0
Obesity:No,0,0,1.6610056168635635e-203
Obesity:No,0,0,4.970247419251963e-212
Obesity:No,0,0,9.851005446238702e-77
Obesity:No,0,0,3.882313177017591e-159
Obesity:No,0,0,0.0
Obesity:No,0,0,0.0
Obesity:No,0,0,0.0
Obesity:No,0,0,0.0
Obesity:No,0,0,4.846598748239967e-174
Obesity:No,0,0,0.0
Obesity:No,0,0,0.0
Obesity:No,0,0,0.0
Obesity:No,0,0,0.0
Obesity:No,0,0,0.0
Obesity:No,0,0,1.742115259726119e-213
Obesity:No,0,0,0.0
Obesity:No,0,0,0.0
Obesity:No,0,0,0.0
Obesity:No,0,0,1.2643181057959612e-108
Obesity:No,0,0,0.0
Obesity:No,0,0,0.0
Obesity:No,0,0,0.0
Obesity:No,1,0,0.0
Obesity:No,0,0,3.4489397759139447e-130
Obesity:No,0,0,0.0
Obesity:No,0,0,0.0
Obesity:No,0,0,0.0
Obesity:No,0,0,0.0
Obesity:No,0,0,0.0
Obesity:No,0,0,1.7449701695289063e-161
Obesity:No,0,0,8.517415055940085e-302
Obesity:No,0,0,0.0
Obesity:No,0,0,0.0
Obesity:No,0,0,0.0
Obesity:No,0,0,0.0
Obesity:No,0,0,0.0
Obesity:No,0,0,0.0
Obesity:No,0,0,0.0
Obesity:No,0,0,0.0
Obesity:No,0,0,0.0
Obesity:No,0,0,0.0
Obesity:No,0,0,0.0
Obesity:No,0,0,0.0
Obesity:No,0,0,5.309433391075794e-285
Obesity:No,0,0,0.0
Obesity:No,0,0,0.0
Obesity:No,0,0,0.0
Obesity:No,0,0,0.0
Obesity:No,0,0,3.729879300155515e-219
Obesity:No,0,0,1.6601349079662778e-264
Obesity:No,0,0,0.0
Obesity:No,0,0,0.0
Obesity:No,0,0,0.0
Obesity:No,0,0,3.2629776245234072e-211
Obesity:No,0,0,4.243049712840591e-270
Obesity:No,0,0,0.0
Obesity:No,0,0,0.0
Obesity:No,0,0,2.960983589922468e-176
Obesity:No,0,0,0.0
Obesity:No,0,0,0.0
Obesity:No,0,0,0.0
Obesity:No,0,0,0.0
Obesity:No,0,0,0.0
Obesity:No,0,0,1.2220432648790083e-128
Obesity:No,0,0,0.0
Obesity:No,0,0,0.0
Obesity:No,0,0,8.040824582073953e-267
Obesity:No,0,0,0.0
Obesity:No,0,0,0.0
Obesity:No,0,0,4.875264456711917e-180
Obesity:No,0,0,0.0
Obesity:No,0,0,0.0
Obesity:No,0,0,1.009817421553179e-221
Obesity:No,0,0,0.0
Obesity:No,0,0,0.0
Obesity:No,0,0,0.0
Obesity:No,0,0,1.9191151405839162e-305
Obesity:No,0,0,7.1087248701784775e-214
Obesity:No,0,0,5.43398269181385e-137
Obesity:No,0,0,0.0
Obesity:No,0,0,0.0
Obesity:No,0,0,0.0
Obesity:No,0,0,0.0
Obesity:No,0,0,2.311094389505276e-252
Obesity:No,0,0,0.0
Obesity:No,0,0,0.0
Obesity:No,0,0,6.859046287512336e-199
Obesity:No,0,0,0.0
Obesity:No,0,0,0.0
Obesity:No,0,0,0.0
Obesity:No,1,0,0.0
Obesity:No,0,0,1.0196791247851023e-197
Obesity:No,0,0,1.3193884729348766e-210
Obesity:No,0,0,0.0
Obesity:No,0,0,1.4986013725030739e-297
Obesity:No,0,0,0.0
Obesity:No,0,0,2.99461352236378e-243
Obesity:No,0,0,1.5669471856333422e-164
Obesity:No,0,0,0.0
Obesity:No,0,0,5.041455584650912e-258
Obesity:No,0,0,0.0
Obesity:No,0,0,0.0
Obesity:No,0,0,8.544279658568193e-279
Obesity:No,0,0,0.0
Obesity:No,0,0,0.0
Obesity:No,0,0,0.0
Obesity:No,0,0,3.7936381026467295e-113
Obesity:No,0,0,5.752406142109907e-262
Obesity:No,0,0,0.0
Obesity:No,0,0,0.0
Obesity:No,0,0,8.080617376061045e-307
Obesity:No,0,0,0.0
Obesity:No,0,0,1.9890706691613934e-199
Obesity:No,0,0,0.0
Obesity:No,0,0,0.0
Obesity:No,0,0,0.0
Obesity:No,0,0,7.0733827608982585e-264
Obesity:No,0,0,3.7909431657424637e-193
Obesity:No,0,0,0.0
Obesity:No,0,0,0.0
Obesity:No,0,0,3.7556034236754986e-231
Obesity:No,0,0,0.0
Obesity:No,0,0,1.2842023271886897e-196
Obesity:No,0,0,0.0
Obesity:No,0,0,5.956740175103012e-194
Obesity:No,0,0,3.014575486442173e-236
Obesity:No,0,0,0.0
Obesity:No,0,0,0.0
Obesity:No,0,0,0.0
Obesity:No,0,0,0.0
Obesity:No,0,0,4.687955895689446e-268
Obesity:No,0,0,2.5301071771445847e-302
Obesity:No,0,0,0.0
Obesity:No,0,0,0.0
Obesity:No,0,0,8.84787240755482e-235
Obesity:No,0,0,9.20075661613128e-255
Obesity:No,0,0,1.155660857144576e-270
Obesity:No,0,0,0.0
Obesity:No,0,0,0.0
Obesity:No,0,0,0.0
Obesity:No,0,0,4.859922374951766e-252
Obesity:No,0,0,0.0
Obesity:No,0,0,0.0
Obesity:No,0,0,5.304873958157954e-226
Obesity:No,0,0,0.0
Obesity:No,0,0,0.0
Obesity:No,0,0,0.0
Obesity:No,0,0,0.0
Obesity:No,0,0,1.834232519703449e-277
Obesity:No,0,0,2.941109634450877e-278
Obesity:No,0,0,0.0
Obesity:No,0,0,3.659680254106399e-213
Obesity:No,0,0,1.933915359755346e-186
Obesity:No,0,1,1.0
Obesity:No,0,0,0.0
Obesity:No,0,0,0.0
Obesity:No,0,0,0.0
Obesity:No,0,0,8.946235215696996e-170
Obesity:No,0,0,0.0
Obesity:No,0,0,0.0
Obesity:No,0,0,0.0
Obesity:No,0,0,1.017764488475872e-228
Obesity:No,0,0,0.0
Obesity:No,0,0,0.0
Obesity:No,0,0,0.0
Obesity:No,0,0,1.6211964130846864e-176
Obesity:No,0,0,0.0
Obesity:No,0,0,0.0
Obesity:No,0,0,0.06874329244688257
Obesity:No,0,0,0.0
Obesity:No,0,0,0.0
Obesity:No,0,0,4.739477330927306e-135
Obesity:No,0,0,0.0
Obesity:No,0,0,0.0
Obesity:No,0,0,0.0
Obesity:No,0,0,0.0
Obesity:No,0,0,7.208721006222691e-301
Obesity:No,0,0,0.0
Obesity:No,0,0,1.1445649264454565e-232
Obesity:No,0,0,0.0
Obesity:No,0,0,0.0
Obesity:No,0,0,0.0
Obesity:No,0,0,0.0
Obesity:No,0,0,5.037689345569866e-291
Obesity:No,0,0,2.1716802752787145e-258
Obesity:No,0,0,0.0
Obesity:No,0,0,2.8254160905917164e-209
Obesity:No,0,0,2.09247232068289e-260
Obesity:No,0,0,0.0
Obesity:No,0,0,0.0
Obesity:No,0,0,0.0
Obesity:No,0,0,4.5271725583087704e-156
Obesity:No,0,0,0.0
Obesity:No,0,0,2.1463989404904766e-300
Obesity:No,0,0,0.0
Obesity:No,0,0,2.7389934582619697e-209
Obesity:No,0,0,0.0
Obesity:No,0,0,0.0
Obesity:No,0,0,0.0
Obesity:No,0,0,2.465995670809483e-307
Obesity:No,0,0,0.0
Obesity:No,0,0,0.0
Obesity:No,1,0,2.2493959875442432e-66
Obesity:No,0,0,0.0
Obesity:No,0,0,3.3888833625249434e-227
Obesity:No,0,0,0.0
Obesity:No,0,0,0.0
Obesity:No,0,0,0.0
Obesity:No,0,0,1.7291779477886449e-105
Obesity:No,0,0,1.8152119871914976e-298
Obesity:No,0,0,0.0
Obesity:No,0,0,0.0
Obesity:No,0,0,1.1208565951529178e-244
Obesity:No,0,0,2.9097035031618222e-196
Obesity:No,0,0,0.0
Obesity:No,0,0,0.0
Obesity:No,0,0,0.0
Obesity:No,0,0,0.0
Obesity:No,0,0,0.0
Obesity:No,0,0,0.0
Obesity:No,0,0,0.0
Obesity:No,0,0,2.000419916933818e-181
Obesity:No,0,0,6.07068552377058e-298
Obesity:No,0,0,0.0
Obesity:No,0,0,1.1360683398095393e-238
Obesity:No,0,0,0.0
Obesity:No,0,0,1.7668850160331568e-125
Obesity:No,0,0,0.0
Obesity:No,0,0,7.82640392104938e-288
Obesity:No,1,0,0.0
Obesity:No,0,0,1.1158988550666157e-230
Obesity:No,1,0,0.0
Obesity:No,0,0,0.0
Obesity:No,0,0,2.7392812152533364e-288
Obesity:No,0,0,0.0
Obesity:No,0,0,0.0
Obesity:No,0,0,0.0
Obesity:No,0,0,1.332067793050531e-280
Obesity:No,0,0,0.0
Obesity:No,0,0,0.0
Obesity:No,0,0,0.0
Obesity:No,0,0,0.0
Obesity:No,0,0,3.1077442817886866e-144
Obesity:No,0,0,0.00012931831833680273
Obesity:No,0,0,7.079933440514612e-231
Obesity:No,0,0,0.0
Obesity:No,0,0,3.6747531829320135e-297
Obesity:No,0,0,0.0
Obesity:No,0,0,0.0
Obesity:No,0,0,0.0
Obesity:No,0,0,0.0
Obesity:No,0,0,2.6075725112339913e-283
Obesity:No,0,0,6.944987866952614e-291
Obesity:No,0,0,0.0
Obesity:No,0,0,1.1289423680438635e-261
Obesity:No,0,0,0.0
Obesity:No,0,0,3.0095190662912006e-274
Obesity:No,0,0,5.432616870895913e-157
Obesity:No,0,0,0.0
Obesity:No,0,0,1.8876782619611927e-301
Obesity:No,0,0,2.1591603318845482e-242
Obesity:No,0,0,4.877598903350129e-259
Obesity:No,0,0,6.423591515829176e-253
Obesity:No,0,0,0.0
Obesity:No,0,0,0.0
Obesity:No,0,0,0.0
Obesity:No,0,0,0.0
Obesity:No,0,0,3.201057036018714e-302
Obesity:No,0,0,0.0
Obesity:No,0,0,5.7725885134127204e-245
Obesity:No,0,0,7.930450758782645e-201
Obesity:No,0,0,0.0
Obesity:No,0,0,0.0
Obesity:No,0,0,0.0
Obesity:No,0,0,0.0
Obesity:No,0,1,1.0
Obesity:No,0,0,0.0
Obesity:No,0,0,0.0
Obesity:No,0,0,0.0
Obesity:No,0,0,0.0
Obesity:No,0,0,0.0
Obesity:No,0,0,0.0
Obesity:No,0,0,0.0
Obesity:No,0,0,0.0
Obesity:No,0,0,9.128202449375243e-248
Obesity:No,0,0,0.0
Obesity:No,0,0,0.0
Obesity:No,0,0,0.0
Obesity:No,0,0,7.814959574690253e-238
Obesity:No,0,0,0.0
Obesity:No,0,0,1.978878230388782e-244
Obesity:No,0,0,0.0
Obesity:No,0,0,0.0
Obesity:No,0,0,0.0
Obesity:No,0,0,0.0
Obesity:No,0,0,4.988034706885078e-217
Obesity:No,0,0,0.0
Obesity:No,0,0,1.295054969221153e-248
Obesity:No,0,0,0.0
Obesity:No,0,0,1.341740031391683e-214
Obesity:No,0,0,0.0
Obesity:No,0,0,0.0
Obesity:No,0,0,5.154769734699365e-299
Obesity:No,0,0,0.0
Obesity:No,0,0,0.0
Obesity:No,0,0,0.0
Obesity:No,0,0,6.109937707715526e-286
Obesity:No,0,0,0.0
Obesity:No,0,0,0.0
Obesity:No,0,0,0.0
Obesity:No,0,0,1.3682962287943974e-297
Obesity:No,0,0,0.0
Obesity:No,0,0,0.0
Obesity:No,0,0,8.929514592252684e-259
Obesity:No,0,0,0.0
Obesity:No,0,0,0.0
Obesity:No,0,0,1.0573436259145222e-150
Obesity:No,0,0,0.0
Obesity:No,0,0,0.0
Obesity:No,0,0,0.0
Obesity:No,0,0,0.0
Obesity:No,0,0,1.6965176057819383e-222
Obesity:No,1,0,0.0
Obesity:No,0,0,0.0
Obesity:No,0,0,0.0
Obesity:No,0,0,3.666097468338154e-246
Obesity:No,0,0,6.320613246491267e-235
Obesity:No,0,0,0.0
Obesity:No,0,0,0.0
Obesity:No,0,0,0.0
Obesity:No,0,0,1.5318557502627724e-273
Obesity:No,0,0,0.0
Obesity:No,0,0,3.2961996653973324e-235
Obesity:No,0,0,0.0
Obesity:No,0,0,1.3359629395953638e-21
Obesity:No,0,0,2.2123059829750364e-32
Obesity:No,0,0,0.0
Obesity:No,0,0,4.0353879638700106e-212
Obesity:No,0,0,1.5811634300102307e-241
Obesity:No,0,0,0.0
Obesity:No,0,0,0.0
Obesity:No,0,0,7.762961341569793e-207
Obesity:No,0,0,0.0
Obesity:No,0,0,0.0
Obesity:No,0,0,1.1130394335579931e-265
Obesity:No,0,0,0.0
Obesity:No,0,0,0.0
Obesity:No,0,0,0.0
Obesity:No,0,0,0.0
Obesity:No,0,0,3.7555669569557233e-253
Obesity:No,0,0,1.3739475094657143e-223
Obesity:No,0,0,0.0
Obesity:No,0,0,0.0
Obesity:No,0,0,0.0
Obesity:No,0,0,2.5335880792383607e-249
Obesity:No,0,0,3.593613063053674e-291
Obesity:No,0,0,2.670174169951938e-237
Obesity:No,0,0,0.0
Obesity:No,0,0,2.876515007646277e-241
Obesity:No,0,0,6.531787125857464e-243
Obesity:No,0,0,8.664793190233426e-295
Obesity:No,0,0,1.6837078606053862e-230
Obesity:No,0,0,1.2169683979469337e-133
Obesity:No,0,0,0.0
Obesity:No,0,0,0.0
Obesity:No,0,0,1.2909820093473942e-193
Obesity:No,0,0,0.0
Obesity:No,0,0,4.8395283875353756e-244
Obesity:No,0,0,0.0
Obesity:No,0,0,0.0
Obesity:No,0,0,0.0
Obesity:No,0,0,0.0
Obesity:No,0,0,4.010674008149306e-306
Obesity:No,0,0,0.0
Obesity:No,0,0,1.7192077910056284e-291
Obesity:No,0,0,0.0
Obesity:No,0,0,2.2315154401864117e-302
Obesity:No,1,0,0.0
Obesity:No,1,0,4.013554889767534e-123
Obesity:No,0,0,0.0
Obesity:No,0,0,0.0
Obesity:No,0,0,9.695686087538598e-204
Obesity:No,0,0,1.2082405435244035e-236
Obesity:No,0,0,0.0
Obesity:No,0,0,5.516134288095768e-284
Obesity:No,0,0,0.0
Obesity:No,0,0,0.0
Obesity:No,0,0,4.8306515100542644e-210
Obesity:No,0,0,1.2114362974002935e-180
Obesity:No,0,0,0.0
Obesity:No,0,0,0.0
Obesity:No,0,0,1.670099978171044e-256
Obesity:No,0,0,4.0756428092215084e-213
Obesity:No,0,0,0.0
Obesity:No,0,0,1.0728284572267039e-266
Obesity:No,0,0,0.0
Obesity:No,0,0,0.0
Obesity:No,0,0,5.75766690014485e-264
Obesity:No,0,0,0.0
Obesity:No,0,0,3.886582003661856e-263
Obesity:No,0,0,1.0386959447813386e-195
Obesity:No,0,0,0.0
Obesity:No,0,0,0.0
Obesity:No,0,0,0.0
Obesity:No,0,0,0.0
Obesity:No,0,0,0.0
Obesity:No,0,0,0.0
Obesity:No,0,0,0.0
Obesity:No,0,0,0.0
Obesity:No,1,0,1.4865418016516083e-240
Obesity:No,0,0,8.351026270998935e-173
Obesity:No,0,0,0.0
Obesity:No,0,0,5.5361733727065195e-170
Obesity:No,0,0,0.0
Obesity:No,0,0,8.910182157730231e-302
Obesity:No,0,0,0.0
Obesity:No,0,0,0.0
Obesity:No,0,0,1.716575806905316e-294
Obesity:No,0,0,0.0
Obesity:No,0,0,4.08767043958513e-298
Obesity:No,0,0,0.0
Obesity:No,0,0,0.0
Obesity:No,0,0,0.0
Obesity:No,0,0,1.6365133042662791e-170
Obesity:No,0,0,0.0
Obesity:No,0,0,0.0
Obesity:No,0,0,2.0358909677918975e-178
Obesity:No,0,0,0.0
Obesity:No,0,0,0.0
Obesity:No,0,0,1.6136744170544956e-277
Obesity:No,0,0,3.025085121758976e-181
Obesity:No,0,0,0.0
Obesity:No,0,0,0.0
Obesity:No,0,0,0.0
Obesity:No,0,0,8.129727239590916e-277
Obesity:No,0,0,0.0
Obesity:No,0,0,0.0
Obesity:No,0,0,0.0
Obesity:No,0,0,1.3806657744075004e-235
Obesity:No,0,0,7.039946902672603e-273
Obesity:No,0,0,1.5236822836044602e-292
Obesity:No,0,0,0.0
Obesity:No,0,0,7.525808805749406e-309
Obesity:No,0,0,0.0
Obesity:No,0,0,1.8929177962205994e-135
Obesity:No,0,0,5.857341193353009e-168
Obesity:No,0,0,5.019329661250064e-176
Obesity:No,0,0,1.1611551990163157e-209
Obesity:No,0,0,0.0
Obesity:No,0,0,0.0
Obesity:No,0,0,0.0
Obesity:No,0,0,0.0
Obesity:No,0,0,4.111274805981029e-257
Obesity:No,0,0,1.8711448856751001e-298
Obesity:No,0,0,0.0
Obesity:No,0,0,4.1462286855172336e-269
Obesity:No,0,0,0.0
Obesity:No,0,0,0.0
Obesity:No,0,0,0.0
Obesity:No,0,0,0.0
Obesity:No,0,0,0.0
Obesity:No,0,0,0.0
Obesity:No,0,0,0.0
Obesity:No,0,0,0.0
Obesity:No,0,0,4.1531221001984755e-208
Obesity:No,0,0,0.0
Obesity:No,0,0,0.0
Obesity:No,0,0,0.0
Obesity:No,0,0,3.998611482169721e-121
Obesity:No,0,0,0.0
Obesity:No,0,0,6.208764143651806e-212
Obesity:No,0,0,0.0
Obesity:No,0,0,1.154460702135486e-278
Obesity:No,0,0,0.0
Obesity:No,0,0,2.7664719189254733e-301
Obesity:No,0,0,0.0
Obesity:No,0,0,1.623617165497287e-153
Obesity:No,0,0,0.0
Obesity:No,0,0,0.0
Obesity:No,0,0,0.0
Obesity:No,0,0,5.291246620182492e-163
Obesity:No,0,0,0.0
Obesity:No,0,0,1.3934031389719367e-280
Obesity:No,0,0,0.0
Obesity:No,0,0,0.0
Obesity:No,0,0,1.8351196362469166e-231
Obesity:No,0,0,2.5704883804440012e-220
Obesity:No,0,0,1.0227343931224035e-125
Obesity:No,0,0,0.0
Obesity:No,0,0,0.0
Obesity:No,0,0,0.0
Obesity:No,0,0,0.0
Obesity:No,0,0,0.0
Obesity:No,0,0,4.927265328760415e-304
Obesity:No,0,0,1.0460337003124197e-248
Obesity:No,0,0,0.0
Obesity:No,0,0,1.0389447433879952e-207
Obesity:No,0,0,0.0
Obesity:No,0,0,2.1259454362084672e-222
Obesity:No,0,0,4.836443711151857e-307
Obesity:No,0,0,0.0
Obesity:No,0,0,0.0
Obesity:No,0,0,0.0
Obesity:No,0,0,0.0
Obesity:No,0,0,7.428368635338599e-308
Obesity:No,0,0,0.0
Obesity:No,0,0,0.0
Obesity:No,0,0,0.0
Obesity:No,0,0,0.0
Obesity:No,0,0,7.800905581327623e-244
Obesity:No,0,0,0.0
Obesity:No,0,0,0.0
Obesity:No,0,0,0.0
Obesity:No,0,0,5.597780558376886e-295
Obesity:No,0,0,0.0
Obesity:No,0,0,0.0
Obesity:No,0,0,0.0
Obesity:No,0,0,0.0
Obesity:No,0,0,0.0
Obesity:No,0,0,0.0
Obesity:No,0,0,0.0
Obesity:No,0,0,0.0
Obesity:No,0,0,0.0
Obesity:No,0,0,0.0
Obesity:No,0,0,2.1138770922693954e-240
Obesity:No,0,0,0.0
Obesity:No,0,0,0.0
Obesity:No,0,0,0.0
Obesity:No,0,0,0.0
Obesity:No,0,0,0.0
Obesity:No,0,0,0.0
Obesity:No,0,0,4.723894075270258e-166
Obesity:No,0,0,0.0
Obesity:No,0,0,0.0
Obesity:No,0,0,1.2060386389704796e-288
Obesity:No,0,0,0.0
Obesity:No,0,0,9.60921544620829e-123
Obesity:No,0,0,0.0
Obesity:No,0,0,0.0
Obesity:No,0,0,0.0
Obesity:No,0,0,0.0
Obesity:No,0,0,0.0
Obesity:No,0,0,0.0
Obesity:No,0,0,3.8313513558999092e-81
Obesity:No,0,0,0.0
Obesity:No,0,0,0.0
Obesity:No,0,0,0.0
Obesity:No,0,0,0.0
Obesity:No,1,0,7.759624425368042e-277
Obesity:No,0,0,0.0
Obesity:No,0,0,7.582343006559013e-260
Obesity:No,0,0,0.0
Obesity:No,0,0,0.0
Obesity:No,0,0,2.5387672863508783e-297
Obesity:No,0,0,4.036480175665369e-296
Obesity:No,0,0,9.473898285540496e-257
Obesity:No,0,0,0.0
Obesity:No,0,0,0.0
Obesity:No,0,0,3.3897938761869515e-277
Obesity:No,0,0,0.0
Obesity:No,0,0,0.0
Obesity:No,0,0,0.0
Obesity:No,0,0,0.0
Obesity:No,0,0,4.613924010186342e-291
Obesity:No,0,0,0.0
Obesity:No,0,0,0.0
Obesity:No,0,0,0.0
Obesity:No,0,0,9.111227755444954e-282
Obesity:No,0,0,0.0
Obesity:No,0,0,2.564012267285042e-124
Obesity:No,0,0,2.1916101493183287e-246
Obesity:No,0,0,6.7338297423769e-260
Obesity:No,0,0,0.0
Obesity:No,0,0,0.0
Obesity:No,1,0,2.4553139531757288e-203
Obesity:No,0,0,0.0
Obesity:No,0,0,0.0
Obesity:No,0,0,2.1095434215352815e-223
Obesity:No,0,0,0.0
Obesity:No,0,0,0.0
Obesity:No,0,0,0.0
Obesity:No,0,0,0.0
Obesity:No,0,0,2.7026491552084594e-167
Obesity:No,0,0,0.0
Obesity:No,0,0,0.0
Obesity:No,0,0,0.0
Obesity:No,0,0,0.0
Obesity:No,0,0,0.0
Obesity:No,0,0,0.0
Obesity:No,0,0,0.0
Obesity:No,0,0,3.5880329763509264e-115
Obesity:No,0,0,0.0
Obesity:No,1,0,2.1956963370838506e-197
Obesity:No,0,0,0.0
Obesity:No,0,0,1.834471991226875e-300
Obesity:No,0,0,0.0
Obesity:No,0,0,0.0
Obesity:No,0,0,0.0
Obesity:No,0,0,8.539190852910443e-283
Obesity:No,0,0,2.586978094218957e-262
Obesity:No,0,0,9.933509547215809e-198
Obesity:No,0,0,1.5600361248088028e-302
Obesity:No,0,0,7.690263244935701e-253
Obesity:No,0,0,0.0
Obesity:No,0,0,0.0
Obesity:No,0,0,0.0
Obesity:No,0,0,0.0
Obesity:No,0,0,7.005346399829308e-280
Obesity:No,0,0,4.3425141988657216e-94
Obesity:No,0,0,0.0
Obesity:No,0,0,0.0
Obesity:No,0,0,0.0
Obesity:No,0,0,1.5477580053894807e-273
Obesity:No,0,0,0.0
Obesity:No,0,0,0.0
Obesity:No,0,0,3.5646348795972505e-261
Obesity:No,0,0,0.0
Obesity:No,0,0,0.0
Obesity:No,0,0,0.0
Obesity:No,0,0,1.237465591295313e-189
Obesity:No,0,0,0.0
Obesity:No,0,0,0.0
Obesity:No,0,0,2.2819129100846177e-280
Obesity:No,0,0,0.0
Obesity:No,0,0,0.0
Obesity:No,0,0,2.804649110434555e-240
Obesity:No,0,0,0.0
Obesity:No,0,0,0.0
Obesity:No,0,0,7.5410924287768245e-149
Obesity:No,0,0,7.543830824935985e-241
Obesity:No,0,0,0.0
Obesity:No,0,0,0.0
Obesity:No,0,0,2.0427323357353422e-176
Obesity:No,0,0,0.0
Obesity:No,0,0,0.0
Obesity:No,0,0,0.0
Obesity:No,0,0,8.296201064864688e-273
Obesity:No,0,0,3.372973730670261e-266
Obesity:No,0,0,3.656860157891195e-245
Obesity:No,0,0,0.0
Obesity:No,0,0,0.0
Obesity:No,0,0,0.0
Obesity:No,0,0,0.0
Obesity:No,0,0,0.0
Obesity:No,0,0,1.3028673497632035e-240
Obesity:No,0,0,0.0
Obesity:No,0,0,0.0
Obesity:No,0,0,7.864157321705295e-182
Obesity:No,0,0,0.0
Obesity:No,0,0,0.0
Obesity:No,0,0,0.0
Obesity:No,0,0,0.0
Obesity:No,0,0,5.961502111399597e-225
Obesity:No,0,0,0.0
Obesity:No,0,0,3.8999626501106663e-199
Obesity:No,0,0,0.0
Obesity:No,0,0,2.391192859315671e-279
Obesity:No,0,0,0.0
Obesity:No,0,0,1.1355642556710868e-280
Obesity:No,0,0,2.2763287730624234e-220
Obesity:No,0,0,3.075741065587451e-273
Obesity:No,0,0,4.623781226609948e-289
Obesity:No,0,0,0.0
Obesity:No,0,0,0.0
Obesity:No,0,0,0.0
Obesity:No,0,0,1.7256212046022976e-222
Obesity:No,0,0,3.886564337061943e-254
Obesity:No,0,0,1.102592625254722e-238
Obesity:No,0,0,4.243615410234346e-202
Obesity:No,0,0,0.0
Obesity:No,0,0,0.0
Obesity:No,0,0,4.2270653606530085e-208
Obesity:No,0,0,1.2567426974494909e-102
Obesity:No,0,0,6.727511268885113e-279
Obesity:No,0,0,0.0
Obesity:No,0,0,0.0
Obesity:No,0,0,0.0
Obesity:No,0,0,2.5353408839850947e-301
Obesity:No,0,0,8.884564044996653e-259
Obesity:No,0,0,6.053418922997075e-255
Obesity:No,0,0,4.711212770208497e-186
Obesity:No,0,0,0.0
Obesity:No,0,0,0.0
Obesity:No,0,0,0.0
Obesity:No,0,0,5.833636324269079e-297
Obesity:No,0,0,5.626382891870903e-152
Obesity:No,0,0,1.1284695379569324e-213
Obesity:No,0,0,2.143251624882177e-198
Obesity:No,0,0,6.832955010370925e-67
Obesity:No,0,0,1.2307675318778684e-107
Obesity:No,0,0,1.073303850783749e-213
Obesity:No,0,0,4.6659839529955766e-306
Obesity:No,0,0,9.078113012720977e-272
Obesity:No,0,0,0.0
Obesity:No,0,0,2.0549225259023744e-190
Obesity:No,0,0,9.257237354208127e-36
Obesity:No,0,0,0.0
Obesity:No,0,0,1.601046869539774e-274
Obesity:No,0,0,9.862857537427444e-133
Obesity:No,0,0,3.777008598217381e-120
Obesity:No,0,0,0.0
Obesity:No,0,0,0.0
Obesity:No,0,0,0.0
Obesity:No,0,0,2.1608427030499234e-107
Obesity:No,0,0,1.5509679158764034e-115
Obesity:No,0,0,0.0
Obesity:No,0,0,1.8052819746690132e-203
Obesity:No,0,0,0.0
Obesity:No,0,0,8.455007678010957e-183
Obesity:No,0,0,0.0
Obesity:No,0,0,8.08425010881333e-207
Obesity:No,0,0,0.0
Obesity:No,0,0,0.0
Obesity:No,0,0,0.0
Obesity:No,0,0,0.0
Obesity:No,0,0,0.0
Obesity:No,0,0,5.732508346593449e-263
Obesity:No,0,0,0.0
Obesity:No,0,0,0.0
Obesity:No,0,0,0.0
Obesity:No,0,0,3.4304781964834035e-287
Obesity:No,0,0,0.0
Obesity:No,0,0,4.904597128881064e-244
Obesity:No,0,0,1.0965204619779764e-258
Obesity:No,0,0,0.0
Obesity:No,0,0,4.491326133221448e-273
Obesity:No,1,0,0.0
Obesity:No,0,0,4.716620547597605e-218
Obesity:No,1,0,0.0
Obesity:No,0,0,1.1253235980866343e-164
Obesity:No,0,0,1.6590056113556508e-148
Obesity:No,0,0,1.1573443403153393e-226
Obesity:No,0,0,0.0
Obesity:No,0,0,0.0
Obesity:No,0,0,0.0
Obesity:No,0,0,0.0
Obesity:No,0,0,2.489001599693836e-282
Obesity:No,0,0,1.3550373365497174e-251
Obesity:No,0,0,1.3096646291657422e-158
Obesity:No,0,0,3.8893956856104024e-286
Obesity:No,0,0,0.0
Obesity:No,0,0,6.533954640211992e-304
Obesity:No,0,0,0.0
Obesity:No,0,0,0.0
Obesity:No,0,0,0.0
Obesity:No,0,0,5.7944862911725065e-08
Obesity:No,0,0,3.2449157345980168e-285
Obesity:No,0,0,4.698387361815845e-115
Obesity:No,1,0,2.2288936483850934e-120
Obesity:No,0,0,0.0
Obesity:No,0,0,5.419229876724203e-287
Obesity:No,0,0,0.0
Obesity:No,0,0,0.0
Obesity:No,0,0,0.0
Obesity:No,0,0,0.0
Obesity:No,0,0,0.0
Obesity:No,0,0,0.0
Obesity:No,0,0,0.0
Obesity:No,0,0,0.0
Obesity:No,0,0,0.0
Obesity:No,0,0,8.498635495277048e-13
Obesity:No,1,0,1.7534821845161142e-112
Obesity:No,0,0,0.0
Obesity:No,0,0,0.0
Obesity:No,0,0,0.0
Obesity:No,0,0,0.0
Obesity:No,0,0,0.0
Obesity:No,0,0,0.0
Obesity:No,0,0,6.522618854288188e-189
Obesity:No,0,0,0.0
Obesity:No,0,0,0.0
Obesity:No,0,0,0.0
Obesity:No,0,0,0.0
Obesity:No,0,0,3.1151575517263835e-220
Obesity:No,0,0,2.760089609200074e-96
Obesity:No,0,0,0.0
Obesity:No,0,0,0.0
Obesity:No,0,0,0.0
Obesity:No,0,0,0.0
Obesity:No,0,0,0.0
Obesity:No,0,0,0.0
Obesity:No,0,0,0.0
Obesity:No,0,0,0.0
Obesity:No,0,0,0.0
Obesity:No,0,0,0.0
Obesity:No,0,0,0.0
Obesity:No,0,0,0.0
Obesity:No,0,0,0.0
Obesity:No,0,0,0.0
Obesity:No,0,0,0.0
Obesity:No,0,0,0.0
Obesity:No,0,0,0.0
Obesity:No,0,0,2.1783663965196396e-292
Obesity:No,0,0,0.0
Obesity:No,0,0,3.159387699349799e-189
Obesity:No,0,0,0.0
Obesity:No,0,0,0.0
Obesity:No,0,0,6.910367912266618e-107
Obesity:No,0,0,6.270259220982949e-163
Obesity:No,0,0,0.0
Obesity:No,0,0,6.582402443402919e-175
Obesity:No,0,0,0.0
Obesity:No,0,0,0.0
Obesity:No,0,0,1.1029349701349717e-283
Obesity:No,0,0,0.0
Obesity:No,0,0,0.0
Obesity:No,0,1,1.0
Obesity:No,0,0,0.0
Obesity:No,0,0,0.0
Obesity:No,0,0,0.0
Obesity:No,0,0,1.1762611187376119e-144
Obesity:No,0,0,0.0
Obesity:No,0,0,0.0
Obesity:No,0,0,7.554234982478298e-280
Obesity:No,0,0,6.915742863337843e-239
Obesity:No,0,0,4.132492132951577e-203
Obesity:No,0,0,0.0
Obesity:No,0,0,0.0
Obesity:No,0,0,8.787759240263931e-151
Obesity:No,0,0,0.0
Obesity:No,1,0,2.8234636373022855e-265
Obesity:No,0,0,6.86220351220772e-290
Obesity:No,0,0,0.0
Obesity:No,0,0,0.0
Obesity:No,0,0,0.0
Obesity:No,0,0,0.0
Obesity:No,0,0,3.842382367991768e-307
Obesity:No,0,0,0.0
Obesity:No,0,0,9.047804519294452e-81
Obesity:No,0,0,0.0
Obesity:No,0,0,0.0
Obesity:No,0,0,0.0
Obesity:No,0,0,2.5164098378683065e-216
Obesity:No,0,0,6.784380704710472e-219
Obesity:No,0,0,8.287066902465482e-121
Obesity:No,0,0,1.484155566938407e-305
Obesity:No,0,0,0.0
Obesity:No,0,0,0.0
Obesity:No,0,0,1.7898310577331807e-194
Obesity:No,0,0,0.0
Obesity:No,0,0,5.885724490777523e-153
Obesity:No,0,0,1.729772210267826e-207
Obesity:No,0,0,2.770082748695541e-236
Obesity:No,0,0,0.0
Obesity:No,0,0,0.0
Obesity:No,1,0,4.195127624676423e-16
Obesity:No,0,0,0.0
Obesity:No,0,0,0.0
Obesity:No,0,0,4.0362883160881277e-255
Obesity:No,0,0,0.0
Obesity:No,0,0,0.0
Obesity:No,0,0,0.0
Obesity:No,0,0,0.0
Obesity:No,0,0,4.065714842450713e-298
Obesity:No,0,0,2.6141336727482457e-269
Obesity:No,0,0,1.7351773654567024e-271
Obesity:No,0,0,0.0
Obesity:No,0,0,2.885953601819074e-175
Obesity:No,0,0,4.434826503856847e-280
Obesity:No,0,0,0.0
Obesity:No,0,0,2.985084602252004e-261
Obesity:No,0,0,0.0
Obesity:No,0,0,0.0
Obesity:No,0,0,0.0
Obesity:No,0,0,0.0
Obesity:No,0,0,0.0
Obesity:No,0,0,2.1796201249512344e-270
Obesity:No,0,0,0.0
Obesity:No,0,0,0.0
Obesity:No,0,0,0.0
Obesity:No,0,0,7.66873685764314e-117
Obesity:No,0,0,0.0
Obesity:No,0,0,3.849816974346278e-263
Obesity:No,0,0,1.6962038948789576e-277
Obesity:No,0,0,4.051574392033455e-264
Obesity:No,0,0,0.0
Obesity:No,0,0,1.8333689827588277e-226
Obesity:No,0,0,5.675122198923549e-243
Obesity:No,0,0,1.1894807578367377e-291
Obesity:No,0,0,5.884172091968613e-209
Obesity:No,0,0,5.913411356979274e-252
Obesity:No,0,0,0.0
Obesity:No,0,0,2.2959120535009997e-149
Obesity:No,0,0,0.0
Obesity:No,0,0,0.0
Obesity:No,0,0,0.0
Obesity:No,0,0,6.187618027012941e-94
Obesity:No,0,0,0.0
Obesity:No,0,0,0.0
Obesity:No,0,0,0.0
Obesity:No,0,0,0.0
Obesity:No,0,0,0.0
Obesity:No,0,0,0.0
Obesity:No,0,0,2.347623953036364e-181
Obesity:No,0,0,0.0
Obesity:No,0,0,0.0
Obesity:No,0,0,0.0
Obesity:No,1,0,8.965459394855742e-145
Obesity:No,0,0,0.0
Obesity:No,0,0,0.0
Obesity:No,0,0,4.245127367148352e-250
Obesity:No,0,0,7.333942245036812e-284
Obesity:No,0,0,0.0
Obesity:No,0,0,0.0
Obesity:No,0,0,0.0
Obesity:No,0,0,2.036160587933195e-125
Obesity:No,0,0,0.0
Obesity:No,1,0,3.602390385279922e-249
Obesity:No,0,0,0.0
Obesity:No,0,0,0.0
Obesity:No,0,0,4.023502127862533e-299
Obesity:No,0,0,5.348118915783734e-281
Obesity:No,0,0,4.530135192719827e-175
Obesity:No,0,0,0.0
Obesity:No,0,0,0.0
Obesity:No,0,0,1.9153891979945206e-301
Obesity:No,0,0,0.0
Obesity:No,0,0,1.1677676450614865e-296
Obesity:No,0,0,0.0
Obesity:No,0,0,2.0126446699145456e-165
Obesity:No,0,0,1.0998405299808193e-178
Obesity:No,0,0,1.0549831838869074e-220
Obesity:No,0,0,0.0
Obesity:No,0,0,0.0
Obesity:No,0,0,2.9945133864518264e-228
Obesity:No,0,0,1.1537891063589722e-242
Obesity:No,0,0,7.174333605513818e-101
Obesity:No,0,0,0.0
Obesity:No,0,0,1.3011880110465325e-261
Obesity:No,0,0,0.0
Obesity:No,0,0,0.0
Obesity:No,0,0,0.0
Obesity:No,0,0,0.0
Obesity:No,1,0,0.0
Obesity:No,0,0,0.0
Obesity:No,0,0,0.0
Obesity:No,0,0,0.0
Obesity:No,0,0,7.461021455729349e-303
Obesity:No,0,0,0.0
Obesity:No,0,0,1.5914005683517363e-254
Obesity:No,0,0,2.318261404730288e-267
Obesity:No,0,0,2.7453575988690085e-173
Obesity:No,0,0,9.718290429188512e-170
Obesity:No,0,1,0.9648831086227394
Obesity:No,0,0,0.0
Obesity:No,1,0,0.0
Obesity:No,0,0,1.5495068824958076e-52
Obesity:No,0,0,2.3160427466476058e-232
Obesity:No,0,0,1.1892966229232914e-219
Obesity:No,0,0,0.0
Obesity:No,0,0,0.0
Obesity:No,0,0,8.509487915285315e-284
Obesity:No,0,0,9.867070476239834e-283
Obesity:No,0,0,5.674539777961724e-124
Obesity:No,0,0,0.0
Obesity:No,0,0,0.0
Obesity:No,0,0,0.0
Obesity:No,0,0,0.0
Obesity:No,0,0,0.0
Obesity:No,0,0,0.0
Obesity:No,0,0,1.324336674479003e-199
Obesity:No,0,0,0.0
Obesity:No,0,0,0.0
Obesity:No,0,0,0.0
Obesity:No,0,0,0.0
Obesity:No,0,0,0.0
Obesity:No,0,0,0.0
Obesity:No,0,0,0.0
Obesity:No,0,0,1.37378801796575e-291
Obesity:No,0,0,0.0
Obesity:No,0,0,0.0
Obesity:No,0,0,1.562740831286124e-227
Obesity:No,0,0,0.0
Obesity:No,0,0,9.415568520426777e-176
Obesity:No,0,0,0.0
Obesity:No,0,0,0.0
Obesity:No,0,0,0.0
Obesity:No,0,0,2.160960081579994e-209
Obesity:No,0,0,0.0
Obesity:No,0,0,7.197297637927976e-273
Obesity:No,0,0,4.718825047083214e-266
Obesity:No,0,0,9.934968835129092e-195
Obesity:No,0,0,1.1587772839971099e-234
Obesity:No,0,0,1.6433130311804513e-172
Obesity:No,0,0,2.2262595539689376e-304
Obesity:No,0,0,0.0
Obesity:No,0,0,8.661905787437914e-117
Obesity:No,0,0,1.8726454258994814e-206
Obesity:No,0,0,0.0
Obesity:No,1,0,0.0
Obesity:No,0,0,0.0
Obesity:No,0,0,0.0
Obesity:No,0,0,0.0
Obesity:No,0,0,0.0
Obesity:No,0,0,1.7025872190231328e-166
Obesity:No,0,0,0.0
Obesity:No,0,0,0.0
Obesity:No,0,0,9.56962497099133e-134
Obesity:No,0,0,0.0
Obesity:No,0,0,0.0
Obesity:No,0,0,0.0
Obesity:No,0,0,0.0
Obesity:No,0,0,2.266914027234426e-127
Obesity:No,0,0,0.0
Obesity:No,0,0,0.0
Obesity:No,0,0,0.0
Obesity:No,0,0,0.0
Obesity:No,0,0,6.752961532218044e-297
Obesity:No,0,0,0.0
Obesity:No,0,0,3.5103371380413017e-302
Obesity:No,0,0,0.0
Obesity:No,0,0,1.0300942126476052e-251
Obesity:No,0,0,0.0
Obesity:No,0,0,0.0
Obesity:No,0,0,0.0
Obesity:No,0,0,0.0
Obesity:No,0,0,3.628392646281386e-292
Obesity:No,0,0,0.0
Obesity:No,0,0,1.507588442544464e-260
Obesity:No,0,0,5.741639731330257e-196
Obesity:No,0,0,0.0
Obesity:No,0,0,0.0
Obesity:No,0,0,0.0
Obesity:No,0,0,0.0
Obesity:No,0,0,1.2992995605403807e-304
Obesity:No,0,0,0.0
Obesity:No,0,0,0.0
Obesity:No,0,0,0.0
Obesity:No,0,0,0.0
Obesity:No,0,0,0.0
Obesity:No,0,0,0.0
Obesity:No,0,0,0.0
Obesity:No,0,0,6.337433788320131e-184
Obesity:No,0,0,0.0
Obesity:No,0,0,0.0
Obesity:No,0,0,1.3850402453089987e-269
Obesity:No,0,0,0.0
Obesity:No,0,0,1.1893597240327806e-112
Obesity:No,0,0,9.086289570984494e-256
Obesity:No,0,0,0.0
Obesity:No,0,0,0.0
Obesity:No,0,0,0.0
Obesity:No,0,0,0.0
Obesity:No,0,0,0.0
Obesity:No,0,0,0.0
Obesity:No,0,0,9.794159341598034e-19
Obesity:No,0,1,1.0
Obesity:No,0,0,0.0
Obesity:No,0,0,1.150869388604065e-301
Obesity:No,0,0,6.994217938360323e-16
Obesity:No,0,0,1.0905685622889184e-178
Obesity:No,0,0,0.0
Obesity:No,0,0,0.0
Obesity:No,0,0,2.0616658360660728e-281
Obesity:No,0,0,4.783075603396083e-125
Obesity:No,0,0,1.0585458518634417e-162
Obesity:No,0,0,0.0
Obesity:No,0,0,0.0
Obesity:No,0,0,6.564036115704401e-308
Obesity:No,0,0,0.0
Obesity:No,0,0,0.0
Obesity:No,0,1,1.0
Obesity:No,0,0,1.248350133215795e-174
Obesity:No,0,0,5.43477650820219e-153
Obesity:No,0,0,0.0
Obesity:No,0,0,0.0
Obesity:No,0,0,0.0
Obesity:No,0,0,0.0
Obesity:No,0,0,2.5781063599880914e-242
Obesity:No,0,0,8.7656514659763e-29
Obesity:No,0,0,0.0
Obesity:No,0,0,0.0
Obesity:No,0,0,0.0
Obesity:No,0,0,0.0
Obesity:No,0,0,0.0
Obesity:No,0,0,5.815082693804523e-140
Obesity:No,0,0,0.0
Obesity:No,0,0,0.0
Obesity:No,0,0,4.176118295203352e-251
Obesity:No,0,0,8.483712834428066e-250
Obesity:No,0,0,0.0
Obesity:No,0,0,4.41991902169646e-207
Obesity:No,0,0,2.9531973981545074e-169
Obesity:No,0,0,0.0
Obesity:No,0,0,2.572556322002306e-288
Obesity:No,0,0,0.0
Obesity:No,0,0,3.4954090751721025e-207
Obesity:No,0,0,2.3175051802503125e-244
Obesity:No,0,0,0.0
Obesity:No,0,0,0.0
Obesity:No,0,0,3.3728813956576254e-256
Obesity:No,0,0,0.0
Obesity:No,0,1,0.9999999999996911
Obesity:No,0,1,1.0
Obesity:No,0,0,0.0
Obesity:No,0,0,4.0332631309438655e-249
Obesity:No,0,0,0.0
Obesity:No,0,0,0.0
Obesity:No,0,0,0.0
Obesity:No,0,0,6.795121786274176e-229
Obesity:No,0,0,6.073887203540352e-132
Obesity:No,0,0,0.0
Obesity:No,0,0,0.0
Obesity:No,0,0,0.0
Obesity:No,0,0,0.0
Obesity:No,0,0,0.0
Obesity:No,0,0,2.1209939895750123e-70
Obesity:No,0,0,8.023878709021266e-239
Obesity:No,0,0,1.88047559960533e-278
Obesity:No,0,0,0.0
Obesity:No,0,0,1.705887665073182e-294
Obesity:No,0,0,0.0
Obesity:No,0,0,7.720262875622016e-248
Obesity:No,0,0,0.0
Obesity:No,0,0,1.4093606062646203e-75
Obesity:No,0,0,8.551289415390525e-248
Obesity:No,0,0,0.0
Obesity:No,0,0,0.0
Obesity:No,0,0,6.301804824857496e-307
Obesity:No,0,0,0.0
Obesity:No,0,0,0.0
Obesity:No,0,0,4.0448946122687806e-237
Obesity:No,0,0,0.0
Obesity:No,0,0,0.0
Obesity:No,0,0,1.6922433651212473e-99
Obesity:No,0,0,0.0
Obesity:No,0,0,2.303113453845867e-115
Obesity:No,0,0,0.0
Obesity:No,0,0,0.0
Obesity:No,0,0,0.0
Obesity:No,0,0,0.0
Obesity:No,0,0,2.1018410054522575e-291
Obesity:No,0,0,0.0
Obesity:No,0,0,8.08629851771484e-237
Obesity:No,0,0,2.496250364346402e-286
Obesity:No,0,0,0.0
Obesity:No,0,0,0.0
Obesity:No,0,0,0.0
Obesity:No,0,0,7.527850930617738e-210
Obesity:No,0,0,0.0
Obesity:No,0,0,0.0
Obesity:No,0,0,0.0
Obesity:No,0,0,2.9682179292812055e-192
Obesity:No,0,0,0.0
Obesity:No,0,0,1.575853251689966e-293
Obesity:No,0,0,2.1076059735446182e-302
Obesity:No,0,0,0.0
Obesity:No,0,0,7.63796817945389e-197
Obesity:No,0,0,2.155499383860939e-240
Obesity:No,0,0,1.3196828458558203e-279
Obesity:No,0,0,2.141783728284158e-229
Obesity:No,0,0,1.9841764934614874e-202
Obesity:No,0,0,0.0
Obesity:No,0,0,0.0
Obesity:No,0,0,0.0
Obesity:No,0,0,2.054598316976696e-223
Obesity:No,0,0,9.04523252629633e-238
Obesity:No,0,1,1.0
Obesity:No,0,0,0.0
Obesity:No,0,0,2.1388462755949226e-193
Obesity:No,0,0,0.0
Obesity:No,0,1,0.9999999999999947
Obesity:No,0,0,0.0
Obesity:No,0,0,5.813040981233234e-159
Obesity:No,0,0,0.0
Obesity:No,0,0,0.0
Obesity:No,0,0,0.0
Obesity:No,0,0,1.2411668494500359e-128
Obesity:No,0,0,0.0
Obesity:No,0,0,0.0
Obesity:No,0,0,0.0
Obesity:No,0,0,0.0
Obesity:No,0,0,0.0
Obesity:No,0,0,0.0
Obesity:No,0,0,0.0
Obesity:No,0,0,0.0
Obesity:No,0,0,3.214929413292955e-278
Obesity:No,0,0,9.010662596530545e-100
Obesity:No,0,0,0.0
Obesity:No,0,0,0.0
Obesity:No,0,0,0.0
Obesity:No,0,0,0.0
Obesity:No,0,0,0.0
Obesity:No,0,0,0.0
Obesity:No,0,0,0.0
Obesity:No,0,0,0.0
Obesity:No,0,0,4.667507188425373e-244
Obesity:No,0,0,0.0
Obesity:No,0,0,0.0
Obesity:No,0,0,0.0
Obesity:No,0,0,1.497828013703531e-210
Obesity:No,0,0,0.0
Obesity:No,1,0,0.0
Obesity:No,0,0,0.0
Obesity:No,0,0,0.0
Obesity:No,0,0,3.075364181168734e-237
Obesity:No,0,0,0.0
Obesity:No,0,0,0.0
Obesity:No,0,0,0.0
Obesity:No,0,0,0.0
Obesity:No,0,0,2.7149129023601967e-308
Obesity:No,0,0,1.6770029691778953e-210
Obesity:No,0,0,1.3449295573561808e-275
Obesity:No,0,0,0.0
Obesity:No,0,0,0.0
Obesity:No,0,0,9.793256584589512e-218
Obesity:No,0,0,2.1855296019475432e-215
Obesity:No,1,0,5.903655684461898e-223
Obesity:No,1,0,4.6561698440053585e-295
Obesity:No,0,0,0.0
Obesity:No,0,0,0.0
Obesity:No,0,0,6.944737774408737e-256
Obesity:No,0,0,9.76685885086084e-239
Obesity:No,0,0,0.0
Obesity:No,0,0,5.057707686286857e-231
Obesity:No,0,0,0.0
Obesity:No,0,0,0.0
Obesity:No,0,0,0.0
Obesity:No,0,0,7.454220730421771e-262
Obesity:No,0,0,4.800069824021042e-291
Obesity:No,0,0,0.0
Obesity:No,0,0,0.0
Obesity:No,0,0,6.49475111804147e-195
Obesity:No,0,0,4.231905744449448e-196
Obesity:No,0,0,4.9577612103091e-283
Obesity:No,0,0,0.0
Obesity:No,0,0,0.0
Obesity:No,0,0,0.0
Obesity:No,0,0,4.2086309417998127e-109
Obesity:No,0,0,1.772913918901255e-186
Obesity:No,0,0,0.0
Obesity:No,0,0,0.0
Obesity:No,0,0,0.0
Obesity:No,0,0,0.0
Obesity:No,0,0,0.0
Obesity:No,0,0,0.0
Obesity:No,0,0,0.0
Obesity:No,0,0,0.0
Obesity:No,0,0,0.0
Obesity:No,0,0,0.0
Obesity:No,0,0,0.0
Obesity:No,1,0,0.0
Obesity:No,0,0,0.0
Obesity:No,0,0,0.0
Obesity:No,0,0,1.2982484513817826e-193
Obesity:No,0,0,0.0
Obesity:No,0,0,0.0
Obesity:No,0,0,0.0
Obesity:No,0,0,1.6586800055985037e-252
Obesity:No,0,0,0.0
Obesity:No,0,0,3.677263246464621e-237
Obesity:No,0,0,0.0
Obesity:No,0,0,6.423821184967254e-303
Obesity:No,0,0,0.0
Obesity:No,0,0,0.0
Obesity:No,0,0,0.0
Obesity:No,0,0,0.0
Obesity:No,0,0,0.0
Obesity:No,0,0,0.0
Obesity:No,0,0,1.8648134044968535e-306
Obesity:No,0,0,0.0
Obesity:No,0,0,1.439493122524427e-228
Obesity:No,0,0,0.0
Obesity:No,0,0,8.042143021366594e-263
Obesity:No,0,0,0.0
Obesity:No,0,0,0.0
Obesity:No,0,0,0.0
Obesity:No,0,0,3.0048751567214336e-187
Obesity:No,0,0,0.0
Obesity:No,0,0,7.903628989344268e-276
Obesity:No,0,0,0.0
Obesity:No,0,0,0.0
Obesity:No,0,0,1.9051893032136524e-256
Obesity:No,0,0,0.0
Obesity:No,0,0,0.0
Obesity:No,0,0,3.0298635061210475e-177
Obesity:No,0,0,4.488799860053466e-173
Obesity:No,0,0,0.0
Obesity:No,0,0,0.0
Obesity:No,0,0,0.0
Obesity:No,0,0,1.5446134832748817e-167
Obesity:No,0,0,9.063587829338186e-298
Obesity:No,1,0,0.0
Obesity:No,0,0,3.0486396703280725e-293
Obesity:No,0,0,0.0
Obesity:No,0,0,0.0
Obesity:No,0,0,4.1806206514808036e-187
Obesity:No,0,0,0.0
Obesity:No,0,0,1.4651115033320426e-205
Obesity:No,0,0,1.5302578961727347e-229
Obesity:No,0,0,3.280294103827798e-113
Obesity:No,0,0,0.0
Obesity:No,0,0,0.0
Obesity:No,0,0,0.0
Obesity:No,0,0,0.0
Obesity:No,0,0,0.0
Obesity:No,0,0,0.0
Obesity:No,0,0,1.2227242739906219e-134
Obesity:No,0,0,0.0
Obesity:No,0,0,8.843762528842156e-289
Obesity:No,0,0,0.0
Obesity:No,0,0,0.0
Obesity:No,0,0,1.2063289782854098e-218
Obesity:No,0,0,1.138145196435113e-204
Obesity:No,0,0,0.0
Obesity:No,0,0,5.804488262982393e-233
Obesity:No,0,0,0.0
Obesity:No,0,0,0.0
Obesity:No,0,0,6.305815277859437e-274
Obesity:No,0,0,0.0
Obesity:No,0,0,0.0
Obesity:No,0,0,0.0
Obesity:No,0,0,0.0
Obesity:No,0,0,6.672113519113508e-135
Obesity:No,0,0,0.0
Obesity:No,0,0,0.0
Obesity:No,0,0,0.0
Obesity:No,0,0,6.823000394107774e-291
Obesity:No,0,0,4.036748334392524e-245
Obesity:No,0,0,1.224867676989196e-105
Obesity:No,0,0,8.424443432515877e-200
Obesity:No,0,0,0.0
Obesity:No,0,0,0.0
Obesity:No,0,0,0.0
Obesity:No,0,0,0.0
Obesity:No,0,0,0.0
Obesity:No,0,0,0.0
Obesity:No,0,0,0.0
Obesity:No,0,0,1.2371457414681696e-188
Obesity:No,0,0,0.0
Obesity:No,0,0,0.0
Obesity:No,0,0,0.0
Obesity:No,0,0,0.0
Obesity:No,0,0,0.0
Obesity:No,0,0,0.0
Obesity:No,0,0,0.0
Obesity:No,0,0,0.0
Obesity:No,0,0,0.0
Obesity:No,0,0,8.319210669302887e-282
Obesity:No,0,0,0.0
Obesity:No,0,0,9.431148211246697e-267
Obesity:No,0,0,0.0
Obesity:No,0,0,0.0
Obesity:No,0,0,4.681087099175771e-150
Obesity:No,0,0,0.0
Obesity:No,0,0,7.845209722304009e-193
Obesity:No,0,0,2.7314723202482172e-163
Obesity:No,0,0,1.3859088762237333e-239
Obesity:No,0,0,0.0
Obesity:No,0,0,0.0
Obesity:No,0,0,0.0
Obesity:No,0,0,0.0
Obesity:No,0,0,0.0
Obesity:No,0,0,0.0
Obesity:No,0,0,0.0
Obesity:No,0,0,4.700705469707004e-189
Obesity:No,0,0,0.0
Obesity:No,0,0,3.1395282618797254e-219
Obesity:No,0,0,9.571325249568715e-267
Obesity:No,0,0,0.0
Obesity:No,0,0,0.0
Obesity:No,0,0,0.0
Obesity:No,0,0,0.0
Obesity:No,0,0,2.1596210331656354e-167
Obesity:No,0,0,0.0
Obesity:No,0,0,9.87353394483792e-272
Obesity:No,0,0,0.0
Obesity:No,0,0,1.1785116216459472e-258
Obesity:No,0,0,0.0
Obesity:No,0,0,0.0
Obesity:No,0,1,1.0
Obesity:No,0,0,4.7987668560905965e-214
Obesity:No,0,0,0.0
Obesity:No,0,0,7.76693537699741e-216
Obesity:No,0,0,0.0
Obesity:No,0,0,3.9460537074544426e-250
Obesity:No,0,0,0.0
Obesity:No,0,0,0.0
Obesity:No,0,0,5.466909491479221e-205
Obesity:No,0,0,2.3104338167005003e-303
Obesity:No,0,0,0.0
Obesity:No,0,0,0.0
Obesity:No,0,0,0.0
Obesity:No,0,0,0.0
Obesity:No,0,0,2.8009136288179325e-262
Obesity:No,0,0,0.0
Obesity:No,0,0,0.0
Obesity:No,0,0,0.0
Obesity:No,0,0,0.0
Obesity:No,0,0,2.0906422329741547e-162
Obesity:No,1,0,3.168148218517222e-258
Obesity:No,0,0,0.0
Obesity:No,0,0,0.0
Obesity:No,0,0,0.0
Obesity:No,0,0,0.0
Obesity:No,0,0,0.0
Obesity:No,0,0,0.0
Obesity:No,0,0,0.0
Obesity:No,0,0,1.6156102996829683e-291
Obesity:No,0,0,3.350617044744133e-209
Obesity:No,0,0,0.0
Obesity:No,0,0,0.0
Obesity:No,0,0,0.0
Obesity:No,0,0,1.6029997510069343e-277
Obesity:No,0,0,2.100641471745348e-299
Obesity:No,0,0,6.666680068067034e-237
Obesity:No,0,0,3.076491850909182e-288
Obesity:No,0,0,0.0
Obesity:No,0,0,8.855052782613197e-152
Obesity:No,0,0,4.2411273250174787e-283
Obesity:No,0,0,0.0
Obesity:No,1,0,0.0
Obesity:No,0,0,0.0
Obesity:No,0,0,0.0
Obesity:No,0,0,0.0
Obesity:No,0,0,0.0
Obesity:No,0,0,0.0
Obesity:No,0,0,0.0
Obesity:No,0,0,0.0
Obesity:No,0,0,0.0
Obesity:No,0,0,0.0
Obesity:No,0,0,0.0
Obesity:No,0,0,0.0
Obesity:No,0,0,4.296945754085643e-305
Obesity:No,0,0,4.4468180371558614e-231
Obesity:No,0,0,9.194801197158985e-237
Obesity:No,0,0,6.168136457106916e-24
Obesity:No,0,0,1.9818725414130585e-273
Obesity:No,0,0,2.027585615628176e-183
Obesity:No,0,0,6.030355738832007e-295
Obesity:No,0,0,0.0
Obesity:No,0,0,8.119824846990374e-271
Obesity:No,0,0,1.6176239110062673e-257
Obesity:No,0,0,2.5922906116620794e-164
Obesity:No,0,0,4.203123258848139e-94
Obesity:No,0,0,0.0
Obesity:No,0,0,1.3598690893324506e-234
Obesity:No,0,0,1.3107452247995921e-279
Obesity:No,0,0,0.0
Obesity:No,0,1,1.0
Obesity:No,0,0,0.0
Obesity:No,0,0,1.0437676486473161e-236
Obesity:No,0,0,0.0
Obesity:No,0,0,3.377358400234355e-232
Obesity:No,0,0,0.0
Obesity:No,0,0,0.0
Obesity:No,0,0,1.9177099537387309e-249
Obesity:No,0,0,1.201454807544341e-303
Obesity:No,0,0,0.0
Obesity:No,0,0,0.0
Obesity:No,0,0,0.0
Obesity:No,0,0,0.0
Obesity:No,0,0,0.0
Obesity:No,0,0,0.0
Obesity:No,0,0,0.0
Obesity:No,0,0,0.0
Obesity:No,0,0,0.0
Obesity:No,0,1,1.0
Obesity:No,0,0,0.0
Obesity:No,0,0,0.0
Obesity:No,0,0,0.0
Obesity:No,0,0,6.4826734074196744e-273
Obesity:No,0,0,0.0
Obesity:No,0,0,1.936383728561311e-224
Obesity:No,0,0,1.0290151589827368e-216
Obesity:No,0,0,0.0
Obesity:No,0,0,1.2435613782863296e-234
Obesity:No,0,0,0.0
Obesity:No,0,0,1.2320887893721779e-119
Obesity:No,0,0,0.0
Obesity:No,0,0,9.002728891579156e-295
Obesity:No,0,0,0.0
Obesity:No,0,0,0.0
Obesity:No,0,0,0.0
Obesity:No,0,0,2.700196418410755e-227
Obesity:No,0,0,0.0
Obesity:No,0,0,0.0
Obesity:No,0,0,0.0
Obesity:No,0,0,9.945095452038419e-185
Obesity:No,0,0,1.8823976972753117e-259
Obesity:No,0,0,0.0
Obesity:No,0,0,0.0
Obesity:No,0,0,0.0
Obesity:No,0,0,5.9953661046064435e-180
Obesity:No,0,0,0.0
Obesity:No,0,0,0.0
Obesity:No,0,0,1.0903027443293121e-63
Obesity:No,0,0,6.859613112087657e-215
Obesity:No,0,0,0.0
Obesity:No,0,0,0.0
Obesity:No,0,0,0.0
Obesity:No,0,0,7.075895342017602e-134
Obesity:No,0,0,0.0
Obesity:No,0,0,1.9082116225842762e-193
Obesity:No,0,0,2.3402325329218285e-244
Obesity:No,0,0,1.5578669857370118e-213
Obesity:No,0,0,0.0
Obesity:No,0,0,2.2905718060126658e-271
Obesity:No,0,0,0.0
Obesity:No,0,0,1.0046204370929154e-174
Obesity:No,0,0,2.3429935183011466e-273
Obesity:No,0,0,0.0
Obesity:No,0,0,0.0
Obesity:No,0,0,5.491437212760013e-209
Obesity:No,0,0,0.0
Obesity:No,0,0,0.0
Obesity:No,0,0,3.172428704954104e-238
Obesity:No,0,0,0.0
Obesity:No,0,0,5.853966205292337e-251
Obesity:No,0,0,0.0
Obesity:No,0,0,1.861407511323347e-269
Obesity:No,0,0,0.0
Obesity:No,0,0,1.3221273926117346e-183
Obesity:No,0,0,6.574198140711978e-82
Obesity:No,0,0,1.203659803911472e-207
Obesity:No,0,0,8.926761474042905e-222
Obesity:No,0,0,0.0
Obesity:No,0,0,1.3048433276907769e-303
Obesity:No,0,0,0.0
Obesity:No,0,0,3.396035181949721e-175
Obesity:No,0,0,0.0
Obesity:No,0,0,5.131027533248104e-250
Obesity:No,0,0,5.041455584650912e-258
Obesity:No,0,0,4.742928698665337e-216
Obesity:No,0,0,0.0
Obesity:No,0,0,8.06315275913368e-61
Obesity:No,0,0,3.882562961578208e-182
Obesity:No,0,0,0.0
Obesity:No,0,0,0.0
Obesity:No,0,0,0.0
Obesity:No,0,0,0.0
Obesity:No,0,0,4.1211282290622664e-294
Obesity:No,0,0,8.389558167497476e-221
Obesity:No,0,0,0.0
Obesity:No,0,0,0.0
Obesity:No,0,0,5.875764538782333e-294
Obesity:No,0,0,4.078424939794118e-296
Obesity:No,0,0,9.89034736854006e-127
Obesity:No,0,0,0.0
Obesity:No,0,0,0.0
Obesity:No,0,0,0.0
Obesity:No,0,0,0.0
Obesity:No,0,0,2.480648915404474e-137
Obesity:No,0,0,1.8974904986576708e-136
Obesity:No,0,0,0.0
Obesity:No,1,0,0.0
Obesity:No,0,0,0.0
Obesity:No,0,0,0.0
Obesity:No,0,0,0.0
Obesity:No,0,0,5.692249279546366e-291
Obesity:No,0,0,3.9677527882474635e-195
Obesity:No,0,0,1.4575179968965283e-132
Obesity:No,0,0,0.0
Obesity:No,0,0,0.0
Obesity:No,0,0,1.75190391611327e-136
Obesity:No,0,0,1.2553043323567619e-188
Obesity:No,0,0,0.0
Obesity:No,0,0,1.982755715198718e-297
Obesity:No,0,0,7.218560995983783e-233
Obesity:No,0,0,0.0
Obesity:No,0,0,1.552597146538169e-88
Obesity:No,0,0,0.0
Obesity:No,0,0,0.0
Obesity:No,0,0,2.2842766102561458e-275
Obesity:No,0,0,0.0
Obesity:No,0,0,0.0
Obesity:No,0,0,1.644508990243053e-149
Obesity:No,0,0,0.0
Obesity:No,0,0,4.421466826332243e-264
Obesity:No,0,0,0.0
Obesity:No,0,0,0.0
Obesity:No,0,0,7.33551835710957e-254
Obesity:No,0,0,0.0
Obesity:No,0,0,1.6906251750056e-223
Obesity:No,0,0,0.0
Obesity:No,0,0,0.0
Obesity:No,0,0,1.5685550733064165e-201
Obesity:No,0,0,0.0
Obesity:No,0,0,2.4707344981987998e-262
Obesity:No,0,0,0.0
Obesity:No,0,0,1.4890450813964967e-211
Obesity:No,0,0,1.6634201784874095e-241
Obesity:No,0,0,0.0
Obesity:No,0,0,0.0
Obesity:No,0,0,9.218663859902315e-199
Obesity:No,0,0,0.0
Obesity:No,0,0,0.0
Obesity:No,0,0,0.0
Obesity:No,0,0,2.9498383200183868e-307
Obesity:No,0,0,0.0
Obesity:No,0,0,0.0
Obesity:No,0,0,0.0
Obesity:No,0,0,0.0
Obesity:No,0,0,0.0
Obesity:No,0,0,1.5207415086100283e-280
Obesity:No,0,0,0.0
Obesity:No,0,0,0.0
Obesity:No,0,0,3.4479850311726843e-264
Obesity:No,0,0,0.0
Obesity:No,0,0,0.0
Obesity:No,0,0,0.0
Obesity:No,0,0,1.6510002351279273e-204
Obesity:No,0,0,0.0
Obesity:No,0,0,0.0
Obesity:No,0,0,9.903300971290453e-128
Obesity:No,0,0,0.0
Obesity:No,0,0,0.0
Obesity:No,0,0,3.017098857385608e-240
Obesity:No,0,0,0.0
Obesity:No,1,0,0.0
Obesity:No,0,0,0.0
Obesity:No,0,0,0.0
Obesity:No,0,0,1.7036347190614552e-220
Obesity:No,0,0,5.9671690070181944e-229
Obesity:No,0,0,0.0
Obesity:No,0,0,5.2814349251586204e-303
Obesity:No,0,0,0.0
Obesity:No,0,0,0.0
Obesity:No,0,0,0.0
Obesity:No,0,0,2.4823022097168684e-295
Obesity:No,0,1,0.999999999999905
Obesity:No,0,0,0.0
Obesity:No,0,0,5.463636910997581e-256
Obesity:No,0,0,0.0
Obesity:No,0,0,2.187466091532322e-271
Obesity:No,0,0,0.0
Obesity:No,0,0,0.0
Obesity:No,0,0,0.0
Obesity:No,0,0,0.0
Obesity:No,0,0,3.197217561864889e-243
Obesity:No,0,0,0.0
Obesity:No,0,0,0.0
Obesity:No,0,0,4.4092268951998315e-276
Obesity:No,0,0,0.0
Obesity:No,0,0,0.0
Obesity:No,0,0,4.9178314528998205e-213
Obesity:No,0,0,5.7629849488999825e-289
Obesity:No,0,0,0.0
Obesity:No,0,0,0.0
Obesity:No,0,0,0.0
Obesity:No,0,0,0.0
Obesity:No,0,0,1.2959158864455036e-225
Obesity:No,0,0,0.0
Obesity:No,0,0,0.0
Obesity:No,0,0,0.0
Obesity:No,1,0,7.80121037034226e-246
Obesity:No,0,0,0.0
Obesity:No,0,0,0.0
Obesity:No,0,0,4.374313684560028e-285
Obesity:No,0,0,0.0
Obesity:No,0,0,8.982508079262318e-235
Obesity:No,0,0,2.6777750770752693e-275
Obesity:No,0,0,0.0
Obesity:No,0,0,0.0
Obesity:No,0,0,0.0
Obesity:No,0,0,3.116032997044318e-265
Obesity:No,0,0,4.416114598290534e-300
Obesity:No,0,0,1.2273659783393855e-259
Obesity:No,0,0,0.0
Obesity:No,0,0,0.0
Obesity:No,0,0,0.0
Obesity:No,0,0,0.0
Obesity:No,0,0,2.00048871234937e-229
Obesity:No,0,0,0.0
Obesity:No,0,0,0.0
Obesity:No,1,0,0.0
Obesity:No,0,0,0.0
Obesity:No,0,0,0.0
Obesity:No,0,0,0.0
Obesity:No,0,0,0.0
Obesity:No,0,0,0.0
Obesity:No,0,0,0.0
Obesity:No,0,0,1.777459842759222e-197
Obesity:No,0,0,4.422141776272655e-236
Obesity:No,0,0,6.503268584970901e-77
Obesity:No,0,0,0.0
Obesity:No,0,0,0.0
Obesity:No,0,0,1.971850968084999e-248
Obesity:No,0,0,4.54445145023757e-216
Obesity:No,0,0,5.615865951109242e-160
Obesity:No,0,0,4.403943537409937e-223
Obesity:No,0,0,0.0
Obesity:No,0,0,3.978819442074702e-285
Obesity:No,0,0,6.611532061845343e-295
Obesity:No,0,0,8.23090406183807e-119
Obesity:No,0,0,2.2752957415727433e-235
Obesity:No,0,0,4.822334014381073e-185
Obesity:No,0,0,1.1937738913372926e-308
Obesity:No,0,0,1.3625247377610302e-155
Obesity:No,0,0,1.2016758582030636e-139
Obesity:No,0,0,0.0
Obesity:No,0,0,1.7237619341019036e-241
Obesity:No,0,0,0.0
Obesity:No,0,0,1.245028195806841e-104
Obesity:No,0,0,0.0
Obesity:No,0,0,9.85538502632607e-191
Obesity:No,0,0,0.0
Obesity:No,0,0,0.0
Obesity:No,0,0,0.0
Obesity:No,0,0,0.0
Obesity:No,0,0,1.5073528044012349e-297
Obesity:No,0,0,0.0
Obesity:No,0,0,0.0
Obesity:No,0,0,0.0
Obesity:No,0,0,7.734327105791904e-217
Obesity:No,0,0,0.0
Obesity:No,0,0,0.0
Obesity:No,0,0,0.0
Obesity:No,0,0,6.3085698821717664e-226
Obesity:No,0,0,0.0
Obesity:No,0,0,0.0
Obesity:No,0,0,0.0
Obesity:No,0,0,0.0
Obesity:No,0,0,2.7102109057378206e-219
Obesity:No,0,0,0.0
Obesity:No,0,0,5.023941367319389e-275
Obesity:No,0,0,2.2344379595225727e-242
Obesity:No,0,0,2.4934327946830847e-68
Obesity:No,0,0,2.1270727920495105e-200
Obesity:No,0,0,0.0
Obesity:No,0,0,0.0
Obesity:No,0,0,5.085190541572098e-113
Obesity:No,0,0,0.0
Obesity:No,0,0,1.0109885924749904e-231
Obesity:No,0,0,0.0
Obesity:No,0,0,0.0
Obesity:No,0,0,0.0
Obesity:No,0,0,0.0
Obesity:No,0,0,1.4479935639406901e-235
Obesity:No,0,0,1.4160292276429708e-167
Obesity:No,0,0,8.308628114734475e-196
Obesity:No,0,0,2.410044354218649e-263
Obesity:No,0,0,0.0
Obesity:No,0,0,0.0
Obesity:No,0,0,0.0
Obesity:No,0,0,6.474284706518181e-282
Obesity:No,0,0,0.0
Obesity:No,0,0,0.0
Obesity:No,0,0,2.0066322935556796e-282
Obesity:No,0,0,0.0
Obesity:No,0,0,2.938138857474762e-103
Obesity:No,0,0,1.563524309854694e-165
Obesity:No,1,0,9.576508029062878e-167
Obesity:No,0,0,5.077301085485915e-143
Obesity:No,0,0,0.0
Obesity:No,0,0,6.889041627263207e-203
Obesity:No,0,0,0.0
Obesity:No,0,0,0.0
Obesity:No,0,0,0.0
Obesity:No,0,0,1.4447880556119085e-260
Obesity:No,0,0,0.0
Obesity:No,0,0,3.770859573985049e-229
Obesity:No,0,0,1.6270235798966545e-153
Obesity:No,0,0,6.654383033421336e-301
Obesity:No,0,0,0.0
Obesity:No,0,0,1.0789346055815946e-250
Obesity:No,0,0,0.0
Obesity:No,0,0,0.0
Obesity:No,0,0,0.0
Obesity:No,0,0,0.0
Obesity:No,0,0,1.7507635521676342e-267
Obesity:No,0,0,1.4558651207026933e-246
Obesity:No,0,0,1.7413691515569816e-180
Obesity:No,0,0,0.0
Obesity:No,0,0,0.0
Obesity:No,0,0,0.0
Obesity:No,0,0,0.0
Obesity:No,0,0,0.0
Obesity:No,0,0,0.0
Obesity:No,0,0,0.0
Obesity:No,0,0,0.0
Obesity:No,0,0,5.791105020985348e-272
Obesity:No,0,0,0.0
Obesity:No,0,0,1.5976634918626963e-182
Obesity:No,0,0,0.0
Obesity:No,0,0,0.0
Obesity:No,0,0,0.0
Obesity:No,0,0,0.0
Obesity:No,0,0,9.400702087131877e-218
Obesity:No,0,0,1.65764011054687e-224
Obesity:No,0,0,1.3964796762175479e-293
Obesity:No,0,0,0.0
Obesity:No,0,0,0.0
Obesity:No,0,0,1.1786709673487458e-245
Obesity:No,0,0,0.0
Obesity:No,0,0,9.76471054019703e-94
Obesity:No,0,0,1.8729571324695586e-186
Obesity:No,0,0,0.0
Obesity:No,0,0,0.0
Obesity:No,0,0,0.0
Obesity:No,0,0,6.665785600337271e-227
Obesity:No,0,0,0.0
Obesity:No,0,0,3.5166028057720336e-197
Obesity:No,0,0,0.0
Obesity:No,0,0,0.0
Obesity:No,0,1,1.0
Obesity:No,0,0,1.7835279921652e-158
Obesity:No,0,0,0.0
Obesity:No,0,0,7.313749769556823e-255
Obesity:No,0,0,0.0
Obesity:No,0,0,5.325829121683155e-307
Obesity:No,0,0,7.415211040765076e-222
Obesity:No,0,0,0.0
Obesity:No,0,0,1.0566825807446795e-237
Obesity:No,0,0,0.0
Obesity:No,0,0,0.0
Obesity:No,0,0,0.0
Obesity:No,0,0,7.979023442842481e-276
Obesity:No,0,0,0.0
Obesity:No,0,0,0.0
Obesity:No,0,0,0.0
Obesity:No,0,0,1.188879824962127e-146
Obesity:No,0,0,0.0
Obesity:No,0,0,0.0
Obesity:No,0,0,0.0
Obesity:No,0,0,2.0443792872715367e-288
Obesity:No,0,0,0.0
Obesity:No,0,0,3.947300831050909e-186
Obesity:No,0,0,3.5990890584346717e-271
Obesity:No,0,0,0.0
Obesity:No,0,0,6.173097612713659e-44
Obesity:No,0,0,0.0
Obesity:No,0,0,0.0
Obesity:No,0,0,0.0
Obesity:No,0,0,0.0
Obesity:No,0,0,0.0
Obesity:No,0,0,0.0
Obesity:No,0,0,0.0
Obesity:No,0,0,1.0179295031483302e-246
Obesity:No,0,0,0.0
Obesity:No,0,0,6.688594409250848e-273
Obesity:No,0,0,1.8917132048898214e-115
Obesity:No,0,0,0.0
Obesity:No,0,0,0.0
Obesity:No,0,0,0.0
Obesity:No,0,0,0.0
Obesity:No,0,0,0.0
Obesity:No,0,0,0.0
Obesity:No,0,0,0.0
Obesity:No,0,0,0.0
Obesity:No,0,0,0.0
Obesity:No,0,0,0.0
Obesity:No,0,0,0.0
Obesity:No,0,0,0.0
Obesity:No,0,0,0.0
Obesity:No,0,0,0.0
Obesity:No,0,0,2.155460042367383e-155
Obesity:No,0,0,4.978039634216311e-286
Obesity:No,0,0,1.584924533006967e-194
Obesity:No,0,0,0.0
Obesity:No,0,0,5.558650322190102e-232
Obesity:No,0,0,2.4761095981007093e-276
Obesity:No,0,0,0.0
Obesity:No,0,0,1.2788230488906287e-250
Obesity:No,0,0,0.0
Obesity:No,0,0,3.522625552290047e-281
Obesity:No,0,0,0.0
Obesity:No,0,0,0.0
Obesity:No,0,0,0.0
Obesity:No,0,0,0.0
Obesity:No,0,0,0.0
Obesity:No,0,0,0.0
Obesity:No,0,0,0.0
Obesity:No,0,0,0.0
Obesity:No,0,0,8.045933318537787e-105
Obesity:No,0,0,0.0
Obesity:No,0,0,0.0
Obesity:No,0,0,4.068443121348185e-188
Obesity:No,0,0,0.0
Obesity:No,0,0,0.0
Obesity:No,0,0,3.2230885877446836e-274
Obesity:No,0,0,0.0
Obesity:No,0,0,1.8656919238297584e-172
Obesity:No,0,0,0.0
Obesity:No,0,0,0.0
Obesity:No,0,0,0.0
Obesity:No,0,0,0.0
Obesity:No,0,0,0.0
Obesity:No,0,0,3.37189500382973e-224
Obesity:No,0,0,0.0
Obesity:No,0,0,1.3201977729535614e-246
Obesity:No,0,0,0.0
Obesity:No,0,0,0.0
Obesity:No,0,0,0.0
Obesity:No,0,0,0.0
Obesity:No,0,0,0.0
Obesity:No,0,0,0.0
Obesity:No,0,0,1.174678487210451e-195
Obesity:No,0,0,3.216595273558643e-152
Obesity:No,0,0,0.0
Obesity:No,0,0,0.0
Obesity:No,0,0,7.314181054928236e-270
Obesity:No,0,0,0.0
Obesity:No,0,0,0.0
Obesity:No,0,0,0.0
Obesity:No,0,0,0.0
Obesity:No,0,0,0.0
Obesity:No,0,0,0.0
Obesity:No,0,0,0.0
Obesity:No,0,0,0.0
Obesity:No,0,0,6.708279619705831e-203
Obesity:No,0,0,2.7236144859783e-253
Obesity:No,0,0,0.0
Obesity:No,0,0,0.0
Obesity:No,0,0,0.0
Obesity:No,0,0,0.0
Obesity:No,0,0,0.0
Obesity:No,0,0,7.729794306349723e-231
Obesity:No,0,0,2.125534923464575e-202
Obesity:No,0,0,5.070219502740886e-283
Obesity:No,0,0,0.0
Obesity:No,0,0,2.0941728484867835e-132
Obesity:No,0,0,0.0
Obesity:No,0,0,0.0
Obesity:No,0,0,1.7146482178816542e-231
Obesity:No,0,0,0.0
Obesity:No,0,0,2.409270578964903e-166
Obesity:No,0,0,5.027112282090245e-245
Obesity:No,0,0,0.0
Obesity:No,0,0,0.0
Obesity:No,0,0,0.0
Obesity:No,0,0,9.329351660076431e-301
Obesity:No,0,0,0.0
Obesity:No,0,0,3.582615526427699e-249
Obesity:No,0,0,3.5758199014866616e-157
Obesity:No,0,0,1.4718639116601797e-233
Obesity:No,0,0,0.0
Obesity:No,0,0,0.0
Obesity:No,0,0,4.6192584268465776e-300
Obesity:No,0,0,0.0
Obesity:No,0,0,0.0
Obesity:No,0,0,1.0598362244642473e-308
Obesity:No,0,0,3.4993061072950533e-192
Obesity:No,0,0,0.0
Obesity:No,0,0,0.0
Obesity:No,0,0,0.0
Obesity:No,0,0,0.0
Obesity:No,0,0,0.0
Obesity:No,1,0,0.0
Obesity:No,0,0,1.8008239617809877e-209
Obesity:No,0,0,2.9630823665672856e-160
Obesity:No,0,0,2.5439609147898955e-226
Obesity:No,0,0,0.0
Obesity:No,0,0,0.0
Obesity:No,0,0,9.26465609715029e-279
Obesity:No,0,0,0.0
Obesity:No,0,0,0.0
Obesity:No,0,0,0.0
Obesity:No,0,0,0.0
Obesity:No,0,0,6.292830153939005e-179
Obesity:No,0,0,0.0
Obesity:No,0,0,0.0
Obesity:No,0,0,5.100763739073949e-231
Obesity:No,0,0,1.933273177966522e-308
Obesity:No,0,0,0.0
Obesity:No,0,0,0.0
Obesity:No,0,0,6.471157279736123e-205
Obesity:No,0,0,0.0
Obesity:No,0,0,5.762110341340208e-155
Obesity:No,0,0,0.0
Obesity:No,0,0,3.228164188362037e-293
Obesity:No,0,0,5.330483919279152e-270
Obesity:No,0,0,0.0
Obesity:No,0,0,0.0
Obesity:No,0,0,0.0
Obesity:No,0,0,0.0
Obesity:No,0,0,1.1404968603203882e-166
Obesity:No,0,0,8.707156954863172e-306
Obesity:No,0,0,6.92204664149122e-73
Obesity:No,0,0,0.0
Obesity:No,0,0,0.0
Obesity:No,0,0,8.15755503098452e-240
Obesity:No,1,0,1.1322250731180159e-236
Obesity:No,0,0,0.0
Obesity:No,0,0,0.0
Obesity:No,0,0,0.0
Obesity:No,0,0,2.3986587082406793e-297
Obesity:No,0,0,4.0945298363031195e-165
Obesity:No,0,0,9.432526249324347e-281
Obesity:No,0,0,5.575848998911948e-171
Obesity:No,0,0,0.0
Obesity:No,0,0,0.0
Obesity:No,0,0,0.0
Obesity:No,0,0,0.0
Obesity:No,0,0,2.2485978370148662e-182
Obesity:No,0,0,0.0
Obesity:No,0,0,6.475454117041573e-100
Obesity:No,0,0,0.0
Obesity:No,0,0,1.7971570225312267e-186
Obesity:No,0,0,9.429321930982688e-255
Obesity:No,0,0,0.0
Obesity:No,0,0,6.226373349105893e-258
Obesity:No,0,0,0.0
Obesity:No,0,0,3.4494445409672716e-117
Obesity:No,0,0,2.0538250751977625e-282
Obesity:No,0,0,4.830120724970002e-278
Obesity:No,0,0,0.0
Obesity:No,0,0,0.0
Obesity:No,0,0,5.8346588815457064e-276
Obesity:No,0,0,9.26331527796406e-308
Obesity:No,0,0,0.0
Obesity:No,0,0,9.762772093617045e-240
Obesity:No,0,0,0.0
Obesity:No,0,0,0.0
Obesity:No,0,0,0.0
Obesity:No,0,0,2.424518858956884e-168
Obesity:No,0,1,1.0
Obesity:No,0,0,7.125724010924444e-297
Obesity:No,0,0,0.0
Obesity:No,0,0,0.0
Obesity:No,0,0,1.0187162363385767e-295
Obesity:No,0,0,0.0
Obesity:No,0,0,0.0
Obesity:No,0,0,1.2964198004506394e-228
Obesity:No,0,0,0.0
Obesity:No,0,0,0.0
Obesity:No,0,0,1.2731841225175944e-205
Obesity:No,0,0,3.580250320117446e-86
Obesity:No,0,0,0.0
Obesity:No,0,0,7.727659230495913e-302
Obesity:No,0,0,0.0
Obesity:No,0,0,2.2550438875311454e-279
Obesity:No,0,0,3.126342377400979e-268
Obesity:No,0,0,0.0
Obesity:No,0,0,3.472780597101493e-269
Obesity:No,0,0,4.381619280237478e-181
Obesity:No,0,0,0.0
Obesity:No,0,0,0.0
Obesity:No,0,0,1.4435374719025337e-229
Obesity:No,0,0,2.913884186704213e-298
Obesity:No,0,0,0.0
Obesity:No,0,0,1.411719526852661e-118
Obesity:No,0,0,0.0
Obesity:No,1,0,6.2491364185062645e-223
Obesity:No,0,0,0.0
Obesity:No,0,0,0.0
Obesity:No,0,0,0.0
Obesity:No,0,0,0.0
Obesity:No,0,0,0.0
Obesity:No,0,0,8.014266585945782e-294
Obesity:No,0,0,0.0
Obesity:No,0,0,4.620447909644797e-136
Obesity:No,0,0,0.0
Obesity:No,0,0,0.0
Obesity:No,0,0,1.43530468288156e-302
Obesity:No,0,0,0.0
Obesity:No,0,0,8.365948745537234e-294
Obesity:No,0,0,0.0
Obesity:No,0,0,0.0
Obesity:No,0,0,0.0
Obesity:No,0,0,3.105821567703405e-104
Obesity:No,0,0,0.0
Obesity:No,0,0,0.0
Obesity:No,0,0,2.1205159285491388e-262
Obesity:No,0,0,4.918565039277982e-269
Obesity:No,0,0,0.0
Obesity:No,0,0,0.0
Obesity:No,0,0,0.0
Obesity:No,0,0,1.808270102941877e-258
Obesity:No,0,0,0.0
Obesity:No,0,0,0.0
Obesity:No,0,0,0.0
Obesity:No,0,0,8.435791023038289e-76
Obesity:No,0,0,2.2535097948755934e-259
Obesity:No,0,0,0.0
Obesity:No,0,0,1.6324607767022212e-244
Obesity:No,0,0,7.725200398647395e-301
Obesity:No,0,0,0.0
Obesity:No,0,0,7.571283453984245e-292
Obesity:No,0,0,1.1754324123821721e-228
Obesity:No,0,0,5.052663299708817e-131
Obesity:No,0,0,0.0
Obesity:No,0,0,7.021640293001458e-218
Obesity:No,0,0,0.0
Obesity:No,0,0,1.4761168351368452e-71
Obesity:No,0,0,0.0
Obesity:No,0,0,0.0
Obesity:No,0,0,4.300417294291825e-214
Obesity:No,0,0,9.145297686282424e-155
Obesity:No,0,0,0.0
Obesity:No,0,0,0.0
Obesity:No,0,0,0.0
Obesity:No,0,0,0.0
Obesity:No,0,0,0.0
Obesity:No,0,0,0.0
Obesity:No,0,0,1.0464695682739712e-231
Obesity:No,0,0,4.35150679820117e-160
Obesity:No,0,0,8.575972671727151e-283
Obesity:No,0,0,0.0
Obesity:No,0,0,2.9243062896672126e-295
Obesity:No,0,0,7.219141962512517e-246
Obesity:No,0,0,4.2697847492787346e-232
Obesity:No,1,0,1.1363950906758609e-266
Obesity:No,0,0,9.74332384921683e-294
Obesity:No,0,0,0.0
Obesity:No,0,0,0.0
Obesity:No,0,0,0.0
Obesity:No,0,0,3.036733014124235e-237
Obesity:No,0,0,2.4025410552928424e-287
Obesity:No,0,0,0.0
Obesity:No,0,0,1.0955438650785781e-178
Obesity:No,0,0,0.0
Obesity:No,0,0,1.2230933498827212e-108
Obesity:No,0,0,3.810825707044566e-285
Obesity:No,0,0,0.0
Obesity:No,0,0,0.0
Obesity:No,0,0,0.0
Obesity:No,0,0,4.4238881783823894e-94
Obesity:No,0,0,0.0
Obesity:No,0,0,9.316874119007585e-287
Obesity:No,0,0,0.0
Obesity:No,0,0,1.4010276612387864e-216
Obesity:No,0,0,9.119582791404619e-234
Obesity:No,0,0,1.262611635028477e-193
Obesity:No,0,0,0.0
Obesity:No,0,0,0.0
Obesity:No,0,0,3.318905644651722e-249
Obesity:No,0,0,0.0
Obesity:No,0,0,0.0
Obesity:No,0,0,5.652540813117721e-270
Obesity:No,0,0,0.0
Obesity:No,0,0,1.1339518834465972e-108
Obesity:No,0,0,0.0
Obesity:No,0,0,3.4091735621866973e-270
Obesity:No,1,0,1.3448016170438953e-28
Obesity:No,0,0,1.073963427556426e-132
Obesity:No,0,0,0.0
Obesity:No,0,0,2.853959136970378e-203
Obesity:No,0,0,0.0
Obesity:No,0,0,0.0
Obesity:No,0,0,0.0
Obesity:No,0,0,0.0
Obesity:No,0,0,8.231490400195873e-243
Obesity:No,0,0,1.0441337334644995e-255
Obesity:No,0,0,0.0
Obesity:No,0,0,0.0
Obesity:No,0,0,1.753939981862919e-16
Obesity:No,0,0,0.0
Obesity:No,0,0,1.367911824689143e-197
Obesity:No,0,0,6.393788437128894e-271
Obesity:No,0,0,0.0
Obesity:No,0,0,0.0
Obesity:No,0,0,0.0
Obesity:No,0,0,0.0
Obesity:No,0,0,2.3865942202730284e-183
Obesity:No,0,0,0.0
Obesity:No,0,0,4.458243021691742e-227
Obesity:No,0,0,5.964407983459272e-294
Obesity:No,0,0,0.0
Obesity:No,0,0,0.0
Obesity:No,0,0,0.0
Obesity:No,0,0,4.85302028776742e-236
Obesity:No,0,0,3.8127927064382704e-279
Obesity:No,0,0,0.0
Obesity:No,0,0,2.871870836019889e-105
Obesity:No,0,0,1.0688306918189604e-292
Obesity:No,0,0,2.9066558759020705e-205
Obesity:No,0,0,0.0
Obesity:No,0,0,2.5005554617504767e-287
Obesity:No,0,0,3.17601236402289e-139
Obesity:No,0,0,5.673214089378116e-250
Obesity:No,0,0,7.061972257755078e-207
Obesity:No,0,0,0.0
Obesity:No,0,0,0.0
Obesity:No,0,0,0.0
Obesity:No,0,0,0.0
Obesity:No,0,0,0.0
Obesity:No,0,0,2.1605878536331552e-190
Obesity:No,0,0,0.0
Obesity:No,0,0,2.0912495686377934e-240
Obesity:No,0,0,0.0
Obesity:No,0,0,0.0
Obesity:No,0,0,0.0
Obesity:No,0,0,0.0
Obesity:No,0,0,0.0
Obesity:No,0,0,0.0
Obesity:No,0,0,9.979871823301324e-303
Obesity:No,0,0,0.0
Obesity:No,0,0,1.5339839610874073e-98
Obesity:No,0,0,3.0339868311265553e-307
Obesity:No,0,0,2.5601972462688547e-307
Obesity:No,0,0,5.866536245636565e-254
Obesity:No,0,0,7.329925777819783e-183
Obesity:No,0,0,0.0
Obesity:No,0,0,2.98353954586699e-255
Obesity:No,0,0,0.0
Obesity:No,0,0,7.195198583653298e-223
Obesity:No,0,0,0.0
Obesity:No,0,0,0.0
Obesity:No,0,0,0.0
Obesity:No,0,0,2.208582679516455e-120
Obesity:No,0,1,1.0
Obesity:No,0,0,0.0
Obesity:No,0,0,2.704269733326607e-187
Obesity:No,0,0,0.0
Obesity:No,0,0,0.0
Obesity:No,0,0,1.424390188105143e-55
Obesity:No,0,0,0.0
Obesity:No,0,0,0.0
Obesity:No,0,0,1.2207565811108247e-304
Obesity:No,0,0,0.0
Obesity:No,0,0,0.0
Obesity:No,0,0,0.0
Obesity:No,0,0,0.0
Obesity:No,0,0,0.0
Obesity:No,0,0,0.0
Obesity:No,0,0,0.0
Obesity:No,0,0,0.0
Obesity:No,0,0,0.0
Obesity:No,0,0,0.0
Obesity:No,0,0,0.0
Obesity:No,0,0,0.0
Obesity:No,0,0,0.0
Obesity:No,0,0,8.54807139270627e-236
Obesity:No,0,0,2.086609569645819e-98
Obesity:No,0,0,2.606109081037598e-305
Obesity:No,0,0,4.7007157440849605e-101
Obesity:No,0,0,0.0
Obesity:No,0,0,0.0
Obesity:No,0,0,0.0
Obesity:No,0,0,0.0
Obesity:No,0,0,1.0883261840379464e-224
Obesity:No,0,0,0.0
Obesity:No,0,0,0.0
Obesity:No,0,0,9.414479768854941e-228
Obesity:No,0,0,0.0
Obesity:No,0,0,0.0
Obesity:No,0,0,0.0
Obesity:No,0,0,1.788861995397841e-225
Obesity:No,0,0,1.0432217221836913e-305
Obesity:No,0,0,2.046533079727529e-242
Obesity:No,0,0,2.554934272850432e-165
Obesity:No,0,0,6.422915893104649e-108
Obesity:No,1,0,2.3510419149584965e-284
Obesity:No,0,0,8.271397106388381e-146
Obesity:No,0,0,0.0
Obesity:No,0,0,4.9516511744088596e-158
Obesity:No,0,0,0.0
Obesity:No,0,0,4.490310152490506e-190
Obesity:No,0,0,0.0
Obesity:No,0,0,0.0
Obesity:No,0,0,0.0
Obesity:No,0,0,0.0
Obesity:No,0,0,2.670043911310769e-40
Obesity:No,0,0,1.8686712840933512e-53
Obesity:No,0,0,8.664360867611922e-212
Obesity:No,0,0,0.0
Obesity:No,0,0,2.3500163924609418e-197
Obesity:No,0,0,0.0
Obesity:No,0,0,3.599550521819399e-303
Obesity:No,0,0,0.0
Obesity:No,0,0,0.0
Obesity:No,0,0,4.180737817251158e-270
Obesity:No,0,0,0.0
Obesity:No,0,0,2.1710836065594196e-250
Obesity:No,0,0,0.0
Obesity:No,0,0,0.0
Obesity:No,0,0,1.2036143168209822e-147
Obesity:No,0,0,0.0
Obesity:No,0,0,1.863313465907285e-188
Obesity:No,0,0,0.0
Obesity:No,0,0,0.0
Obesity:No,0,0,0.0
Obesity:No,0,0,8.222721830831874e-270
Obesity:No,0,0,0.0
Obesity:No,0,0,0.0
Obesity:No,0,0,2.0262396700598966e-175
Obesity:No,0,0,0.0
Obesity:No,1,0,0.0
Obesity:No,0,0,0.0
Obesity:No,0,0,4.171757316162363e-292
Obesity:No,0,0,0.0
Obesity:No,0,0,0.0
Obesity:No,0,0,2.9675247878078776e-297
Obesity:No,0,0,0.0
Obesity:No,0,0,2.6168791437048918e-102
Obesity:No,0,0,0.0
Obesity:No,0,0,0.0
Obesity:No,0,0,2.272048796157918e-112
Obesity:No,0,0,6.493552407052367e-283
Obesity:No,0,0,0.0
Obesity:No,0,0,0.0
Obesity:No,0,0,3.469421166844205e-163
Obesity:No,0,0,4.614316015739916e-273
Obesity:No,0,0,7.20034292321156e-253
Obesity:No,0,1,1.0
Obesity:No,0,0,0.0
Obesity:No,0,0,0.0
Obesity:No,0,0,0.0
Obesity:No,0,0,0.0
Obesity:No,0,0,4.9304897983064155e-264
Obesity:No,0,0,3.9414273967308863e-246
Obesity:No,0,0,0.0
Obesity:No,0,0,0.0
Obesity:No,0,0,1.6990615809691587e-121
Obesity:No,0,0,4.624459401122468e-40
Obesity:No,0,0,3.8231792465385886e-210
Obesity:No,0,0,0.0
Obesity:No,0,0,0.0
Obesity:No,0,0,1.2668324793595808e-179
Obesity:No,0,0,0.0
Obesity:No,0,0,1.2411624638260177e-272
Obesity:No,0,0,1.6635822204075867e-168
Obesity:No,0,0,0.0
Obesity:No,0,0,0.0
Obesity:No,0,0,3.8768102560993327e-230
Obesity:No,0,0,9.073704444029633e-223
Obesity:No,0,0,0.0
Obesity:No,0,0,0.0
Obesity:No,0,0,0.0
Obesity:No,0,0,1.899881951489553e-271
Obesity:No,0,0,1.1641765627927381e-251
Obesity:No,0,0,2.132542104146741e-256
Obesity:No,0,0,3.797032763142393e-307
Obesity:No,0,0,2.8183014731118417e-265
Obesity:No,0,0,9.949322866992424e-286
Obesity:No,0,0,8.265807560754467e-287
Obesity:No,0,0,0.0
Obesity:No,0,0,0.0
Obesity:No,0,0,0.0
Obesity:No,1,0,0.0
Obesity:No,0,0,0.0
Obesity:No,0,0,0.0
Obesity:No,0,0,0.0
Obesity:No,0,0,0.0
Obesity:No,0,0,0.0
Obesity:No,0,0,0.0
Obesity:No,0,0,1.5055433476814889e-60
Obesity:No,0,0,0.0
Obesity:No,0,0,2.387203456495337e-168
Obesity:No,0,0,8.663327704321454e-53
Obesity:No,0,0,4.2635817312021755e-155
Obesity:No,0,0,0.0
Obesity:No,0,0,0.0
Obesity:No,0,0,0.0
Obesity:No,0,0,0.0
Obesity:No,0,0,0.0
Obesity:No,0,0,2.1296130673493028e-293
Obesity:No,0,0,0.0
Obesity:No,1,0,1.2017622724936226e-261
Obesity:No,0,0,0.0
Obesity:No,0,0,4.383198121147692e-205
Obesity:No,0,0,3.929225769787401e-297
Obesity:No,0,0,0.0
Obesity:No,0,0,0.0
Obesity:No,0,0,0.0
Obesity:No,0,0,5.466437541782709e-224
Obesity:No,0,0,1.0401822057502552e-299
Obesity:No,0,0,0.0
Obesity:No,0,0,0.0
Obesity:No,0,0,3.76056545056521e-240
Obesity:No,0,0,0.0
Obesity:No,0,0,3.0006152975230982e-292
Obesity:No,0,0,0.0
Obesity:No,0,0,0.0
Obesity:No,0,0,0.0
Obesity:No,0,0,5.8995745408214646e-248
Obesity:No,0,0,0.0
Obesity:No,0,0,1.3233662536282501e-303
Obesity:No,0,0,0.0
Obesity:No,0,0,0.0
Obesity:No,0,0,1.6522899367320662e-180
Obesity:No,0,0,0.0
Obesity:No,0,0,0.0
Obesity:No,0,0,0.0
Obesity:No,0,0,4.4667871910750145e-262
Obesity:No,0,0,5.192037498910117e-308
Obesity:No,0,0,2.1271443158575782e-287
Obesity:No,0,0,1.0228759727722845e-155
Obesity:No,0,0,0.0
Obesity:No,0,0,9.362122270580395e-243
Obesity:No,0,0,0.0
Obesity:No,0,0,1.8016356425713285e-269
Obesity:No,0,0,0.0
Obesity:No,0,0,0.0
Obesity:No,0,0,2.809260903103105e-290
Obesity:No,0,0,0.0
Obesity:No,0,0,1.5257167476920254e-123
Obesity:No,0,0,0.0
Obesity:No,0,0,2.0991502094249023e-285
Obesity:No,0,0,1.4841226064554995e-146
Obesity:No,0,0,0.0
Obesity:No,0,0,3.5764693153182443e-180
Obesity:No,0,0,0.0
Obesity:No,0,0,0.0
Obesity:No,0,0,0.0
Obesity:No,0,0,8.155430269483159e-262
Obesity:No,0,0,3.9069062658958706e-272
Obesity:No,0,0,0.0
Obesity:No,0,0,0.0
Obesity:No,0,0,5.730160680696204e-197
Obesity:No,0,0,0.0
Obesity:No,0,0,0.0
Obesity:No,0,0,0.0
Obesity:No,0,0,2.20425258381619e-308
Obesity:No,1,0,0.0
Obesity:No,0,0,0.0
Obesity:No,0,0,0.0
Obesity:No,0,0,0.0
Obesity:No,0,0,0.0
Obesity:No,0,0,0.0
Obesity:No,0,0,0.0
Obesity:No,0,0,0.0
Obesity:No,0,0,1.174665138098625e-272
Obesity:No,0,0,0.0
Obesity:No,0,0,0.0
Obesity:No,0,0,4.7226312835634975e-177
Obesity:No,0,0,0.0
Obesity:No,0,0,5.483813762255609e-157
Obesity:No,0,0,8.293676421335206e-115
Obesity:No,0,0,3.743110675185639e-91
Obesity:No,0,0,1.4940292140073626e-280
Obesity:No,0,0,0.0
Obesity:No,0,0,1.1223099554032408e-167
Obesity:No,0,0,0.0
Obesity:No,0,0,0.0
Obesity:No,0,0,1.3204827368048936e-128
Obesity:No,0,0,1.8974904986576708e-136
Obesity:No,0,0,1.6448468217727678e-277
Obesity:No,0,0,4.694850820612414e-216
Obesity:No,0,0,0.0
Obesity:No,0,0,4.2865374050052815e-251
Obesity:No,0,0,0.0
Obesity:No,0,0,0.0
Obesity:No,0,0,1.3931575198125558e-231
Obesity:No,0,0,3.9482941527258974e-235
Obesity:No,0,0,0.0
Obesity:No,0,0,0.0
Obesity:No,1,0,5.21620162757269e-258
Obesity:No,0,0,6.158414452945246e-302
Obesity:No,0,0,0.0
Obesity:No,0,0,0.0
Obesity:No,0,0,0.0
Obesity:No,0,0,0.0
Obesity:No,0,0,0.0
Obesity:No,0,0,5.1501086592789e-294
Obesity:No,0,0,0.0
Obesity:No,0,0,0.0
Obesity:No,0,0,0.0
Obesity:No,0,0,0.0
Obesity:No,0,0,0.0
Obesity:No,0,0,0.0
Obesity:No,0,0,0.0
Obesity:No,0,0,1.2800137353719232e-249
Obesity:No,0,0,1.3330914015794667e-203
Obesity:No,0,0,0.0
Obesity:No,0,0,0.0
Obesity:No,0,0,2.0007756983850257e-244
Obesity:No,0,0,0.0
Obesity:No,0,0,1.0889778172165993e-199
Obesity:No,0,0,2.0614287679623196e-173
Obesity:No,0,0,7.324242323926384e-283
Obesity:No,0,0,0.0
Obesity:No,0,0,0.0
Obesity:No,0,0,0.0
Obesity:No,0,0,0.0
Obesity:No,0,0,0.0
Obesity:No,0,0,0.0
Obesity:No,0,0,7.358159532160573e-276
Obesity:No,0,0,1.571549606272965e-156
Obesity:No,0,0,0.0
Obesity:No,0,0,4.484059941672055e-219
Obesity:No,0,0,0.0
Obesity:No,0,0,1.6621728405206571e-84
Obesity:No,0,0,8.531607568593305e-230
Obesity:No,0,0,0.0
Obesity:No,0,0,0.0
Obesity:No,0,0,1.101316306131208e-153
Obesity:No,0,0,0.0
Obesity:No,0,0,0.0
Obesity:No,0,0,0.0
Obesity:No,0,0,0.0
Obesity:No,0,0,2.9348267848227045e-239
Obesity:No,0,0,0.0
Obesity:No,0,0,0.0
Obesity:No,0,0,1.239090284088973e-287
Obesity:No,0,0,1.1210768752132998e-241
Obesity:No,0,0,0.0
Obesity:No,0,0,1.448030475774106e-307
Obesity:No,0,0,0.0
Obesity:No,0,0,0.0
Obesity:No,0,0,2.698106761619295e-180
Obesity:No,0,0,3.269261147541239e-263
Obesity:No,0,0,0.0
Obesity:No,0,0,1.7097144387869423e-195
Obesity:No,0,0,7.056395108871476e-294
Obesity:No,0,0,1.6330528746400616e-269
Obesity:No,0,0,0.0
Obesity:No,0,0,1.334464862932616e-234
Obesity:No,0,0,3.329294017367665e-284
Obesity:No,0,0,0.0
Obesity:No,0,0,0.0
Obesity:No,0,0,0.0
Obesity:No,0,0,2.7171527152768607e-217
Obesity:No,0,0,2.1137929433412753e-275
Obesity:No,1,0,7.198668693592256e-248
Obesity:No,0,0,0.0
Obesity:No,0,0,0.0
Obesity:No,0,0,0.0
Obesity:No,0,0,0.0
Obesity:No,0,0,8.267282926298256e-130
Obesity:No,0,0,0.0
Obesity:No,0,0,0.0
Obesity:No,0,0,0.0
Obesity:No,0,0,0.0
Obesity:No,0,0,0.0
Obesity:No,0,0,1.3295399591694952e-94
Obesity:No,0,0,0.0
Obesity:No,0,0,0.0
Obesity:No,0,0,0.0
Obesity:No,0,0,0.0
Obesity:No,0,0,0.0
Obesity:No,0,0,0.0
Obesity:No,0,0,1.0939910438061742e-254
Obesity:No,0,0,0.0
Obesity:No,0,0,6.5906468208501245e-180
Obesity:No,0,0,4.507393615722706e-233
Obesity:No,0,0,0.0
Obesity:No,0,0,1.1217672194860446e-305
Obesity:No,0,0,0.0
Obesity:No,0,0,4.2034998934330136e-144
Obesity:No,0,0,0.0
Obesity:No,0,0,8.789744292812199e-147
Obesity:No,0,0,4.852173901837393e-283
Obesity:No,0,0,1.4415139829169279e-214
Obesity:No,0,0,8.316116858319889e-218
Obesity:No,0,0,0.0
Obesity:No,0,0,0.0
Obesity:No,0,0,3.873660394201366e-173
Obesity:No,0,0,0.0
Obesity:No,0,0,0.0
Obesity:No,0,0,0.0
Obesity:No,0,0,2.5094335620191224e-151
Obesity:No,0,0,0.0
Obesity:No,0,0,0.0
Obesity:No,0,0,1.852125927629465e-280
Obesity:No,0,0,1.9462860086832245e-245
Obesity:No,0,0,0.0
Obesity:No,0,0,0.0
Obesity:No,0,0,0.0
Obesity:No,0,0,0.0
Obesity:No,0,0,5.925220126794797e-139
Obesity:No,0,0,7.411865696512822e-228
Obesity:No,0,0,4.192865291310284e-60
Obesity:No,0,0,0.0
Obesity:No,0,0,0.0
Obesity:No,0,0,0.0
Obesity:No,0,0,0.0
Obesity:No,0,0,6.067833500061339e-266
Obesity:No,0,0,0.0
Obesity:No,0,0,0.0
Obesity:No,0,0,2.1413389191499596e-262
Obesity:No,0,0,1.389568004327742e-193
Obesity:No,0,0,0.0
Obesity:No,0,0,0.0
Obesity:No,0,0,0.0
Obesity:No,0,0,0.0
Obesity:No,0,0,4.958456552270649e-08
Obesity:No,0,0,0.0
Obesity:No,0,0,1.955349634026389e-245
Obesity:No,0,0,2.6852356836591883e-201
Obesity:No,0,0,0.0
Obesity:No,0,0,0.0
Obesity:No,0,0,0.0
Obesity:No,0,0,0.0
Obesity:No,0,0,2.3068942047522918e-284
Obesity:No,0,0,0.0
Obesity:No,0,0,0.0
Obesity:No,0,0,0.0
Obesity:No,0,0,0.0
Obesity:No,0,0,0.0
Obesity:No,0,0,1.3218800082533083e-233
Obesity:No,0,0,0.0
Obesity:No,0,0,0.0
Obesity:No,0,0,0.0
Obesity:No,0,0,1.0281125648445773e-210
Obesity:No,0,0,1.2704009196160652e-297
Obesity:No,0,0,3.1480503624293776e-258
Obesity:No,0,0,4.070112989284135e-282
Obesity:No,0,0,0.0
Obesity:No,0,0,0.0
Obesity:No,0,0,0.0
Obesity:No,0,0,0.0
Obesity:No,0,0,1.6570678966455313e-195
Obesity:No,0,0,0.0
Obesity:No,0,0,0.0
Obesity:No,0,0,0.0
Obesity:No,0,0,5.690618855808475e-180
Obesity:No,0,0,1.5779584201089183e-159
Obesity:No,0,0,1.734402204009672e-221
Obesity:No,0,0,0.0
Obesity:No,0,0,0.0
Obesity:No,0,0,0.0
Obesity:No,0,0,0.0
Obesity:No,0,0,0.0
Obesity:No,0,0,0.0
Obesity:No,0,0,4.649567732898054e-230
Obesity:No,0,0,1.62077331028242e-276
Obesity:No,0,0,1.5898933480512616e-236
Obesity:No,0,0,0.0
Obesity:No,0,0,0.0
Obesity:No,0,0,0.0
Obesity:No,0,0,0.0
Obesity:No,1,0,0.0
Obesity:No,0,0,0.0
Obesity:No,0,0,1.731210341494469e-272
Obesity:No,0,0,0.0
Obesity:No,0,0,0.0
Obesity:No,0,0,0.0
Obesity:No,0,0,0.0
Obesity:No,0,0,0.0
Obesity:No,0,0,0.0
Obesity:No,0,0,0.0
Obesity:No,0,0,4.782260752048906e-155
Obesity:No,0,0,0.0
Obesity:No,0,0,3.7971983517838885e-301
Obesity:No,0,0,0.0
Obesity:No,0,0,0.0
Obesity:No,0,0,5.556091112891091e-294
Obesity:No,0,0,4.6483965723741e-302
Obesity:No,0,0,1.3898959985508926e-308
Obesity:No,0,0,2.4173175921950103e-91
Obesity:No,0,0,7.418560061733652e-166
Obesity:No,0,0,0.0
Obesity:No,0,0,0.0
Obesity:No,0,0,0.0
Obesity:No,0,0,0.0
Obesity:No,0,0,6.258818970204066e-242
Obesity:No,0,0,6.756694448060296e-276
Obesity:No,0,0,0.0
Obesity:No,0,0,1.1994992211127638e-294
Obesity:No,0,0,6.663923494053149e-276
Obesity:No,0,0,8.706093471500821e-247
Obesity:No,0,0,2.134133721627763e-262
Obesity:No,0,0,8.837221765202788e-297
Obesity:No,0,0,0.0
Obesity:No,0,0,0.0
Obesity:No,0,0,1.33634581697745e-237
Obesity:No,0,0,1.0004193585543097e-191
Obesity:No,0,0,6.339845391683703e-266
Obesity:No,0,0,0.0
Obesity:No,0,0,0.0
Obesity:No,0,0,1.0713612390506533e-308
Obesity:No,0,0,0.0
Obesity:No,0,0,0.0
Obesity:No,0,0,0.0
Obesity:No,0,0,0.0
Obesity:No,0,0,0.0
Obesity:No,0,0,0.0
Obesity:No,0,0,0.0
Obesity:No,0,0,0.0
Obesity:No,0,0,0.0
Obesity:No,0,0,0.0
Obesity:No,0,0,9.208824587881128e-136
Obesity:No,0,0,0.0
Obesity:No,0,0,3.0045525475157103e-161
Obesity:No,0,0,2.611897075458029e-262
Obesity:No,0,0,9.007935169247646e-307
Obesity:No,0,0,0.0
Obesity:No,0,0,2.1149600347182074e-278
Obesity:No,0,0,3.885698423576226e-267
Obesity:No,0,0,1.306985158178297e-210
Obesity:No,0,0,0.0
Obesity:No,0,0,0.0
Obesity:No,1,0,7.731925421259232e-169
Obesity:No,0,0,0.0
Obesity:No,0,0,2.31635249796666e-159
Obesity:No,0,0,0.0
Obesity:No,0,0,2.5914080402053436e-270
Obesity:No,0,0,7.27273320807692e-272
Obesity:No,0,0,7.76693537699741e-216
Obesity:No,0,0,0.0
Obesity:No,0,0,0.0
Obesity:No,0,0,0.0
Obesity:No,0,0,0.0
Obesity:No,0,0,1.632906138974548e-297
Obesity:No,0,0,0.0
Obesity:No,0,0,2.2565389103673313e-163
Obesity:No,0,0,0.0
Obesity:No,0,0,0.0
Obesity:No,0,0,8.438099541239988e-241
Obesity:No,0,0,0.0
Obesity:No,0,0,6.928879059762764e-268
Obesity:No,0,0,1.0618982888947842e-133
Obesity:No,0,0,1.1091995812048361e-277
Obesity:No,0,0,1.0045057882216398e-255
Obesity:No,0,0,0.0
Obesity:No,0,0,5.068347640324369e-168
Obesity:No,0,0,0.0003738764001836968
Obesity:No,0,0,0.0
Obesity:No,1,0,7.609800703005414e-299
Obesity:No,0,0,6.1022056738537575e-12
Obesity:No,0,0,8.89908162978602e-285
Obesity:No,0,0,2.0974019146569375e-161
Obesity:No,0,0,4.775801214549561e-280
Obesity:No,0,0,0.0
Obesity:No,0,0,0.0
Obesity:No,0,0,0.0
Obesity:No,0,0,7.868267837837196e-297
Obesity:No,0,0,1.177020386517268e-221
Obesity:No,0,0,0.0
Obesity:No,0,0,1.041778898697115e-296
Obesity:No,0,0,1.0381256213305658e-238
Obesity:No,0,0,1.4773947052425568e-153
Obesity:No,0,0,0.0
Obesity:No,0,0,0.0
Obesity:No,0,0,0.0
Obesity:No,0,0,0.0
Obesity:No,0,0,1.4558499083321536e-305
Obesity:No,0,0,1.7256212046022976e-222
Obesity:No,0,0,0.0
Obesity:No,0,0,0.0
Obesity:No,0,0,0.0
Obesity:No,0,0,4.9576542551164565e-183
Obesity:No,0,0,0.0
Obesity:No,0,0,3.0408002038875695e-223
Obesity:No,0,0,0.0
Obesity:No,0,0,0.0
Obesity:No,0,0,0.0
Obesity:No,0,0,0.0
Obesity:No,0,0,0.0
Obesity:No,0,0,5.322608232499312e-289
Obesity:No,0,0,4.5538361926720935e-281
Obesity:No,0,0,3.6633992865607965e-152
Obesity:No,0,0,0.0
Obesity:No,0,0,0.0
Obesity:No,0,0,0.0
Obesity:No,0,0,0.0
Obesity:No,0,0,0.0
Obesity:No,0,0,0.0
Obesity:No,0,0,0.0
Obesity:No,0,0,9.803060175917733e-284
Obesity:No,0,0,0.0
Obesity:No,0,0,0.0
Obesity:No,0,0,0.0
Obesity:No,0,0,2.732847860422774e-240
Obesity:No,0,0,0.0
Obesity:No,0,0,2.037460651726822e-152
Obesity:No,0,0,6.457881602234965e-155
Obesity:No,0,0,0.0
Obesity:No,0,0,1.9456700632003753e-118
Obesity:No,0,0,0.0
Obesity:No,0,0,3.4006857726424452e-208
Obesity:No,0,0,1.091967798034821e-69
Obesity:No,0,0,3.4519592916958014e-255
Obesity:No,0,0,2.8725040235607854e-195
Obesity:No,0,0,0.0
Obesity:No,0,0,0.0
Obesity:No,0,0,0.0
Obesity:No,0,0,1.1669807868562096e-179
Obesity:No,0,0,0.0
Obesity:No,0,0,1.547612146755618e-172
Obesity:No,0,0,1.4077879971853995e-223
Obesity:No,0,0,1.5516823919323333e-185
Obesity:No,0,0,6.147640700437325e-308
Obesity:No,0,0,0.0
Obesity:No,0,0,0.0
Obesity:No,0,0,0.0
Obesity:No,0,0,0.0
Obesity:No,0,0,0.0
Obesity:No,0,0,9.132002360922884e-231
Obesity:No,0,0,0.0
Obesity:No,0,0,6.391595929781376e-268
Obesity:No,0,0,0.0
Obesity:No,0,0,1.7212269434331198e-255
Obesity:No,0,0,0.0
Obesity:No,0,0,2.0558885328438658e-265
Obesity:No,0,0,0.0
Obesity:No,0,0,1.7024576365806735e-287
Obesity:No,0,0,0.0
Obesity:No,0,0,0.0
Obesity:No,0,0,0.0
Obesity:No,0,0,0.0
Obesity:No,0,0,7.907172636289677e-132
Obesity:No,0,0,0.0
Obesity:No,0,0,0.0
Obesity:No,0,0,0.0
Obesity:No,0,1,0.9999719874580639
Obesity:No,0,0,6.653858498548322e-207
Obesity:No,0,0,2.735264191399544e-293
Obesity:No,0,0,0.0
Obesity:No,0,0,9.280387331931494e-300
Obesity:No,0,0,2.870766954704199e-169
Obesity:No,0,0,3.197595868118669e-226
Obesity:No,0,0,6.7808701477540336e-195
Obesity:No,0,0,6.214057332063655e-244
Obesity:No,0,0,0.0
Obesity:No,0,0,0.0
Obesity:No,0,0,5.385715658225814e-173
Obesity:No,0,0,1.4106226232308836e-73
Obesity:No,0,0,0.0
Obesity:No,0,0,0.0
Obesity:No,0,0,9.156708124898847e-116
Obesity:No,0,0,4.2069926018181193e-237
Obesity:No,0,0,0.0
Obesity:No,0,0,0.0
Obesity:No,0,0,7.875127281159695e-80
Obesity:No,1,0,1.6667094321081451e-301
Obesity:No,0,0,1.34041307380081e-130
Obesity:No,0,0,0.0
Obesity:No,0,0,4.240319259291475e-190
Obesity:No,0,0,1.2068791797339576e-246
Obesity:No,0,0,0.0
Obesity:No,0,0,6.624782210644617e-309
Obesity:No,0,0,4.1048305965183786e-142
Obesity:No,0,0,0.0
Obesity:No,0,0,2.0021553751507809e-261
Obesity:No,0,0,1.2307541708288384e-308
Obesity:No,0,0,0.0
Obesity:No,0,0,3.285307725053671e-291
Obesity:No,0,0,0.0
Obesity:No,0,0,0.0
Obesity:No,0,0,0.0
Obesity:No,0,0,0.0
Obesity:No,0,0,1.1923193474558503e-111
Obesity:No,0,0,0.0
Obesity:No,0,0,0.0
Obesity:No,0,0,1.8949364700171434e-117
Obesity:No,0,0,0.0
Obesity:No,0,0,9.657591292685336e-173
Obesity:No,0,0,0.0
Obesity:No,0,0,0.0
Obesity:No,0,0,1.171094314574288e-104
Obesity:No,0,0,0.0
Obesity:No,0,0,8.437215172215481e-220
Obesity:No,0,0,0.0
Obesity:No,0,0,0.0
Obesity:No,0,0,1.26121913885038e-182
Obesity:No,0,0,0.0
Obesity:No,0,0,0.0
Obesity:No,0,0,1.3086888520475275e-21
Obesity:No,0,0,0.0
Obesity:No,0,0,1.3309470738937817e-212
Obesity:No,0,0,3.2174952004309794e-243
Obesity:No,0,0,5.084432376899473e-267
Obesity:No,0,0,4.245127367148352e-250
Obesity:No,0,0,9.170873960303358e-187
Obesity:No,0,0,0.0
Obesity:No,0,0,0.0
Obesity:No,0,0,0.0
Obesity:No,0,0,1.307526953627599e-112
Obesity:No,0,0,6.600090485936812e-246
Obesity:No,0,0,0.0
Obesity:No,0,0,0.0
Obesity:No,0,0,0.0
Obesity:No,0,0,3.375013520581759e-224
Obesity:No,0,0,0.0
Obesity:No,1,0,0.0
Obesity:No,0,0,0.0
Obesity:No,0,0,1.1535373789053593e-286
Obesity:No,0,0,2.4936811391931577e-73
Obesity:No,0,0,0.0
Obesity:No,0,0,0.0
Obesity:No,0,0,0.0
Obesity:No,0,0,0.0
Obesity:No,0,0,0.0
Obesity:No,0,0,0.0
Obesity:No,0,0,0.0
Obesity:No,0,0,0.0
Obesity:No,0,0,4.842984808207077e-219
Obesity:No,0,0,8.784737056243563e-221
Obesity:No,0,0,0.0
Obesity:No,0,0,2.6035165462718156e-300
Obesity:No,0,0,0.0
Obesity:No,0,0,2.1678836271656718e-208
Obesity:No,0,0,0.0
Obesity:No,0,0,3.9322902140151237e-54
Obesity:No,0,0,6.431625580270716e-302
Obesity:No,0,0,0.0
Obesity:No,0,0,0.0
Obesity:No,0,0,0.0
Obesity:No,0,0,0.0
Obesity:No,0,0,3.276638726498228e-242
Obesity:No,0,0,2.512692928806074e-257
Obesity:No,0,0,4.344861578263938e-301
Obesity:No,0,0,1.9351559335915494e-243
Obesity:No,0,0,0.0
Obesity:No,0,0,0.0
Obesity:No,0,0,6.639706171522152e-285
Obesity:No,0,0,0.0
Obesity:No,1,0,4.7212747295363977e-234
Obesity:No,0,0,1.1288820713916776e-196
Obesity:No,0,0,0.0
Obesity:No,0,0,0.0
Obesity:No,0,0,0.0
Obesity:No,0,0,2.92587397739787e-246
Obesity:No,0,0,0.0
Obesity:No,0,0,0.0
Obesity:No,0,0,4.170628784752981e-286
Obesity:No,0,0,1.056573113548147e-171
Obesity:No,0,0,0.0
Obesity:No,0,0,0.0
Obesity:No,0,0,0.0
Obesity:No,0,0,0.0
Obesity:No,0,0,1.0618236338764969e-98
Obesity:No,0,0,2.34488314109479e-104
Obesity:No,0,0,0.0
Obesity:No,0,0,0.0
Obesity:No,0,0,1.95675688483119e-201
Obesity:No,0,0,4.410540390826107e-183
Obesity:No,0,0,0.0
Obesity:No,0,0,0.0
Obesity:No,0,0,0.0
Obesity:No,0,0,1.688677263976826e-295
Obesity:No,0,0,3.767175345172346e-206
Obesity:No,0,0,0.0
Obesity:No,0,0,0.0
Obesity:No,0,0,0.0
Obesity:No,0,0,9.182755223904165e-259
Obesity:No,0,0,3.562879889893419e-284
Obesity:No,1,0,2.1631466099445248e-284
Obesity:No,0,0,0.0
Obesity:No,0,0,4.311665804854036e-258
Obesity:No,0,0,1.474791300407259e-308
Obesity:No,0,0,0.0
Obesity:No,0,0,0.0
Obesity:No,0,0,3.864146159908126e-150
Obesity:No,0,0,0.0
Obesity:No,0,0,5.879513050769355e-184
Obesity:No,0,0,6.896366531996703e-196
Obesity:No,0,0,0.0
Obesity:No,0,0,0.0
Obesity:No,0,1,1.0
Obesity:No,0,0,0.0
Obesity:No,0,0,0.0
Obesity:No,0,0,2.4064532257851545e-302
Obesity:No,0,0,4.507338789931701e-109
Obesity:No,0,0,0.0
Obesity:No,0,0,3.0422058898794074e-273
Obesity:No,0,0,0.0
Obesity:No,0,0,0.0
Obesity:No,0,0,0.0
Obesity:No,0,0,0.0
Obesity:No,0,0,7.059741341184256e-305
Obesity:No,0,0,0.0
Obesity:No,0,0,7.41226476499704e-236
Obesity:No,0,0,0.0
Obesity:No,0,0,0.0
Obesity:No,0,0,0.0
Obesity:No,0,0,0.0
Obesity:No,0,0,4.966057442486429e-304
Obesity:No,0,0,0.0
Obesity:No,0,0,5.927649591985443e-307
Obesity:No,0,0,2.1784000340256893e-280
Obesity:No,0,0,0.0
Obesity:No,0,0,0.0
Obesity:No,0,0,2.6276215137158016e-246
Obesity:No,0,0,0.0
Obesity:No,0,0,0.0
Obesity:No,0,0,0.0
Obesity:No,0,0,0.0
Obesity:No,0,0,4.572334331380132e-269
Obesity:No,0,0,0.0
Obesity:No,0,0,9.2325472072215e-221
Obesity:No,0,0,0.0
Obesity:No,0,0,0.0
Obesity:No,0,0,0.0
Obesity:No,0,0,0.0
Obesity:No,0,0,0.0
Obesity:No,0,0,0.0
Obesity:No,0,0,0.0
Obesity:No,0,0,5.454335945962809e-116
Obesity:No,0,0,0.0
Obesity:No,0,0,7.431551174189542e-228
Obesity:No,0,0,1.6381984616811382e-279
Obesity:No,0,0,2.3738100423753293e-203
Obesity:No,0,0,0.0
Obesity:No,0,0,0.0
Obesity:No,0,0,0.0
Obesity:No,0,0,9.937655059261875e-217
Obesity:No,0,0,0.0
Obesity:No,0,0,1.1804793557207118e-167
Obesity:No,0,0,1.0875851528492977e-213
Obesity:No,0,0,3.0512096907704893e-296
Obesity:No,0,0,0.0
Obesity:No,0,0,0.0
Obesity:No,0,0,0.0
Obesity:No,0,0,0.0
Obesity:No,0,0,0.0
Obesity:No,0,0,3.268862283145383e-219
Obesity:No,0,0,0.0
Obesity:No,0,0,0.0
Obesity:No,0,0,1.8510144073712195e-262
Obesity:No,0,0,5.277307396560413e-138
Obesity:No,0,0,0.0
Obesity:No,0,0,0.0
Obesity:No,0,0,0.0
Obesity:No,0,0,0.0
Obesity:No,0,0,0.0
Obesity:No,0,0,7.94235823149953e-257
Obesity:No,0,0,2.835885431763263e-255
Obesity:No,0,0,0.0
Obesity:No,0,0,5.0229454677924214e-254
Obesity:No,0,0,0.0
Obesity:No,0,0,0.0
Obesity:No,0,0,0.0
Obesity:No,0,0,2.0112360007705415e-160
Obesity:No,0,0,0.0
Obesity:No,0,0,1.8095976063601277e-265
Obesity:No,0,0,6.845500892646698e-277
Obesity:No,0,0,5.225646509161917e-229
Obesity:No,0,0,0.0
Obesity:No,0,0,0.0
Obesity:No,0,0,1.9202303270727512e-294
Obesity:No,0,0,0.0
Obesity:No,0,0,0.0
Obesity:No,0,0,0.0
Obesity:No,0,0,9.058983710255693e-231
Obesity:No,0,0,1.6137684167003505e-296
Obesity:No,0,0,6.828574625666102e-256
Obesity:No,0,0,0.0
Obesity:No,0,0,0.0
Obesity:No,0,0,2.955121663259414e-77
Obesity:No,0,0,1.696803343222902e-176
Obesity:No,0,0,0.0
Obesity:No,0,0,0.0
Obesity:No,0,0,0.0
Obesity:No,0,0,0.0
Obesity:No,0,0,1.671277572306822e-305
Obesity:No,0,0,9.358791484306737e-102
Obesity:No,0,0,0.0
Obesity:No,0,0,0.0
Obesity:No,1,0,5.152449564397407e-204
Obesity:No,0,0,4.3518435403014484e-216
Obesity:No,0,0,0.0
Obesity:No,0,0,3.848509738229022e-113
Obesity:No,0,0,8.576400496628968e-302
Obesity:No,0,0,0.0
Obesity:No,0,0,0.0
Obesity:No,0,0,3.0841492693394356e-277
Obesity:No,0,0,0.0
Obesity:No,0,0,0.0
Obesity:No,0,0,0.0
Obesity:No,0,0,0.0
Obesity:No,0,0,6.860927015560173e-145
Obesity:No,0,0,0.0
Obesity:No,0,0,0.0
Obesity:No,0,0,0.0
Obesity:No,0,0,3.521518554262993e-143
Obesity:No,0,0,0.0
Obesity:No,0,0,0.0
Obesity:No,0,0,0.0
Obesity:No,0,0,0.0
Obesity:No,1,0,0.0
Obesity:No,0,0,0.0
Obesity:No,0,0,0.0
Obesity:No,0,0,0.0
Obesity:No,0,0,1.4212426172120442e-180
Obesity:No,0,0,0.0
Obesity:No,0,0,0.0
Obesity:No,0,0,0.0
Obesity:No,0,0,0.0
Obesity:No,0,0,2.2272570809017488e-269
Obesity:No,0,0,0.0
Obesity:No,0,0,0.0
Obesity:No,0,0,0.0
Obesity:No,0,0,1.6080991070069703e-278
Obesity:No,0,0,0.0
Obesity:No,0,0,0.0
Obesity:No,0,0,0.0
Obesity:No,0,0,0.0
Obesity:No,0,0,0.0
Obesity:No,0,0,0.0
Obesity:No,0,0,0.0
Obesity:No,0,0,0.0
Obesity:No,0,0,0.0
Obesity:No,0,0,8.600806262971847e-11
Obesity:No,0,0,1.2132776262462048e-135
Obesity:No,1,0,6.75449110125984e-209
Obesity:No,0,0,0.0
Obesity:No,0,0,0.0
Obesity:No,0,0,3.5809663861054046e-297
Obesity:No,0,0,2.0234414034863974e-191
Obesity:No,0,0,0.0
Obesity:No,0,0,0.0
Obesity:No,0,0,0.0
Obesity:No,0,0,1.3319567749504966e-292
Obesity:No,0,0,0.0
Obesity:No,0,0,1.9088549773778698e-56
Obesity:No,0,0,0.0
Obesity:No,0,0,2.3329747984748856e-221
Obesity:No,0,1,0.9999999947937104
Obesity:No,0,0,0.0
Obesity:No,0,0,0.0
Obesity:No,0,0,0.0
Obesity:No,0,0,0.0
Obesity:No,0,0,2.3935649112433545e-296
Obesity:No,0,0,3.1444306368213356e-249
Obesity:No,0,0,0.0
Obesity:No,0,0,0.0
Obesity:No,0,0,0.0
Obesity:No,0,0,9.377638924648047e-299
Obesity:No,0,0,0.0
Obesity:No,0,0,0.0
Obesity:No,1,0,9.075599661380311e-262
Obesity:No,0,0,4.032518835623892e-113
Obesity:No,0,0,0.0
Obesity:No,0,0,0.0
Obesity:No,0,0,0.0
Obesity:No,0,0,0.0
Obesity:No,0,0,0.0
Obesity:No,0,0,0.0
Obesity:No,0,0,0.0
Obesity:No,0,0,0.0
Obesity:No,0,0,0.0
Obesity:No,0,0,0.0
Obesity:No,0,0,0.0
Obesity:No,0,0,0.0
Obesity:No,0,0,6.00684683483528e-230
Obesity:No,0,0,5.708931765345269e-303
Obesity:No,0,0,1.2606376641085906e-279
Obesity:No,1,0,1.857633451696467e-60
Obesity:No,0,0,0.0
Obesity:No,0,0,0.0
Obesity:No,0,0,0.0
Obesity:No,0,0,0.0
Obesity:No,0,0,0.0
Obesity:No,0,0,1.3221300347996e-127
Obesity:No,0,0,2.4665915315268553e-229
Obesity:No,0,0,9.035277123887425e-265
Obesity:No,0,0,0.0
Obesity:No,0,0,0.0
Obesity:No,0,0,1.1367843842522485e-289
Obesity:No,0,0,0.0
Obesity:No,0,0,1.8348466937317397e-268
Obesity:No,0,0,0.0
Obesity:No,0,0,1.9010747985115623e-213
Obesity:No,0,0,1.0937876883772525e-301
Obesity:No,0,0,2.3065267668642013e-273
Obesity:No,0,0,1.452943638110109e-252
Obesity:No,0,0,2.8504113799774694e-287
Obesity:No,0,0,0.0
Obesity:No,0,0,0.0
Obesity:No,0,0,0.0
Obesity:No,0,0,0.0
Obesity:No,0,0,1.3821494889632603e-222
Obesity:No,0,0,1.847317234285159e-255
Obesity:No,0,0,2.940440190923564e-284
Obesity:No,0,0,0.0
Obesity:No,0,0,0.0
Obesity:No,0,0,0.0
Obesity:No,0,0,0.0
Obesity:No,0,0,3.532219553676593e-255
Obesity:No,0,0,0.0
Obesity:No,0,0,1.2716965348806464e-303
Obesity:No,0,0,0.0
Obesity:No,0,0,1.0087690451389967e-214
Obesity:No,0,1,0.999999999997814
Obesity:No,0,0,0.0
Obesity:No,0,0,1.6398569110188922e-248
Obesity:No,0,0,6.670477478559979e-296
Obesity:No,0,0,0.0
Obesity:No,0,0,2.769863549070244e-45
Obesity:No,0,0,0.0
Obesity:No,0,0,1.1437236216174439e-262
Obesity:No,0,0,0.0
Obesity:No,0,0,0.0
Obesity:No,0,0,0.0
Obesity:No,0,0,0.0
Obesity:No,0,0,0.0
Obesity:No,0,0,0.0
Obesity:No,0,0,0.0
Obesity:No,0,0,0.0
Obesity:No,0,0,0.0
Obesity:No,0,0,0.0
Obesity:No,0,0,1.0191262589577105e-131
Obesity:No,0,0,0.0
Obesity:No,0,0,0.0
Obesity:No,0,0,5.3744676411712935e-272
Obesity:No,0,0,0.0
Obesity:No,0,0,4.58839633469878e-270
Obesity:No,0,0,0.0
Obesity:No,0,0,0.0
Obesity:No,0,0,0.0
Obesity:No,0,0,4.052069940438787e-246
Obesity:No,0,0,1.6508797546200064e-223
Obesity:No,0,0,0.0
Obesity:No,0,0,0.0
Obesity:No,0,0,3.094517277650564e-271
Obesity:No,0,0,0.0
Obesity:No,0,0,0.0
Obesity:No,0,0,0.0
Obesity:No,0,0,5.993482730438485e-255
Obesity:No,0,0,0.0
Obesity:No,0,0,0.0
Obesity:No,0,0,1.3440688881234585e-147
Obesity:No,1,0,0.0
Obesity:No,0,0,0.0
Obesity:No,0,0,0.0
Obesity:No,0,0,0.0
Obesity:No,0,0,5.921142673281872e-259
Obesity:No,0,0,4.009531546414709e-173
Obesity:No,0,0,0.0
Obesity:No,0,0,0.0
Obesity:No,0,0,4.9770740643157927e-160
Obesity:No,0,0,0.0
Obesity:No,0,0,0.0
Obesity:No,0,0,0.0
Obesity:No,0,0,0.0
Obesity:No,0,0,2.9567842533985128e-235
Obesity:No,0,0,0.0
Obesity:No,0,0,0.0
Obesity:No,0,0,0.0
Obesity:No,0,0,0.0
Obesity:No,0,0,0.0
Obesity:No,0,0,1.6483684893731382e-304
Obesity:No,0,0,9.209227624547097e-201
Obesity:No,0,0,0.0
Obesity:No,0,0,0.0
Obesity:No,0,0,0.0
Obesity:No,0,0,0.0
Obesity:No,0,0,7.57337139307569e-229
Obesity:No,0,0,2.201552606406085e-291
Obesity:No,0,0,3.791487024080288e-176
Obesity:No,0,0,0.0
Obesity:No,0,0,0.0
Obesity:No,0,0,3.1656322417048214e-143
Obesity:No,0,0,1.3728286408948988e-265
Obesity:No,0,0,0.0
Obesity:No,0,0,0.0
Obesity:No,0,0,5.0326927470849364e-86
Obesity:No,0,0,0.0
Obesity:No,0,0,0.0
Obesity:No,0,0,0.0
Obesity:No,0,0,0.0
Obesity:No,0,0,0.0
Obesity:No,0,0,2.7956655040194933e-294
Obesity:No,0,0,0.0
Obesity:No,0,0,0.0
Obesity:No,0,0,6.6212315274546e-253
Obesity:No,0,0,0.0
Obesity:No,0,0,9.85129590957965e-283
Obesity:No,0,0,3.042542431890161e-201
Obesity:No,0,0,7.719317590000715e-72
Obesity:No,0,0,4.2248336767626304e-243
Obesity:No,0,0,0.0
Obesity:No,0,0,0.0
Obesity:No,0,0,0.0
Obesity:No,0,0,1.8893607277723005e-213
Obesity:No,0,0,3.451374349556557e-285
Obesity:No,0,0,0.0
Obesity:No,0,0,0.0
Obesity:No,0,0,0.0
Obesity:No,1,0,6.256020760756924e-12
Obesity:No,0,0,0.0
Obesity:No,0,0,0.0
Obesity:No,0,0,0.0
Obesity:No,0,0,3.994167136926791e-307
Obesity:No,0,0,0.0
Obesity:No,0,0,5.072528598289647e-245
Obesity:No,0,0,0.0
Obesity:No,0,0,0.0
Obesity:No,0,0,0.0
Obesity:No,0,0,0.0
Obesity:No,0,0,0.0
Obesity:No,0,0,3.046325592021419e-275
Obesity:No,0,0,0.0
Obesity:No,0,0,2.2362005931902885e-250
Obesity:No,0,0,0.0
Obesity:No,0,0,3.928042736505697e-60
Obesity:No,0,0,6.3250928658054756e-279
Obesity:No,0,0,0.0
Obesity:No,0,0,0.0
Obesity:No,0,0,0.0
Obesity:No,0,0,6.703276142944204e-270
Obesity:No,0,0,0.0
Obesity:No,0,0,2.0595146294166557e-154
Obesity:No,0,0,5.002603709487423e-282
Obesity:No,0,0,0.0
Obesity:No,0,0,2.320508663528919e-161
Obesity:No,0,0,1.1525887437716201e-231
Obesity:No,0,0,3.465539614876776e-231
Obesity:No,0,0,1.5717382389442962e-123
Obesity:No,0,0,0.0
Obesity:No,0,0,0.0
Obesity:No,0,0,0.0
Obesity:No,0,0,0.0
Obesity:No,0,0,4.2893621340337124e-159
Obesity:No,0,0,0.0
Obesity:No,0,0,1.0162032485594413e-280
Obesity:No,0,0,0.0
Obesity:No,0,0,0.0
Obesity:No,0,0,0.0
Obesity:No,0,0,3.4949082064077044e-221
Obesity:No,0,0,4.664433618597847e-260
Obesity:No,0,0,0.0
Obesity:No,0,0,9.294206793675153e-138
Obesity:No,0,0,2.183284623279065e-251
Obesity:No,0,0,0.0
Obesity:No,0,0,0.0
Obesity:No,0,0,1.6683564856004088e-118
Obesity:No,0,0,0.0
Obesity:No,0,0,1.1612158767877431e-306
Obesity:No,0,0,0.0
Obesity:No,0,0,0.0
Obesity:No,0,0,6.035873971882246e-211
Obesity:No,0,0,1.404286667738495e-270
Obesity:No,0,0,0.0
Obesity:No,0,0,0.0
Obesity:No,0,0,1.0780442444997264e-183
Obesity:No,0,0,1.1627354447463383e-96
Obesity:No,0,0,0.0
Obesity:No,0,0,7.029884625825449e-285
Obesity:No,0,0,1.506037425393621e-223
Obesity:No,0,0,0.0
Obesity:No,0,0,2.4707802677774613e-304
Obesity:No,0,0,0.0
Obesity:No,0,0,5.5072908252189144e-275
Obesity:No,0,0,0.0
Obesity:No,0,0,0.0
Obesity:No,0,0,3.1086702998085388e-291
Obesity:No,0,0,0.0
Obesity:No,0,0,0.0
Obesity:No,0,0,0.0
Obesity:No,0,0,0.0
Obesity:No,0,0,3.271493203898052e-266
Obesity:No,0,0,2.660633588100357e-295
Obesity:No,0,0,1.2577060247016348e-290
Obesity:No,0,0,0.0
Obesity:No,0,0,2.7814142304258866e-178
Obesity:No,0,0,6.670847762581999e-292
Obesity:No,0,0,2.1710836065594196e-250
Obesity:No,0,0,2.2945543000559545e-179
Obesity:No,0,0,4.442249393336521e-250
Obesity:No,0,0,0.0
Obesity:No,0,0,0.0
Obesity:No,0,0,2.503372208772968e-209
Obesity:No,0,0,6.67962541458674e-273
Obesity:No,0,0,1.318628291673385e-292
Obesity:No,0,0,0.0
Obesity:No,0,0,0.0
Obesity:No,0,0,3.354088379623813e-278
Obesity:No,0,0,0.0
Obesity:No,0,0,0.0
Obesity:No,0,0,1.3623040525020151e-273
Obesity:No,0,0,0.0
Obesity:No,0,0,9.282667624210696e-173
Obesity:No,0,0,0.0
Obesity:No,0,0,0.0
Obesity:No,0,0,7.205196269285745e-79
Obesity:No,0,0,6.213051158299814e-100
Obesity:No,0,0,1.7220468904772858e-306
Obesity:No,0,0,0.0
Obesity:No,0,0,0.0
Obesity:No,0,0,0.0
Obesity:No,0,0,6.281667611821579e-270
Obesity:No,0,0,7.843640321292464e-201
Obesity:No,0,0,0.0
Obesity:No,0,0,1.9157336030597112e-283
Obesity:No,0,0,0.0
Obesity:No,0,0,0.0
Obesity:No,0,0,1.5561193511532078e-138
Obesity:No,0,0,0.0
Obesity:No,0,0,0.0
Obesity:No,0,0,0.0
Obesity:No,0,0,1.4093353334001714e-297
Obesity:No,0,0,0.0
Obesity:No,0,0,2.494477331636263e-94
Obesity:No,0,0,5.153841281014029e-155
Obesity:No,0,0,0.0
Obesity:No,0,0,1.028711182696162e-255
Obesity:No,0,0,0.0
Obesity:No,0,0,0.0
Obesity:No,0,0,1.3227862463502374e-187
Obesity:No,0,0,6.202650696573912e-254
Obesity:No,0,0,0.0
Obesity:No,1,0,6.373673022223222e-268
Obesity:No,0,0,6.897459537153487e-88
Obesity:No,0,0,1.9308951997903062e-123
Obesity:No,0,1,1.0
Obesity:No,0,0,0.0
Obesity:No,0,0,3.1530960304532638e-288
Obesity:No,0,0,0.0
Obesity:No,0,0,3.747622755579851e-227
Obesity:No,0,0,0.0
Obesity:No,0,0,0.0
Obesity:No,0,0,0.0
Obesity:No,0,0,2.3574613144252e-133
Obesity:No,0,0,0.0
Obesity:No,0,0,2.3515045399582347e-243
Obesity:No,0,0,0.0
Obesity:No,0,0,0.0
Obesity:No,0,0,0.0
Obesity:No,0,0,1.9479137531937027e-60
Obesity:No,0,0,0.0
Obesity:No,0,0,0.0
Obesity:No,0,0,0.0
Obesity:No,0,0,0.0
Obesity:No,0,0,0.0
Obesity:No,0,0,0.0
Obesity:No,0,0,0.0
Obesity:No,0,0,7.464564297995301e-172
Obesity:No,1,0,0.0
Obesity:No,0,0,0.0
Obesity:No,0,0,3.072399213147019e-253
Obesity:No,0,0,0.0
Obesity:No,0,0,1.4865696756271422e-279
Obesity:No,0,0,0.0
Obesity:No,0,0,0.0
Obesity:No,0,0,0.0
Obesity:No,0,0,0.0
Obesity:No,0,0,8.260567112569481e-283
Obesity:No,0,0,1.5863874411689443e-204
Obesity:No,0,0,0.0
Obesity:No,0,0,0.0
Obesity:No,0,0,2.4462362196439145e-37
Obesity:No,0,0,3.839139555154778e-199
Obesity:No,0,0,0.0
Obesity:No,0,0,0.0
Obesity:No,0,0,4.173757917860432e-260
Obesity:No,0,0,1.1619661843595071e-304
Obesity:No,0,0,0.0
Obesity:No,0,0,0.0
Obesity:No,0,0,0.0
Obesity:No,0,0,0.0
Obesity:No,1,0,9.022315056209953e-286
Obesity:No,1,0,1.07254915653859e-150
Obesity:No,0,0,0.0
Obesity:No,0,0,1.2175238228600933e-222
Obesity:No,0,0,0.0
Obesity:No,0,0,0.0
Obesity:No,1,0,9.50906053073512e-268
Obesity:No,0,0,0.0
Obesity:No,0,0,0.0
Obesity:No,0,0,0.0
Obesity:No,0,0,0.0
Obesity:No,0,0,0.0
Obesity:No,0,0,3.841773432769236e-241
Obesity:No,0,0,0.0
Obesity:No,0,0,1.930918088544955e-286
Obesity:No,0,0,0.0
Obesity:No,0,0,1.9891757579425822e-147
Obesity:No,0,0,0.0
Obesity:No,0,0,0.0
Obesity:No,0,0,1.1283437471618123e-168
Obesity:No,0,0,0.0
Obesity:No,0,0,1.912029426058265e-244
Obesity:No,0,0,0.0
Obesity:No,0,0,7.274878616355163e-151
Obesity:No,0,0,3.358291472599616e-139
Obesity:No,0,0,0.0
Obesity:No,0,0,5.927663429605482e-283
Obesity:No,0,0,0.0
Obesity:No,0,0,1.687667396867252e-177
Obesity:No,0,0,0.0
Obesity:No,0,0,0.0
Obesity:No,0,0,0.0
Obesity:No,0,0,0.0
Obesity:No,0,0,0.0
Obesity:No,0,0,0.0
Obesity:No,0,0,0.0
Obesity:No,0,0,3.729986249414557e-155
Obesity:No,0,0,9.323095507431035e-18
Obesity:No,0,0,0.0
Obesity:No,0,0,4.4483376851856606e-157
Obesity:No,0,0,0.0
Obesity:No,0,0,1.0533024201443836e-119
Obesity:No,0,0,0.0
Obesity:No,0,0,3.6152732173639595e-296
Obesity:No,0,0,0.0
Obesity:No,0,0,3.200488488292584e-205
Obesity:No,0,0,0.0
Obesity:No,0,0,0.0
Obesity:No,0,0,0.0
Obesity:No,0,0,0.0
Obesity:No,0,0,1.221004951343745e-225
Obesity:No,0,0,7.779504100832389e-110
Obesity:No,0,0,0.0
Obesity:No,0,0,1.351983824213231e-269
Obesity:No,0,0,9.904899053283952e-290
Obesity:No,0,0,0.0
Obesity:No,0,0,0.0
Obesity:No,0,0,0.0
Obesity:No,0,0,0.0
Obesity:No,0,0,0.0
Obesity:No,0,0,1.1759684566871959e-295
Obesity:No,0,0,6.2161208714049525e-307
Obesity:No,0,0,3.393735823810081e-185
Obesity:No,0,0,0.0
Obesity:No,0,0,0.0
Obesity:No,0,0,0.0
Obesity:No,0,0,0.0
Obesity:No,0,0,0.0
Obesity:No,0,0,3.928058643912446e-177
Obesity:No,0,0,0.0
Obesity:No,0,0,0.0
Obesity:No,0,0,4.86815421001598e-272
Obesity:No,0,0,5.054013296380201e-66
Obesity:No,0,0,0.0
Obesity:No,0,0,0.0
Obesity:No,0,0,4.6444262339644226e-223
Obesity:No,0,0,4.7467810741556e-275
Obesity:No,0,0,0.0
Obesity:No,0,0,1.003340306356081e-225
Obesity:No,0,0,0.0
Obesity:No,0,0,0.0
Obesity:No,0,0,0.0
Obesity:No,0,0,4.7376578858941226e-240
Obesity:No,0,0,0.0
Obesity:No,0,0,1.4104247081305547e-206
Obesity:No,0,0,0.0
Obesity:No,0,0,3.7230031011563885e-304
Obesity:No,0,0,3.2856587611043596e-297
Obesity:No,0,0,0.0
Obesity:No,0,0,0.0
Obesity:No,0,0,7.031833316116685e-271
Obesity:No,0,0,0.0
Obesity:No,0,0,1.7389571501245177e-109
Obesity:No,0,0,0.0
Obesity:No,0,0,0.0
Obesity:No,0,0,0.0
Obesity:No,0,0,0.0
Obesity:No,0,0,0.0
Obesity:No,0,0,0.0
Obesity:No,0,0,0.0
Obesity:No,0,0,0.0
Obesity:No,0,0,0.0
Obesity:No,0,0,0.0
Obesity:No,0,0,0.0
Obesity:No,0,0,0.0
Obesity:No,0,0,4.9630935025530314e-282
Obesity:No,0,0,0.0
Obesity:No,0,0,0.0
Obesity:No,0,0,0.0
Obesity:No,0,0,0.0
Obesity:No,0,0,0.0
Obesity:No,0,0,3.370232252963443e-234
Obesity:No,0,0,0.0
Obesity:No,0,0,0.0
Obesity:No,0,0,0.0
Obesity:No,0,0,2.748204306945343e-162
Obesity:No,0,0,2.7859307129996976e-211
Obesity:No,0,0,0.0
Obesity:No,0,0,0.0
Obesity:No,1,0,7.326190457678613e-280
Obesity:No,0,0,1.5653412350302494e-246
Obesity:No,0,0,1.8286265231711035e-296
Obesity:No,0,0,0.0
Obesity:No,0,0,0.0
Obesity:No,0,0,0.0
Obesity:No,0,0,8.331702887093331e-247
Obesity:No,0,0,1.3227238566028055e-101
Obesity:No,0,0,2.7760380164224736e-206
Obesity:No,0,0,1.2752194902119697e-188
Obesity:No,0,0,0.0
Obesity:No,0,0,1.541071842806703e-169
Obesity:No,0,0,1.63540187776279e-168
Obesity:No,0,0,0.0
Obesity:No,0,0,3.540433356935438e-223
Obesity:No,0,0,0.0
Obesity:No,0,0,3.728433051736554e-281
Obesity:No,0,0,0.0
Obesity:No,0,0,0.0
Obesity:No,0,0,3.5323881758665285e-227
Obesity:No,0,0,2.57636302775651e-153
Obesity:No,0,0,0.0
Obesity:No,0,0,0.0
Obesity:No,0,0,0.0
Obesity:No,0,0,0.0
Obesity:No,0,0,1.6749979018167371e-301
Obesity:No,0,0,1.359764927381025e-298
Obesity:No,0,0,0.0
Obesity:No,0,0,0.0
Obesity:No,0,0,2.561557912770679e-158
Obesity:No,0,0,0.0
Obesity:No,0,0,0.0
Obesity:No,0,0,8.19942434961412e-180
Obesity:No,0,0,0.0
Obesity:No,0,0,1.7560412043788033e-246
Obesity:No,0,0,0.0
Obesity:No,0,0,0.0
Obesity:No,0,0,0.0
Obesity:No,0,0,1.1816527905742845e-83
Obesity:No,0,0,9.608916290979615e-228
Obesity:No,0,0,0.0
Obesity:No,0,0,0.0
Obesity:No,0,0,0.0
Obesity:No,0,0,0.0
Obesity:No,0,0,0.0
Obesity:No,0,0,0.0
Obesity:No,0,0,0.0
Obesity:No,0,0,2.6966139148053897e-188
Obesity:No,0,0,0.0
Obesity:No,0,0,0.0
Obesity:No,0,0,0.0
Obesity:No,0,0,0.0
Obesity:No,0,0,0.0
Obesity:No,0,0,0.0
Obesity:No,0,0,3.8603020937101044e-237
Obesity:No,0,0,0.0
Obesity:No,0,0,0.0
Obesity:No,0,0,1.2503542484341582e-271
Obesity:No,0,0,0.0
Obesity:No,0,0,0.0
Obesity:No,0,0,0.0
Obesity:No,0,0,4.5245264323747573e-268
Obesity:No,0,0,0.0
Obesity:No,0,0,0.0
Obesity:No,0,0,4.2313778949930865e-59
Obesity:No,0,0,1.1402580820264501e-203
Obesity:No,0,0,3.1755201373813786e-203
Obesity:No,0,0,0.0
Obesity:No,0,0,0.0
Obesity:No,0,0,3.022185355880297e-78
Obesity:No,0,0,0.0
Obesity:No,0,0,5.672161652253516e-201
Obesity:No,0,0,1.8837522087222855e-233
Obesity:No,0,0,2.5483801709892194e-225
Obesity:No,0,0,2.820510717420744e-155
Obesity:No,0,0,1.444526361222186e-249
Obesity:No,0,0,0.0
Obesity:No,0,0,0.0
Obesity:No,0,0,0.0
Obesity:No,0,0,1.1406247186433091e-193
Obesity:No,0,0,2.5851394088727222e-236
Obesity:No,0,0,0.0
Obesity:No,0,0,0.0
Obesity:No,0,0,0.0
Obesity:No,0,0,0.0
Obesity:No,0,0,0.0
Obesity:No,0,0,2.8360243908954966e-216
Obesity:No,0,0,0.0
Obesity:No,0,0,0.0
Obesity:No,0,0,4.8603196094009815e-230
Obesity:No,0,0,0.0
Obesity:No,0,0,0.0
Obesity:No,0,0,0.0
Obesity:No,0,0,0.0
Obesity:No,0,0,0.0
Obesity:No,0,0,0.0
Obesity:No,0,0,0.0
Obesity:No,0,0,0.0
Obesity:No,0,0,1.4486865339121502e-294
Obesity:No,0,0,0.0
Obesity:No,0,0,0.0
Obesity:No,0,0,3.4699243674883813e-156
Obesity:No,0,0,0.0
Obesity:No,0,0,0.0
Obesity:No,0,0,0.0
Obesity:No,0,0,3.5312582603386357e-146
Obesity:No,0,0,1.4849144017929103e-92
Obesity:No,0,0,0.0
Obesity:No,0,0,0.0
Obesity:No,0,0,2.3532410283711557e-129
Obesity:No,0,0,0.0
Obesity:No,0,0,7.192081656285279e-296
Obesity:No,0,0,0.0
Obesity:No,0,0,3.460614182371356e-284
Obesity:No,0,0,0.0
Obesity:No,1,0,0.0
Obesity:No,0,0,3.783620140386874e-308
Obesity:No,0,0,0.0
Obesity:No,0,0,4.828927753148721e-215
Obesity:No,0,0,0.0
Obesity:No,0,0,0.0
Obesity:No,0,0,6.27651489000239e-183
Obesity:No,0,0,0.0
Obesity:No,0,0,4.8586877446382814e-281
Obesity:No,0,0,3.652497570577879e-240
Obesity:No,0,0,0.0
Obesity:No,0,0,4.381289548708278e-224
Obesity:No,0,0,0.0
Obesity:No,0,0,0.0
Obesity:No,0,0,0.0
Obesity:No,0,0,5.763543210110167e-159
Obesity:No,0,0,0.0
Obesity:No,0,0,0.0
Obesity:No,0,0,3.80815192747112e-231
Obesity:No,0,0,0.0
Obesity:No,0,0,0.0
Obesity:No,0,0,8.196051973360294e-278
Obesity:No,0,0,2.065630689194229e-103
Obesity:No,0,0,0.0
Obesity:No,0,0,9.03273207315794e-279
Obesity:No,0,0,1.4013785610912524e-69
Obesity:No,0,0,0.0
Obesity:No,0,0,0.0
Obesity:No,0,0,0.0
Obesity:No,0,0,0.0
Obesity:No,1,0,1.3291213490187155e-51
Obesity:No,0,0,0.0
Obesity:No,0,0,2.256578010813315e-295
Obesity:No,0,0,1.627960557824968e-249
Obesity:No,0,0,0.0
Obesity:No,0,0,0.0
Obesity:No,0,0,2.4249097359587776e-292
Obesity:No,0,0,0.0
Obesity:No,0,0,0.0
Obesity:No,0,0,0.0
Obesity:No,0,0,8.544181259461889e-290
Obesity:No,0,0,7.70131653424958e-214
Obesity:No,0,0,0.0
Obesity:No,0,0,8.401973595033713e-194
Obesity:No,0,0,0.0
Obesity:No,0,0,1.7460101328585606e-247
Obesity:No,0,0,0.0
Obesity:No,0,0,0.0
Obesity:No,0,0,4.592898828354631e-278
Obesity:No,0,0,8.042878027484048e-248
Obesity:No,0,0,0.0
Obesity:No,0,0,0.0
Obesity:No,0,0,2.8681788532447607e-280
Obesity:No,0,0,1.794449937165165e-276
Obesity:No,0,0,8.313534234626588e-152
Obesity:No,0,0,5.670442128920661e-129
Obesity:No,0,0,0.0
Obesity:No,0,0,9.247899672771456e-232
Obesity:No,0,0,8.659822441956021e-230
Obesity:No,0,0,1.2621549205813142e-304
Obesity:No,0,0,0.0
Obesity:No,0,0,3.619737311179273e-252
Obesity:No,0,0,1.0983147797196675e-278
Obesity:No,0,0,3.735768277138168e-269
Obesity:No,0,0,1.4163970235196978e-250
Obesity:No,0,0,9.147342935855516e-221
Obesity:No,0,0,9.708447426390186e-251
Obesity:No,0,0,0.0
Obesity:No,0,0,6.3344101956905e-240
Obesity:No,1,0,5.86261760149207e-134
Obesity:No,0,0,0.0
Obesity:No,0,0,0.0
Obesity:No,0,0,0.0
Obesity:No,0,0,5.943224262188226e-119
Obesity:No,0,0,0.0
Obesity:No,0,0,0.0
Obesity:No,0,0,1.3676871752319237e-233
Obesity:No,0,0,4.694171094651342e-288
Obesity:No,0,0,0.0
Obesity:No,0,0,0.0
Obesity:No,0,0,0.0
Obesity:No,0,0,7.642596673277587e-290
Obesity:No,0,0,0.0
Obesity:No,0,0,0.0
Obesity:No,0,0,0.0
Obesity:No,0,0,2.7646231713745388e-148
Obesity:No,0,0,0.0
Obesity:No,0,0,6.404032301731207e-203
Obesity:No,0,0,0.0
Obesity:No,0,0,0.0
Obesity:No,0,0,0.0
Obesity:No,1,0,5.7553918125446383e-297
Obesity:No,0,0,0.0
Obesity:No,0,0,6.935603740836279e-268
Obesity:No,0,0,9.018751080423776e-149
Obesity:No,0,0,1.01412012282304e-187
Obesity:No,0,0,7.76693537699741e-216
Obesity:No,0,0,0.0
Obesity:No,0,0,6.962961957464194e-130
Obesity:No,0,0,6.91356983218375e-249
Obesity:No,0,0,0.0
Obesity:No,0,0,0.0
Obesity:No,0,0,0.0
Obesity:No,0,0,0.0
Obesity:No,0,0,0.0
Obesity:No,0,0,0.0
Obesity:No,0,0,0.0
Obesity:No,0,0,0.0
Obesity:No,0,0,6.433240879805914e-302
Obesity:No,0,0,0.0
Obesity:No,0,0,0.0
Obesity:No,0,0,0.0
Obesity:No,0,0,4.087164702941748e-231
Obesity:No,0,0,2.1166370517275383e-247
Obesity:No,0,0,2.1896052318558616e-264
Obesity:No,0,0,0.0
Obesity:No,0,0,0.0
Obesity:No,0,0,0.0
Obesity:No,0,0,1.2249043682622825e-265
Obesity:No,0,0,0.0
Obesity:No,0,0,0.0
Obesity:No,0,0,3.379673783890761e-297
Obesity:No,0,0,8.112439633625084e-300
Obesity:No,0,0,0.0
Obesity:No,0,0,0.0
Obesity:No,0,0,6.58780547946001e-113
Obesity:No,0,0,0.0
Obesity:No,0,0,0.0
Obesity:No,0,0,0.0
Obesity:No,0,0,0.0
Obesity:No,0,0,0.0
Obesity:No,0,0,3.0519595930024803e-274
Obesity:No,0,0,0.0
Obesity:No,0,0,0.0
Obesity:No,0,0,0.0
Obesity:No,0,0,0.0
Obesity:No,0,0,3.268428833596046e-220
Obesity:No,0,0,0.0
Obesity:No,0,0,0.0
Obesity:No,0,0,1.666307089804909e-234
Obesity:No,0,0,0.0
Obesity:No,0,0,0.0
Obesity:No,0,0,0.0
Obesity:No,0,0,7.195990251730388e-274
Obesity:No,0,0,5.232629439088578e-185
Obesity:No,0,0,0.0
Obesity:No,0,0,2.0302424579621437e-147
Obesity:No,0,0,0.0
Obesity:No,1,0,3.8039027865997693e-256
Obesity:No,0,0,0.0
Obesity:No,0,0,5.001250838199189e-214
Obesity:No,0,0,0.0
Obesity:No,0,0,0.0
Obesity:No,0,0,0.0
Obesity:No,0,0,0.0
Obesity:No,0,0,0.0
Obesity:No,0,0,1.9136454707761076e-238
Obesity:No,0,0,0.0
Obesity:No,0,0,0.0
Obesity:No,0,0,0.0
Obesity:No,0,0,0.0
Obesity:No,0,0,4.246954571608012e-259
Obesity:No,0,0,0.0
Obesity:No,0,0,0.0
Obesity:No,0,0,3.122047926731924e-167
Obesity:No,0,0,0.0
Obesity:No,0,0,0.0
Obesity:No,0,0,0.0
Obesity:No,0,0,0.0
Obesity:No,0,0,0.0
Obesity:No,0,0,9.778725759768593e-252
Obesity:No,0,0,0.0
Obesity:No,0,0,7.127918610152758e-17
Obesity:No,0,0,0.0
Obesity:No,0,0,0.0
Obesity:No,1,0,0.0
Obesity:No,0,0,1.2268144285357845e-218
Obesity:No,0,0,0.0
Obesity:No,0,0,0.0
Obesity:No,0,0,0.0
Obesity:No,0,0,0.0
Obesity:No,0,0,0.0
Obesity:No,0,0,1.0656599176459092e-127
Obesity:No,0,0,2.056458241574094e-52
Obesity:No,0,0,0.0
Obesity:No,0,0,0.0
Obesity:No,0,0,0.0
Obesity:No,0,0,0.0
Obesity:No,0,0,1.1851949332279014e-297
Obesity:No,0,0,0.0
Obesity:No,0,0,8.726102892225768e-58
Obesity:No,0,0,2.0004744297150163e-268
Obesity:No,0,0,0.0
Obesity:No,0,0,4.459118160561724e-299
Obesity:No,0,0,0.0
Obesity:No,0,0,0.0
Obesity:No,0,0,0.0
Obesity:No,0,0,9.121802611154569e-281
Obesity:No,0,0,1.6956010911849547e-252
Obesity:No,0,0,0.0
Obesity:No,0,0,2.4274778325080844e-297
Obesity:No,0,0,6.762468109961318e-201
Obesity:No,0,0,0.0
Obesity:No,0,0,1.4098368604021546e-146
Obesity:No,0,0,0.0
Obesity:No,0,0,0.0
Obesity:No,0,0,0.0
Obesity:No,0,0,2.72170566225457e-145
Obesity:No,0,0,3.9875314369002363e-252
Obesity:No,0,0,6.603556926113336e-156
Obesity:No,0,0,2.322931153638723e-188
Obesity:No,0,0,0.0
Obesity:No,0,0,3.924273616244261e-141
Obesity:No,0,0,9.985716984326432e-249
Obesity:No,0,0,8.262348804740742e-254
Obesity:No,0,0,0.0
Obesity:No,0,0,0.0
Obesity:No,0,0,5.734186339596987e-156
Obesity:No,0,0,2.2932779392294814e-255
Obesity:No,0,0,0.0
Obesity:No,0,0,2.4092331762661417e-112
Obesity:No,0,0,3.350721866456476e-172
Obesity:No,0,0,0.0
Obesity:No,0,0,1.6526578812813287e-295
Obesity:No,0,0,0.0
Obesity:No,0,0,3.4677805377212357e-183
Obesity:No,0,0,0.0
Obesity:No,0,0,3.928152821007578e-183
Obesity:No,0,0,0.0
Obesity:No,0,0,1.8338968305003812e-149
Obesity:No,0,0,0.0
Obesity:No,0,0,3.295073139446304e-100
Obesity:No,0,0,0.0
Obesity:No,0,0,0.0
Obesity:No,0,0,1.069916770689514e-222
Obesity:No,0,0,0.0
Obesity:No,0,0,5.022641632259878e-288
Obesity:No,0,0,3.8034752911085293e-135
Obesity:No,0,0,4.5306449191031195e-181
Obesity:No,0,0,0.0
Obesity:No,0,0,2.8743923447702094e-215
Obesity:No,0,0,0.0
Obesity:No,0,0,4.739477330927306e-135
Obesity:No,0,0,0.0
Obesity:No,0,0,0.0
Obesity:No,0,0,6.140163186705752e-75
Obesity:No,0,0,0.0
Obesity:No,0,0,2.9351610658210215e-237
Obesity:No,0,0,0.0
Obesity:No,0,0,0.0
Obesity:No,0,0,0.0
Obesity:No,0,0,0.0
Obesity:No,0,0,0.0
Obesity:No,0,1,1.0
Obesity:No,0,0,0.0
Obesity:No,0,0,8.637915852112275e-188
Obesity:No,0,0,0.0
Obesity:No,0,0,9.090181200686305e-238
Obesity:No,0,0,0.0
Obesity:No,0,0,0.0
Obesity:No,0,0,0.0
Obesity:No,0,0,2.779520382610126e-228
Obesity:No,0,0,8.096674363675347e-300
Obesity:No,0,0,0.0
Obesity:No,0,0,0.0
Obesity:No,0,0,0.0
Obesity:No,0,0,1.4300556773303368e-269
Obesity:No,0,0,2.8022604007954774e-192
Obesity:No,0,0,0.0
Obesity:No,0,0,0.0
Obesity:No,0,0,0.0
Obesity:No,0,0,4.34309459411616e-271
Obesity:No,0,0,0.0
Obesity:No,0,0,1.5632960399124093e-302
Obesity:No,0,0,0.0
Obesity:No,0,0,0.0
Obesity:No,0,0,0.0
Obesity:No,0,0,0.0
Obesity:No,0,0,0.0
Obesity:No,0,0,0.0
Obesity:No,0,0,0.0
Obesity:No,0,0,5.39195032640561e-240
Obesity:No,0,0,1.4290552143666857e-123
Obesity:No,0,1,1.0
Obesity:No,0,0,0.0
Obesity:No,0,0,0.0
Obesity:No,0,0,2.171142774872278e-205
Obesity:No,0,0,0.0
Obesity:No,0,0,0.0
Obesity:No,0,0,1.229578573518869e-308
Obesity:No,0,0,0.0
Obesity:No,0,0,0.0
Obesity:No,0,0,1.1946014531916299e-307
Obesity:No,0,0,0.0
Obesity:No,0,0,3.3003873675062865e-219
Obesity:No,0,0,0.0
Obesity:No,0,0,1.2682418870446062e-295
Obesity:No,0,0,1.0109885924749904e-231
Obesity:No,0,0,0.0
Obesity:No,0,0,0.0
Obesity:No,0,0,7.274878616355163e-151
Obesity:No,0,0,0.0
Obesity:No,0,0,8.545842165778838e-237
Obesity:No,0,0,0.0
Obesity:No,0,0,0.0
Obesity:No,0,0,2.5833077305381847e-228
Obesity:No,0,0,3.398437609687055e-145
Obesity:No,0,0,0.0
Obesity:No,0,0,0.0
Obesity:No,0,0,3.426240011012751e-123
Obesity:No,0,0,1.3949661874320787e-217
Obesity:No,0,0,1.8226168677092512e-270
Obesity:No,0,0,0.0
Obesity:No,0,0,0.0
Obesity:No,0,0,0.0
Obesity:No,0,0,0.0
Obesity:No,0,0,0.0
Obesity:No,0,0,0.0
Obesity:No,0,0,3.2277610054942133e-250
Obesity:No,0,0,1.0052475825283951e-25
Obesity:No,0,0,0.0
Obesity:No,0,0,0.0
Obesity:No,0,0,0.0
Obesity:No,0,0,0.0
Obesity:No,0,0,0.0
Obesity:No,0,0,1.894241387690293e-147
Obesity:No,0,0,0.0
Obesity:No,0,0,0.0004681493071148715
Obesity:No,0,0,8.703053659881857e-278
Obesity:No,0,0,2.5994255185494884e-132
Obesity:No,0,0,0.0
Obesity:No,0,0,0.0
Obesity:No,0,0,0.0
Obesity:No,0,0,0.0
Obesity:No,0,0,1.381751244947107e-265
Obesity:No,0,0,0.0
Obesity:No,0,0,8.156439407556453e-307
Obesity:No,0,0,3.7675146060167084e-273
Obesity:No,0,0,0.0
Obesity:No,0,0,0.0
Obesity:No,0,0,4.6097997227378887e-299
Obesity:No,0,0,0.0
Obesity:No,0,0,0.0
Obesity:No,0,0,0.0
Obesity:No,0,0,0.0
Obesity:No,0,0,0.0
Obesity:No,0,0,0.0
Obesity:No,0,0,0.0
Obesity:No,0,0,2.9481262614917267e-264
Obesity:No,0,0,2.894255100753896e-191
Obesity:No,0,0,0.0
Obesity:No,0,0,7.482472574199341e-259
Obesity:No,0,0,2.7621418937372477e-304
Obesity:No,0,0,0.0
Obesity:No,0,0,5.362887531227846e-230
Obesity:No,0,0,0.0
Obesity:No,0,0,0.0
Obesity:No,0,0,0.0
Obesity:No,0,0,0.0
Obesity:No,0,0,0.0
Obesity:No,0,0,0.0
Obesity:No,0,0,7.0806786219931e-270
Obesity:No,0,0,5.3801863448146445e-244
Obesity:No,0,0,0.0
Obesity:No,0,0,0.0
Obesity:No,0,0,0.0
Obesity:No,0,0,0.0
Obesity:No,0,0,0.0
Obesity:No,0,0,0.0
Obesity:No,0,0,0.0
Obesity:No,0,0,0.0
Obesity:No,0,0,0.0
Obesity:No,0,0,1.5654863734145526e-166
Obesity:No,0,0,0.0
Obesity:No,0,0,0.0
Obesity:No,0,0,8.159975483784746e-246
Obesity:No,0,0,0.0
Obesity:No,0,0,0.0
Obesity:No,0,0,1.7019588750443797e-207
Obesity:No,0,0,0.0
Obesity:No,0,0,0.0
Obesity:No,0,0,0.0
Obesity:No,0,0,0.0
Obesity:No,0,0,0.0
Obesity:No,0,0,7.30580750151566e-181
Obesity:No,0,0,3.8359073704153983e-240
Obesity:No,0,0,4.806667904180497e-170
Obesity:No,0,0,0.0
Obesity:No,1,0,2.8294636012182987e-249
Obesity:No,0,0,0.0
Obesity:No,0,0,1.8119224405973951e-127
Obesity:No,0,0,7.663733997968773e-234
Obesity:No,0,0,7.3061049240756e-222
Obesity:No,0,0,0.0
Obesity:No,0,0,0.0
Obesity:No,0,0,0.0
Obesity:No,0,0,3.7522914490868735e-167
Obesity:No,0,0,0.0
Obesity:No,0,0,5.152306721862121e-242
Obesity:No,0,0,3.0261203913023544e-224
Obesity:No,0,0,8.919021190696961e-173
Obesity:No,0,0,0.0
Obesity:No,0,0,0.0
Obesity:No,0,0,0.0
Obesity:No,0,0,0.0
Obesity:No,0,0,0.0
Obesity:No,0,0,0.0
Obesity:No,0,0,0.0
Obesity:No,0,0,0.0
Obesity:No,0,0,0.0
Obesity:No,0,0,8.612960617008482e-171
Obesity:No,0,0,0.0
Obesity:No,0,0,0.0
Obesity:No,0,0,0.0
Obesity:No,0,0,0.0
Obesity:No,0,0,0.0
Obesity:No,0,0,3.222708328619041e-206
Obesity:No,0,0,0.0
Obesity:No,0,0,0.0
Obesity:No,0,0,0.0
Obesity:No,0,0,0.0
Obesity:No,0,0,0.0
Obesity:No,0,0,1.7369676673881724e-167
Obesity:No,0,0,0.0
Obesity:No,0,0,0.0
Obesity:No,0,0,1.5877072402015815e-31
Obesity:No,0,0,0.0
Obesity:No,0,0,0.0
Obesity:No,0,0,0.0
Obesity:No,0,0,7.642506646355265e-124
Obesity:No,0,0,0.0
Obesity:No,0,0,8.400669683441775e-262
Obesity:No,0,0,8.434771687216565e-191
Obesity:No,0,0,4.727321117095413e-50
Obesity:No,0,0,0.0
Obesity:No,0,0,4.952831024940618e-301
Obesity:No,0,0,0.0
Obesity:No,0,0,0.0
Obesity:No,0,0,0.0
Obesity:No,0,0,0.0
Obesity:No,0,0,0.0
Obesity:No,0,0,0.0
Obesity:No,0,0,3.009575466844594e-114
Obesity:No,1,0,3.191477875258656e-150
Obesity:No,0,0,0.0
Obesity:No,0,0,0.0
Obesity:No,0,0,0.0
Obesity:No,0,0,7.898611459469952e-142
Obesity:No,0,0,0.0
Obesity:No,0,0,0.0
Obesity:No,0,0,0.0
Obesity:No,0,0,2.9144031377109755e-147
Obesity:No,0,0,0.0
Obesity:No,0,0,0.0
Obesity:No,0,0,4.246217815276367e-246
Obesity:No,0,0,2.293379450922368e-255
Obesity:No,0,0,0.0
Obesity:No,0,0,0.0
Obesity:No,0,0,0.0
Obesity:No,0,0,0.0
Obesity:No,0,0,6.209362829919519e-260
Obesity:No,0,0,0.0
Obesity:No,0,0,0.0
Obesity:No,0,0,0.0
Obesity:No,0,0,0.0
Obesity:No,0,0,0.0
Obesity:No,0,0,0.0
Obesity:No,0,0,0.0
Obesity:No,0,0,1.3749016839024165e-212
Obesity:No,0,0,3.02992532014217e-253
Obesity:No,0,0,0.0
Obesity:No,0,0,0.0
Obesity:No,1,0,7.451035576560158e-296
Obesity:No,0,0,0.0
Obesity:No,0,0,1.8283583722122528e-289
Obesity:No,0,0,0.0
Obesity:No,0,0,0.0
Obesity:No,0,0,0.0
Obesity:No,0,0,0.0
Obesity:No,0,0,0.0
Obesity:No,0,0,0.0
Obesity:No,0,0,0.0
Obesity:No,0,0,3.758338933036201e-220
Obesity:No,0,0,0.0
Obesity:No,0,0,0.0
Obesity:No,0,0,6.9098880129975255e-307
Obesity:No,0,0,4.8354219939569947e-231
Obesity:No,0,0,0.0
Obesity:No,0,0,2.7607378470674283e-230
Obesity:No,0,0,2.0241936249595468e-137
Obesity:No,0,0,0.0
Obesity:No,0,0,0.0
Obesity:No,0,0,0.0
Obesity:No,0,0,0.0
Obesity:No,0,0,6.923162602633899e-197
Obesity:No,0,0,0.0
Obesity:No,1,0,1.1312617481050362e-247
Obesity:No,0,0,4.296729724187726e-263
Obesity:No,0,0,0.0
Obesity:No,0,0,1.8009129135154935e-186
Obesity:No,0,0,0.0
Obesity:No,0,0,0.0
Obesity:No,1,0,0.0
Obesity:No,0,0,0.0
Obesity:No,0,0,0.0
Obesity:No,0,0,0.0
Obesity:No,0,0,4.764746018918607e-243
Obesity:No,0,0,3.3168232463689293e-178
Obesity:No,0,0,0.0
Obesity:No,0,0,0.0
Obesity:No,0,0,0.0
Obesity:No,0,0,3.550878173823717e-308
Obesity:No,0,0,1.3715188859035377e-141
Obesity:No,0,0,1.0231619263921574e-194
Obesity:No,0,0,0.0
Obesity:No,0,0,0.0
Obesity:No,0,0,0.0
Obesity:No,0,0,9.44650077247768e-291
Obesity:No,0,0,0.0
Obesity:No,0,0,3.806583325989042e-163
Obesity:No,0,0,0.0
Obesity:No,0,0,0.0
Obesity:No,0,0,1.6057904286359617e-289
Obesity:No,0,0,0.0
Obesity:No,0,0,0.0
Obesity:No,0,0,0.0
Obesity:No,0,0,1.5503733723007085e-234
Obesity:No,0,0,0.0
Obesity:No,0,0,1.8134503596045753e-284
Obesity:No,0,0,1.6521267499534225e-267
Obesity:No,0,0,0.0
Obesity:No,0,0,0.0
Obesity:No,0,0,1.4934965845379811e-230
Obesity:No,0,0,1.0838122485479644e-212
Obesity:No,0,0,0.0
Obesity:No,0,0,0.0
Obesity:No,0,0,7.201587696850296e-203
Obesity:No,0,0,4.258589678292455e-308
Obesity:No,0,0,1.9156374008795253e-306
Obesity:No,0,0,0.0
Obesity:No,0,0,2.6417754029051606e-189
Obesity:No,0,0,0.0
Obesity:No,0,0,0.0
Obesity:No,0,0,1.0335161402188083e-268
Obesity:No,0,0,0.0
Obesity:No,0,0,0.0
Obesity:No,0,0,2.4402442881029346e-299
Obesity:No,0,0,1.479364429248456e-252
Obesity:No,0,0,0.0
Obesity:No,0,0,2.6498306629900514e-84
Obesity:No,0,0,0.0
Obesity:No,0,0,2.313148863912568e-294
Obesity:No,0,0,0.0
Obesity:No,0,0,1.2739945755253346e-162
Obesity:No,0,0,0.0
Obesity:No,0,0,0.0
Obesity:No,0,1,0.999999999991944
Obesity:No,0,0,0.0
Obesity:No,0,0,0.0
Obesity:No,0,0,9.3915541712593e-164
Obesity:No,0,0,0.0
Obesity:No,0,0,0.0
Obesity:No,0,0,0.0
Obesity:No,0,0,4.1258267220712055e-300
Obesity:No,0,0,1.0359478348676148e-272
Obesity:No,0,0,0.0
Obesity:No,0,0,0.0
Obesity:No,0,0,1.8920524761351272e-283
Obesity:No,0,0,0.0
Obesity:No,0,0,0.0
Obesity:No,0,0,1.3288133154969153e-245
Obesity:No,0,0,0.0
Obesity:No,0,0,2.4555393040886986e-291
Obesity:No,0,0,1.9071077599039506e-122
Obesity:No,0,0,8.084521470167963e-260
Obesity:No,0,0,5.047014608465774e-278
Obesity:No,0,0,0.0
Obesity:No,0,0,9.44178244879236e-213
Obesity:No,0,0,0.0
Obesity:No,0,0,0.0
Obesity:No,0,0,0.0
Obesity:No,0,0,1.2706443011805936e-297
Obesity:No,0,0,0.0
Obesity:No,0,0,0.0
Obesity:No,0,0,0.0
Obesity:No,0,0,0.0
Obesity:No,0,0,0.0
Obesity:No,0,0,0.0
Obesity:No,0,0,0.0
Obesity:No,0,0,0.0
Obesity:No,0,0,0.0
Obesity:No,0,0,0.0
Obesity:No,0,0,6.124547632966271e-109
Obesity:No,0,0,1.438883251011918e-207
Obesity:No,0,0,0.0
Obesity:No,0,0,0.0
Obesity:No,0,0,0.0
Obesity:No,0,0,0.0
Obesity:No,0,0,0.0
Obesity:No,0,0,0.0
Obesity:No,0,0,0.0
Obesity:No,0,0,0.0
Obesity:No,0,0,1.637633822479866e-154
Obesity:No,0,0,7.827659817870797e-147
Obesity:No,0,0,0.0
Obesity:No,0,0,0.0
Obesity:No,0,0,5.529827738844583e-267
Obesity:No,0,0,0.0
Obesity:No,0,0,0.0
Obesity:No,0,0,0.0
Obesity:No,0,0,0.0
Obesity:No,0,0,0.0
Obesity:No,0,0,0.0
Obesity:No,0,0,0.0
Obesity:No,0,0,0.0
Obesity:No,0,0,0.0
Obesity:No,0,0,0.0
Obesity:No,0,0,0.0
Obesity:No,0,0,0.0
Obesity:No,0,0,1.0247658315536459e-261
Obesity:No,0,0,0.0
Obesity:No,0,0,1.4121535362792717e-159
Obesity:No,0,0,0.0
Obesity:No,0,0,0.0
Obesity:No,0,0,0.0
Obesity:No,0,0,0.0
Obesity:No,0,0,2.1492484145419543e-239
Obesity:No,0,0,7.537174717488589e-272
Obesity:No,0,0,0.0
Obesity:No,0,0,0.0
Obesity:No,0,0,4.480858531086542e-224
Obesity:No,0,0,0.0
Obesity:No,0,0,2.509109462271664e-284
Obesity:No,0,0,2.74322279586271e-261
Obesity:No,0,0,0.0
Obesity:No,0,0,0.0
Obesity:No,0,0,6.867149298363442e-134
Obesity:No,0,0,1.6410890935309192e-246
Obesity:No,0,0,0.0
Obesity:No,0,0,0.0
Obesity:No,0,0,2.2240896858591042e-297
Obesity:No,0,0,0.0
Obesity:No,0,0,5.741688317635329e-152
Obesity:No,0,0,0.0
Obesity:No,0,0,0.0
Obesity:No,0,0,3.631526046933701e-120
Obesity:No,0,0,2.924410202714149e-127
Obesity:No,0,0,0.0
Obesity:No,0,0,3.860171366830176e-46
Obesity:No,0,0,1.038711383130958e-261
Obesity:No,0,0,1.018951762232135e-147
Obesity:No,0,0,0.0
Obesity:No,0,0,9.237916237149286e-218
Obesity:No,0,0,0.0
Obesity:No,0,0,0.0
Obesity:No,0,0,0.0
Obesity:No,0,0,0.0
Obesity:No,0,0,0.0
Obesity:No,0,0,0.0
Obesity:No,0,0,4.805046055692977e-177
Obesity:No,0,0,0.0
Obesity:No,0,0,0.0
Obesity:No,0,0,0.0
Obesity:No,0,0,0.0
Obesity:No,0,0,0.0
Obesity:No,0,0,2.1697996030161138e-281
Obesity:No,0,0,0.0
Obesity:No,0,0,1.6412971716434943e-183
Obesity:No,0,0,0.0
Obesity:No,0,0,0.0
Obesity:No,0,0,3.641406180347759e-144
Obesity:No,0,0,0.0
Obesity:No,0,0,0.0
Obesity:No,0,0,0.0
Obesity:No,0,0,0.0
Obesity:No,0,0,0.0
Obesity:No,0,0,0.0
Obesity:No,0,0,6.541186283314982e-266
Obesity:No,0,0,0.0
Obesity:No,0,0,0.0
Obesity:No,0,0,6.184824601086799e-284
Obesity:No,0,0,0.0
Obesity:No,0,0,7.607367701405377e-240
Obesity:No,0,0,0.0
Obesity:No,0,0,0.0
Obesity:No,0,0,0.0
Obesity:No,0,0,1.830720916767318e-270
Obesity:No,0,0,0.0
Obesity:No,0,0,0.0
Obesity:No,0,0,2.791803997783714e-287
Obesity:No,0,0,0.0
Obesity:No,0,0,3.779477670686834e-245
Obesity:No,0,0,0.0
Obesity:No,0,0,4.2046867393846774e-207
Obesity:No,0,0,7.920547492451211e-294
Obesity:No,0,0,1.23783933446966e-291
Obesity:No,0,0,0.0
Obesity:No,0,0,4.700212654318958e-296
Obesity:No,0,0,0.0
Obesity:No,0,0,1.3084157094466855e-249
Obesity:No,0,0,8.444196440047351e-284
Obesity:No,0,0,0.0
Obesity:No,0,0,1.6793610517252985e-118
Obesity:No,0,0,2.1270169550073128e-175
Obesity:No,0,0,1.6056410802150482e-250
Obesity:No,0,0,1.5970859901672906e-259
Obesity:No,0,0,6.023821218733445e-294
Obesity:No,1,0,1.0095886294967475e-92
Obesity:No,0,0,0.0
Obesity:No,0,0,0.0
Obesity:No,0,0,0.0
Obesity:No,0,0,0.0
Obesity:No,0,0,0.0
Obesity:No,0,0,0.0
Obesity:No,0,0,0.0
Obesity:No,0,0,0.0
Obesity:No,0,0,0.0
Obesity:No,0,0,0.0
Obesity:No,0,0,0.0
Obesity:No,0,0,0.0
Obesity:No,0,0,0.0
Obesity:No,0,0,0.0
Obesity:No,0,0,6.1075947232116825e-174
Obesity:No,0,0,9.792138786765425e-160
Obesity:No,0,0,0.0
Obesity:No,0,0,0.0
Obesity:No,0,0,0.0
Obesity:No,1,0,0.0
Obesity:No,0,0,0.0
Obesity:No,0,0,0.0
Obesity:No,0,0,0.0
Obesity:No,1,0,4.858244141883874e-233
Obesity:No,0,0,9.094982640754889e-293
Obesity:No,0,0,9.309119979815476e-191
Obesity:No,0,0,5.5545246066883305e-164
Obesity:No,0,0,2.0442889188955746e-298
Obesity:No,0,0,1.4025333475326542e-301
Obesity:No,0,0,1.1384552297716439e-281
Obesity:No,0,0,0.0
Obesity:No,0,0,1.7287861790559348e-231
Obesity:No,0,0,2.5739921829140056e-253
Obesity:No,0,0,0.0
Obesity:No,0,0,0.0
Obesity:No,0,0,0.0
Obesity:No,0,0,0.0
Obesity:No,0,0,1.3134564546291883e-173
Obesity:No,0,0,0.0
Obesity:No,0,0,1.6316223477233685e-265
Obesity:No,0,0,8.013556700673987e-299
Obesity:No,0,0,0.0
Obesity:No,0,0,1.609007742180378e-250
Obesity:No,0,0,0.0
Obesity:No,0,0,9.24563556901077e-187
Obesity:No,0,0,4.4618646933924643e-241
Obesity:No,0,0,0.0
Obesity:No,0,0,5.180450276904494e-240
Obesity:No,0,0,0.0
Obesity:No,0,0,1.76372334791365e-300
Obesity:No,0,0,0.0
Obesity:No,0,0,8.529311239864894e-176
Obesity:No,0,0,0.0
Obesity:No,0,0,0.0
Obesity:No,0,0,2.0154184680598673e-234
Obesity:No,0,0,5.776985980921462e-261
Obesity:No,0,0,2.6770601967525874e-293
Obesity:No,0,0,0.0
Obesity:No,0,0,2.9027702606311512e-270
Obesity:No,0,0,0.0
Obesity:No,0,0,0.0
Obesity:No,0,0,0.0
Obesity:No,0,0,2.651287128049852e-246
Obesity:No,0,0,5.090649458863029e-295
Obesity:No,0,0,2.689568976176954e-258
Obesity:No,0,0,4.595464930658408e-177
Obesity:No,0,0,5.8599893986051875e-283
Obesity:No,1,0,3.756003274527881e-198
Obesity:No,0,0,4.217881977648655e-302
Obesity:No,0,0,4.813798392024307e-121
Obesity:No,0,0,1.8113279282158798e-167
Obesity:No,0,0,0.0
Obesity:No,0,0,6.349706525481323e-244
Obesity:No,0,0,2.933652581881098e-89
Obesity:No,0,0,0.0
Obesity:No,0,0,0.0
Obesity:No,0,0,0.0
Obesity:No,0,0,0.0
Obesity:No,0,0,0.0
Obesity:No,0,0,0.0
Obesity:No,0,0,0.0
Obesity:No,0,0,7.891571841681138e-287
Obesity:No,0,0,0.0
Obesity:No,1,0,0.0
Obesity:No,0,0,0.0
Obesity:No,0,0,1.1401715815013997e-297
Obesity:No,0,0,4.826107343577551e-268
Obesity:No,0,0,5.3441338194213e-271
Obesity:No,0,0,1.224794471817822e-208
Obesity:No,0,0,1.1826299838412426e-169
Obesity:No,0,0,1.1122577319699212e-270
Obesity:No,0,0,0.0
Obesity:No,0,0,0.0
Obesity:No,0,0,7.021790456639978e-61
Obesity:No,0,0,0.0
Obesity:No,0,0,2.798053643615569e-281
Obesity:No,0,0,2.4842751772485767e-255
Obesity:No,0,0,2.426265465522857e-178
Obesity:No,0,0,3.758319453228528e-268
Obesity:No,0,0,1.1502888279825642e-287
Obesity:No,0,0,0.0
Obesity:No,0,0,2.4639250207194097e-298
Obesity:No,0,0,0.0
Obesity:No,0,0,0.0
Obesity:No,0,0,0.0
Obesity:No,0,0,1.360259683479371e-73
Obesity:No,0,0,0.0
Obesity:No,0,0,0.0
Obesity:No,0,0,0.0
Obesity:No,0,0,4.275482784848754e-291
Obesity:No,0,0,8.772448822336048e-300
Obesity:No,0,0,1.095978587704388e-48
Obesity:No,0,0,0.0
Obesity:No,0,0,0.0
Obesity:No,0,0,0.0
Obesity:No,0,0,0.0
Obesity:No,0,0,0.0
Obesity:No,0,0,0.0
Obesity:No,0,0,0.0
Obesity:No,0,0,0.0
Obesity:No,0,0,0.0
Obesity:No,0,0,1.1099081648222806e-299
Obesity:No,0,0,0.0
Obesity:No,0,0,0.0
Obesity:No,0,0,0.0
Obesity:No,0,0,0.0
Obesity:No,0,0,1.9778224702746563e-288
Obesity:No,0,0,6.271161459879513e-150
Obesity:No,0,0,8.163535623228537e-186
Obesity:No,0,0,0.0
Obesity:No,0,0,3.813291386545905e-219
Obesity:No,0,0,0.0
Obesity:No,0,0,0.0
Obesity:No,0,0,0.0
Obesity:No,0,0,0.0
Obesity:No,0,0,0.0
Obesity:No,0,0,0.0
Obesity:No,0,0,4.03642156256156e-218
Obesity:No,0,0,0.0
Obesity:No,0,0,0.0
Obesity:No,0,0,0.0
Obesity:No,0,0,0.0
Obesity:No,0,0,5.588314433607956e-291
Obesity:No,0,0,1.3243218144035346e-178
Obesity:No,0,0,6.026326996709697e-128
Obesity:No,0,0,1.2142129515958052e-239
Obesity:No,0,0,0.0
Obesity:No,1,0,1.6976544996767314e-147
Obesity:No,0,0,1.1700036289411024e-256
Obesity:No,0,0,9.36432311411957e-204
Obesity:No,0,0,0.0
Obesity:No,0,0,0.0
Obesity:No,0,0,0.0
Obesity:No,0,0,0.0
Obesity:No,0,0,6.3183861574399555e-198
Obesity:No,0,0,0.0
Obesity:No,0,0,0.0
Obesity:No,0,0,2.166361757744131e-208
Obesity:No,0,0,7.308187263756816e-233
Obesity:No,0,0,3.5335418699083075e-304
Obesity:No,0,0,0.0
Obesity:No,0,0,1.0328746676846386e-177
Obesity:No,0,0,0.0
Obesity:No,0,0,0.0
Obesity:No,0,0,0.0
Obesity:No,0,0,2.0257639116712416e-293
Obesity:No,0,0,5.193453152806067e-294
Obesity:No,0,0,8.903974299625757e-45
Obesity:No,0,0,0.0
Obesity:No,0,0,1.313183312042707e-158
Obesity:No,0,0,8.729981839848828e-165
Obesity:No,0,0,0.0
Obesity:No,0,0,0.0
Obesity:No,1,0,6.656325375631036e-255
Obesity:No,0,0,0.0
Obesity:No,0,0,0.0
Obesity:No,0,0,0.0
Obesity:No,0,0,2.582869925657999e-181
Obesity:No,0,0,0.0
Obesity:No,0,0,0.0
Obesity:No,0,0,0.0
Obesity:No,0,0,0.0
Obesity:No,0,0,0.0
Obesity:No,0,0,0.0
Obesity:No,0,0,3.2825769091013407e-289
Obesity:No,0,0,0.0
Obesity:No,0,0,2.9331275208653592e-56
Obesity:No,0,0,0.0
Obesity:No,0,0,0.0
Obesity:No,0,0,3.0054516348896994e-301
Obesity:No,0,0,9.152757891635264e-204
Obesity:No,0,0,0.0
Obesity:No,0,0,0.0
Obesity:No,0,0,9.982601156182845e-219
Obesity:No,0,0,0.0
Obesity:No,0,0,0.0
Obesity:No,0,0,0.0
Obesity:No,0,0,6.684157936543968e-229
Obesity:No,0,0,9.36233962655029e-287
Obesity:No,0,0,0.0
Obesity:No,0,0,0.0
Obesity:No,0,0,1.7332927400700167e-172
Obesity:No,0,0,0.0
Obesity:No,0,0,0.0
Obesity:No,0,0,0.0
Obesity:No,0,0,0.0
Obesity:No,0,0,0.0
Obesity:No,0,0,0.0
Obesity:No,0,0,0.0
Obesity:No,0,0,3.3454399260904814e-285
Obesity:No,0,0,0.0
Obesity:No,0,0,6.374502026595164e-271
Obesity:No,0,0,0.0
Obesity:No,0,0,3.39403777957731e-162
Obesity:No,0,0,0.0
Obesity:No,0,0,1.57949099462774e-136
Obesity:No,0,0,3.958171362766087e-114
Obesity:No,0,0,0.0
Obesity:No,0,0,0.0
Obesity:No,0,0,3.682778842431061e-284
Obesity:No,0,0,0.0
Obesity:No,0,0,1.2140818162842318e-237
Obesity:No,0,0,3.3157196207784275e-191
Obesity:No,0,0,0.0
Obesity:No,0,0,0.0
Obesity:No,0,0,0.0
Obesity:No,0,0,0.0
Obesity:No,0,0,2.3102320367091505e-127
Obesity:No,0,0,5.3817655358923975e-217
Obesity:No,0,0,8.792374446165209e-280
Obesity:No,0,0,0.0
Obesity:No,0,0,5.917763838947528e-261
Obesity:No,0,0,1.128729749105075e-254
Obesity:No,0,0,0.0
Obesity:No,0,0,0.0
Obesity:No,0,0,0.0
Obesity:No,0,0,1.8109134896040406e-105
Obesity:No,0,0,0.0
Obesity:No,0,0,1.2034411362927517e-300
Obesity:No,0,0,0.0
Obesity:No,1,0,1.2569572329742623e-155
Obesity:No,0,0,0.0
Obesity:No,0,0,2.861236042217349e-123
Obesity:No,0,0,0.0
Obesity:No,0,0,0.0
Obesity:No,0,0,0.0
Obesity:No,0,0,1.4086536509893283e-154
Obesity:No,0,0,1.360248520023076e-202
Obesity:No,0,0,0.0
Obesity:No,0,0,0.0
Obesity:No,0,0,0.0
Obesity:No,0,0,0.0
Obesity:No,0,0,0.0
Obesity:No,0,0,6.719106027594376e-230
Obesity:No,0,0,0.0
Obesity:No,0,0,0.4009468382263421
Obesity:No,0,0,2.186964742840496e-143
Obesity:No,0,0,1.5804572968452522e-262
Obesity:No,0,0,0.0
Obesity:No,0,0,0.0
Obesity:No,0,0,0.0
Obesity:No,0,0,1.283744781347375e-19
Obesity:No,0,0,7.938389692369209e-290
Obesity:No,0,0,0.0
Obesity:No,0,0,2.1855296019475432e-215
Obesity:No,0,0,0.0
Obesity:No,0,0,2.224551090599277e-275
Obesity:No,0,0,0.0
Obesity:No,0,0,3.6730079586007195e-219
Obesity:No,0,0,1.1556508122647458e-134
Obesity:No,0,0,1.5481003847943977e-281
Obesity:No,0,0,0.0
Obesity:No,0,0,1.3423012162838889e-301
Obesity:No,0,0,5.681748561861483e-219
Obesity:No,0,0,1.730574751602252e-167
Obesity:No,0,0,0.0
Obesity:No,0,0,0.0
Obesity:No,0,0,1.0398814042884012e-159
Obesity:No,0,0,9.701951145857383e-290
Obesity:No,0,0,0.0
Obesity:No,0,0,0.0
Obesity:No,0,0,0.0
Obesity:No,0,0,3.440473500692559e-293
Obesity:No,0,0,0.0
Obesity:No,0,0,0.0
Obesity:No,0,0,1.952954347972487e-118
Obesity:No,0,0,0.0
Obesity:No,0,0,2.4168783310724393e-269
Obesity:No,0,0,0.0
Obesity:No,0,0,0.0
Obesity:No,0,0,0.0
Obesity:No,0,1,1.0
Obesity:No,0,0,0.0
Obesity:No,0,0,4.026593576743091e-252
Obesity:No,0,0,0.0
Obesity:No,0,0,0.0
Obesity:No,0,0,4.035486600807349e-256
Obesity:No,0,0,7.556530286973037e-168
Obesity:No,0,0,0.0
Obesity:No,0,0,0.0
Obesity:No,0,0,0.0
Obesity:No,0,0,0.0
Obesity:No,0,0,0.0
Obesity:No,0,0,0.0
Obesity:No,0,0,0.0
Obesity:No,0,0,7.863019438077498e-244
Obesity:No,0,0,6.75341129833236e-262
Obesity:No,0,0,0.0
Obesity:No,0,0,1.729077432461843e-104
Obesity:No,0,0,0.0
Obesity:No,0,0,0.0
Obesity:No,0,0,6.35439145505403e-287
Obesity:No,0,0,0.0
Obesity:No,0,0,0.0
Obesity:No,0,0,0.0
Obesity:No,0,0,0.0
Obesity:No,0,0,0.0
Obesity:No,0,1,0.6489696121120765
Obesity:No,0,0,0.0
Obesity:No,0,0,2.5340578303660495e-226
Obesity:No,0,0,2.2590080858268833e-68
Obesity:No,0,0,1.7617824118478625e-156
Obesity:No,0,0,0.0
Obesity:No,0,0,8.078798367855696e-276
Obesity:No,1,0,2.904439276919766e-52
Obesity:No,0,0,0.0
Obesity:No,0,0,0.0
Obesity:No,0,0,0.0
Obesity:No,0,0,1.451668617776222e-286
Obesity:No,0,0,1.552101065828946e-239
Obesity:No,0,0,0.0
Obesity:No,0,0,5.175678814693968e-288
Obesity:No,0,0,0.0
Obesity:No,0,0,0.0
Obesity:No,0,0,0.0
Obesity:No,0,0,0.0
Obesity:No,0,0,0.0
Obesity:No,0,0,0.0
Obesity:No,0,0,6.859173527860442e-184
Obesity:No,0,0,0.0
Obesity:No,0,0,0.0
Obesity:No,0,0,0.0
Obesity:No,0,0,5.6875346416312186e-294
Obesity:No,0,0,1.787767799793601e-93
Obesity:No,0,0,0.0
Obesity:No,1,0,9.493521173889819e-241
Obesity:No,0,0,0.0
Obesity:No,0,0,3.8975979745220207e-274
Obesity:No,0,0,2.4501396079424923e-194
Obesity:No,0,0,0.0
Obesity:No,0,0,2.235015003317476e-270
Obesity:No,0,0,0.0
Obesity:No,0,0,0.0
Obesity:No,0,0,2.7374223609553715e-267
Obesity:No,0,0,0.0
Obesity:No,0,0,2.7037146682124588e-282
Obesity:No,0,0,0.0
Obesity:No,0,0,0.0
Obesity:No,0,0,1.079160452188382e-255
Obesity:No,0,0,1.803583957488743e-243
Obesity:No,0,0,3.3491182150633726e-245
Obesity:No,0,0,0.0
Obesity:No,0,0,5.373335558633568e-184
Obesity:No,0,0,0.0
Obesity:No,0,0,0.0
Obesity:No,0,0,3.051695343793752e-218
Obesity:No,0,0,0.0
Obesity:No,0,0,2.934638223084601e-230
Obesity:No,0,0,0.0
Obesity:No,0,0,0.0
Obesity:No,0,0,0.0
Obesity:No,0,0,0.0
Obesity:No,0,0,0.0
Obesity:No,0,0,0.0
Obesity:No,0,0,0.0
Obesity:No,0,0,0.0
Obesity:No,0,0,0.0
Obesity:No,0,0,0.0
Obesity:No,0,0,6.292613055892499e-194
Obesity:No,0,0,0.0
Obesity:No,0,0,0.0
Obesity:No,0,0,0.0
Obesity:No,0,0,1.115904525283665e-188
Obesity:No,0,0,0.0
Obesity:No,0,0,6.450353786987871e-239
Obesity:No,0,0,4.730984702379783e-79
Obesity:No,1,0,1.1855845162369603e-212
Obesity:No,0,0,1.2120824635149169e-222
Obesity:No,0,0,3.5603141235854004e-36
Obesity:No,0,0,0.0
Obesity:No,0,0,3.4819412825867614e-207
Obesity:No,0,0,1.7305909569355437e-133
Obesity:No,0,0,2.686872268930706e-136
Obesity:No,0,0,0.0
Obesity:No,0,0,0.0
Obesity:No,0,0,1.7894607149970585e-73
Obesity:No,0,0,0.0
Obesity:No,0,0,0.0
Obesity:No,0,0,0.0
Obesity:No,0,0,0.0
Obesity:No,0,0,0.0
Obesity:No,0,0,1.7753248267926464e-289
Obesity:No,0,0,0.0
Obesity:No,0,0,0.0
Obesity:No,0,0,2.3010619071468233e-228
Obesity:No,0,0,0.0
Obesity:No,0,0,0.0
Obesity:No,0,0,0.0
Obesity:No,0,0,9.3915541712593e-164
Obesity:No,0,0,0.0
Obesity:No,0,0,0.0
Obesity:No,0,0,9.23365416762328e-264
Obesity:No,0,0,0.0
Obesity:No,0,0,0.0
Obesity:No,0,0,0.0
Obesity:No,0,0,0.0
Obesity:No,0,0,0.0
Obesity:No,0,0,0.0
Obesity:No,0,0,0.0
Obesity:No,0,0,0.0
Obesity:No,0,0,3.342062713388318e-235
Obesity:No,0,0,1.8642497054451924e-271
Obesity:No,0,0,0.0
Obesity:No,0,0,0.0
Obesity:No,0,0,0.0
Obesity:No,0,0,0.0
Obesity:No,0,0,1.0133896639674102e-236
Obesity:No,0,0,0.0
Obesity:No,0,0,2.6188469534963186e-174
Obesity:No,0,0,0.0
Obesity:No,0,0,6.0001046912441984e-180
Obesity:No,0,0,0.0
Obesity:No,0,0,0.0
Obesity:No,0,0,0.0
Obesity:No,0,0,0.0
Obesity:No,0,0,1.0737055602635305e-261
Obesity:No,0,0,7.469530929639226e-259
Obesity:No,0,0,0.0
Obesity:No,1,0,0.0
Obesity:No,0,0,1.3011729318071946e-72
Obesity:No,0,0,4.112529477327391e-250
Obesity:No,0,0,0.0
Obesity:No,0,0,0.0
Obesity:No,0,0,0.0
Obesity:No,1,0,0.0
Obesity:No,0,0,1.4190652852014277e-272
Obesity:No,0,0,0.0
Obesity:No,0,0,0.0
Obesity:No,0,0,0.0
Obesity:No,0,0,3.5557230899650414e-244
Obesity:No,0,0,0.0
Obesity:No,0,0,0.0
Obesity:No,0,0,3.669748706368292e-273
Obesity:No,0,0,2.9819007329391635e-304
Obesity:No,0,0,0.0
Obesity:No,0,0,0.0
Obesity:No,0,0,0.0
Obesity:No,0,0,0.0
Obesity:No,0,0,0.0
Obesity:No,0,0,1.3788757223223522e-163
Obesity:No,0,0,0.0
Obesity:No,0,0,0.0
Obesity:No,0,0,1.332834915281598e-251
Obesity:No,0,0,6.265614708741507e-233
Obesity:No,0,0,0.0
Obesity:No,0,0,0.0
Obesity:No,0,0,5.170531725183028e-170
Obesity:No,0,0,3.16646353491835e-264
Obesity:No,0,0,1.2548605271089916e-304
Obesity:No,0,0,0.0
Obesity:No,0,0,6.266520841286635e-266
Obesity:No,0,0,1.5798803513470033e-282
Obesity:No,0,0,1.431875910476731e-258
Obesity:No,0,0,3.258985977678413e-265
Obesity:No,0,0,0.0
Obesity:No,0,0,0.0
Obesity:No,0,0,1.7166996080121768e-213
Obesity:No,0,0,0.0
Obesity:No,0,0,0.0
Obesity:No,0,0,0.0
Obesity:No,0,0,2.5756670540122196e-183
Obesity:No,0,0,0.0
Obesity:No,0,0,1.485785396353957e-154
Obesity:No,0,0,0.0
Obesity:No,0,0,2.4638354181813776e-254
Obesity:No,1,0,0.0
Obesity:No,0,0,3.367729620241264e-295
Obesity:No,0,0,1.449533546322648e-277
Obesity:No,0,0,1.3321639758042506e-234
Obesity:No,0,0,2.263391978259313e-256
Obesity:No,0,0,0.0
Obesity:No,0,0,0.0
Obesity:No,0,0,2.313763598121444e-283
Obesity:No,0,0,0.0
Obesity:No,0,0,0.0
Obesity:No,0,0,0.0
Obesity:No,0,0,5.300366562428074e-100
Obesity:No,0,0,0.0
Obesity:No,0,0,0.0
Obesity:No,0,0,0.0
Obesity:No,0,0,0.0
Obesity:No,0,0,0.0
Obesity:No,0,0,2.8693125412448717e-271
Obesity:No,0,1,1.0
Obesity:No,0,0,4.359328008920099e-188
Obesity:No,0,0,0.0
Obesity:No,0,0,0.0
Obesity:No,0,0,0.0
Obesity:No,0,0,0.0
Obesity:No,0,0,2.130179023951857e-186
Obesity:No,0,0,0.0
Obesity:No,0,0,0.0
Obesity:No,0,0,0.0
Obesity:No,0,0,0.0
Obesity:No,0,0,0.0
Obesity:No,0,0,7.37199649433424e-188
Obesity:No,0,0,0.0
Obesity:No,0,0,0.0
Obesity:No,0,0,1.6556028594910918e-173
Obesity:No,0,0,6.454832612725703e-208
Obesity:No,0,0,0.0
Obesity:No,0,0,0.0
Obesity:No,1,0,4.255126633006225e-170
Obesity:No,0,0,8.944176910748943e-182
Obesity:No,0,0,4.30572193840273e-213
Obesity:No,0,0,0.0
Obesity:No,0,1,0.9999999998944695
Obesity:No,0,0,5.465986579374814e-229
Obesity:No,0,0,0.0
Obesity:No,0,0,0.0
Obesity:No,0,0,2.8697671858770953e-297
Obesity:No,0,0,0.0
Obesity:No,0,0,0.0
Obesity:No,0,0,0.0
Obesity:No,0,0,0.0
Obesity:No,0,0,0.0
Obesity:No,0,0,0.0
Obesity:No,0,0,0.0
Obesity:No,0,0,0.0
Obesity:No,0,0,0.0
Obesity:No,0,0,1.2610100448773279e-242
Obesity:No,0,0,2.280613844252147e-230
Obesity:No,0,0,3.1552017545632302e-201
Obesity:No,0,0,9.24830991629256e-49
Obesity:No,0,0,0.0
Obesity:No,0,0,4.10080128591248e-237
Obesity:No,0,0,7.217413514758867e-292
Obesity:No,0,0,1.7287861790559348e-231
Obesity:No,0,0,5.285679962140039e-34
Obesity:No,0,0,0.0
Obesity:No,0,0,3.217088673653902e-217
Obesity:No,0,0,0.0
Obesity:No,0,0,0.0
Obesity:No,0,0,0.0
Obesity:No,0,0,0.0
Obesity:No,0,0,0.0
Obesity:No,0,0,0.0
Obesity:No,0,0,0.0
Obesity:No,0,0,1.3242095196043634e-285
Obesity:No,0,0,0.0
Obesity:No,0,0,0.0
Obesity:No,0,0,3.1776997649793986e-35
Obesity:No,0,0,0.0
Obesity:No,0,0,0.0
Obesity:No,0,0,0.0
Obesity:No,0,0,0.0
Obesity:No,0,0,3.9801849104577895e-296
Obesity:No,0,0,0.0
Obesity:No,0,0,9.043978889090565e-282
Obesity:No,0,0,0.0
Obesity:No,0,0,0.0
Obesity:No,0,0,9.558590158842677e-195
Obesity:No,0,0,6.036343577183204e-48
Obesity:No,0,0,0.0
Obesity:No,0,0,1.0446759248914038e-266
Obesity:No,0,0,0.0
Obesity:No,0,0,1.318975645717277e-226
Obesity:No,0,0,0.0
Obesity:No,0,0,3.5157910222373253e-237
Obesity:No,0,0,0.0
Obesity:No,0,0,1.3443136669598894e-149
Obesity:No,0,0,0.0
Obesity:No,0,0,0.0
Obesity:No,0,0,2.1467824661871806e-169
Obesity:No,0,0,0.0
Obesity:No,0,0,3.411257117636765e-193
Obesity:No,1,0,2.1772163198196666e-266
Obesity:No,0,0,3.645142245296911e-102
Obesity:No,0,0,3.286687641508685e-204
Obesity:No,0,0,0.0
Obesity:No,0,0,0.0
Obesity:No,0,0,0.0
Obesity:No,0,0,0.0
Obesity:No,0,0,1.7097598215856275e-107
Obesity:No,0,0,0.0
Obesity:No,0,0,0.0
Obesity:No,0,0,0.0
Obesity:No,0,0,0.0
Obesity:No,0,0,6.342613707852079e-254
Obesity:No,0,0,0.0
Obesity:No,0,0,0.0
Obesity:No,0,0,0.0
Obesity:No,0,0,0.0
Obesity:No,0,0,1.0877510644112001e-274
Obesity:No,0,0,0.0
Obesity:No,0,0,1.706017247098955e-186
Obesity:No,0,0,4.843597072436865e-154
Obesity:No,0,0,4.0033789801225863e-221
Obesity:No,0,0,5.592042383749053e-214
Obesity:No,0,0,0.0
Obesity:No,0,0,0.0
Obesity:No,0,0,0.0
Obesity:No,0,0,0.0
Obesity:No,0,0,0.0
Obesity:No,0,0,0.0
Obesity:No,0,0,0.0
Obesity:No,0,0,0.0
Obesity:No,0,0,0.0
Obesity:No,0,0,0.0
Obesity:No,0,0,0.0
Obesity:No,0,0,0.0
Obesity:No,0,0,0.0
Obesity:No,0,0,4.4189354349459456e-187
Obesity:No,0,0,5.006173404438271e-230
Obesity:No,0,0,3.211411826217887e-181
Obesity:No,0,0,0.0
Obesity:No,0,0,2.8104845496282073e-247
Obesity:No,0,0,0.0
Obesity:No,0,0,2.46631176508523e-270
Obesity:No,0,0,0.0
Obesity:No,0,0,0.0
Obesity:No,0,0,9.29471195657615e-286
Obesity:No,0,0,9.581118393208282e-239
Obesity:No,0,0,0.0
Obesity:No,0,0,0.0
Obesity:No,0,0,0.0
Obesity:No,0,0,0.0
Obesity:No,0,0,1.6186274721369363e-132
Obesity:No,0,0,0.0
Obesity:No,0,0,2.9087722019500743e-217
Obesity:No,0,0,0.0
Obesity:No,0,0,0.0
Obesity:No,0,0,0.0
Obesity:No,0,0,0.0
Obesity:No,0,0,0.0
Obesity:No,0,0,8.88135641375708e-291
Obesity:No,0,0,0.0
Obesity:No,0,0,1.2256218250261712e-218
Obesity:No,0,0,0.0
Obesity:No,0,0,0.0
Obesity:No,0,0,0.0
Obesity:No,0,0,0.0
Obesity:No,0,0,0.0
Obesity:No,0,0,0.0
Obesity:No,0,0,1.3644121027366437e-283
Obesity:No,0,0,0.0
Obesity:No,0,0,0.0
Obesity:No,0,0,0.0
Obesity:No,0,0,2.9937009093535524e-187
Obesity:No,0,0,7.458381342109999e-213
Obesity:No,0,0,7.968726377314858e-119
Obesity:No,0,0,0.0
Obesity:No,1,0,1.3223003091166583e-05
Obesity:No,0,0,2.1255851904440855e-200
Obesity:No,0,0,0.0
Obesity:No,0,0,0.0
Obesity:No,0,0,0.0
Obesity:No,0,0,0.0
Obesity:No,0,0,0.0
Obesity:No,0,0,1.1073125481861348e-227
Obesity:No,0,0,0.0
Obesity:No,0,0,3.196022998557379e-222
Obesity:No,0,0,2.9286698938544277e-272
Obesity:No,0,0,8.112439633625084e-300
Obesity:No,0,0,0.0
Obesity:No,0,0,0.0
Obesity:No,0,0,0.0
Obesity:No,0,0,4.919892616812291e-231
Obesity:No,0,0,0.0
Obesity:No,0,0,0.0
Obesity:No,0,0,0.0
Obesity:No,0,0,0.0
Obesity:No,0,0,0.0
Obesity:No,0,0,0.0
Obesity:No,0,0,0.0
Obesity:No,0,0,0.0
Obesity:No,0,0,0.0
Obesity:No,0,0,8.334697936692736e-180
Obesity:No,0,0,0.0
Obesity:No,0,0,0.0
Obesity:No,0,0,5.6875346416312186e-294
Obesity:No,0,0,0.0
Obesity:No,0,0,0.0
Obesity:No,0,0,0.0
Obesity:No,0,0,1.632334400378938e-258
Obesity:No,0,0,0.0
Obesity:No,0,0,1.6548812512442012e-233
Obesity:No,0,0,0.0
Obesity:No,0,0,0.0
Obesity:No,0,0,3.509619169769156e-238
Obesity:No,0,0,0.0
Obesity:No,0,0,3.137853604361686e-250
Obesity:No,0,0,0.0
Obesity:No,0,0,2.36970730855179e-217
Obesity:No,0,0,0.0
Obesity:No,0,0,0.0
Obesity:No,0,0,1.9338162295566375e-254
Obesity:No,0,0,0.0
Obesity:No,0,0,2.449239130937022e-288
Obesity:No,0,0,0.0
Obesity:No,0,0,1.329888131933508e-280
Obesity:No,0,0,0.0
Obesity:No,0,0,1.4098368604021546e-146
Obesity:No,0,0,0.0
Obesity:No,0,0,1.4507803579208506e-84
Obesity:No,0,0,2.585883628140836e-243
Obesity:No,0,0,0.0
Obesity:No,0,0,0.0
Obesity:No,0,0,0.0
Obesity:No,0,0,0.0
Obesity:No,0,0,0.0
Obesity:No,0,0,0.0
Obesity:No,0,0,0.0
Obesity:No,0,0,0.0
Obesity:No,0,0,1.8361202295106327e-286
Obesity:No,0,0,0.0
Obesity:No,0,0,0.0
Obesity:No,0,0,1.4944300695389507e-203
Obesity:No,0,0,2.7980024967418908e-126
Obesity:No,0,0,0.0
Obesity:No,0,0,0.0
Obesity:No,0,0,0.0
Obesity:No,0,0,9.99133246825108e-296
Obesity:No,0,0,0.0
Obesity:No,0,0,5.5075236491695175e-297
Obesity:No,0,0,0.0
Obesity:No,0,0,0.0
Obesity:No,0,0,0.0
Obesity:No,0,0,1.0070240598190454e-303
Obesity:No,0,0,7.817516398811901e-308
Obesity:No,0,0,2.3403496585737936e-174
Obesity:No,0,0,1.2831505907481832e-287
Obesity:No,0,1,1.0
Obesity:No,0,0,0.0
Obesity:No,0,0,4.742326393752385e-167
Obesity:No,0,0,2.069510905915289e-124
Obesity:No,0,0,0.0
Obesity:No,0,0,0.0
Obesity:No,0,0,0.0
Obesity:No,0,0,9.808655063717289e-292
Obesity:No,0,0,3.3049947048925884e-155
Obesity:No,0,0,4.422123514100049e-186
Obesity:No,0,0,1.80829496755019e-272
Obesity:No,0,0,3.884408055359818e-276
Obesity:No,0,0,4.0702680081858345e-218
Obesity:No,0,0,4.3070990909269126e-216
Obesity:No,0,0,0.0
Obesity:No,0,0,0.0
Obesity:No,0,0,0.0
Obesity:No,0,0,0.0
Obesity:No,0,0,0.0
Obesity:No,0,0,7.640883517377478e-162
Obesity:No,0,0,0.0
Obesity:No,0,0,1.2216184324912426e-210
Obesity:No,0,0,3.911640762778424e-235
Obesity:No,0,0,1.775012186711119e-238
Obesity:No,0,0,8.760079014989552e-179
Obesity:No,0,0,7.749395289130276e-250
Obesity:No,0,0,0.0
Obesity:No,0,0,0.0
Obesity:No,0,0,0.0
Obesity:No,0,0,0.0
Obesity:No,0,0,8.556997152424205e-248
Obesity:No,0,0,0.0
Obesity:No,0,0,0.0
Obesity:No,0,0,0.0
Obesity:No,0,0,5.561541903540499e-267
Obesity:No,0,0,0.0
Obesity:No,0,0,4.623195077808709e-195
Obesity:No,0,0,0.0
Obesity:No,0,0,0.0
Obesity:No,0,0,6.413693499976013e-301
Obesity:No,0,0,6.23838484494109e-224
Obesity:No,0,0,0.0
Obesity:No,0,0,1.4339684100480011e-207
Obesity:No,0,0,0.0
Obesity:No,0,0,0.0
Obesity:No,0,0,2.411512053971611e-186
Obesity:No,0,0,0.0
Obesity:No,0,0,0.0
Obesity:No,0,0,1.5512958119945226e-180
Obesity:No,0,0,0.0
Obesity:No,0,0,7.979023442842481e-276
Obesity:No,0,0,0.0
Obesity:No,0,0,0.0
Obesity:No,0,0,2.478425128343636e-131
Obesity:No,0,0,1.4470767827937206e-59
Obesity:No,0,0,0.0
Obesity:No,0,0,1.7804269113260238e-228
Obesity:No,0,0,0.0
Obesity:No,0,0,1.4367979357923134e-224
Obesity:No,0,0,4.2169730000597634e-237
Obesity:No,0,0,0.0
Obesity:No,0,0,0.0
Obesity:No,0,0,3.521790175734215e-307
Obesity:No,0,0,0.0
Obesity:No,0,0,0.0
Obesity:No,0,0,0.0
Obesity:No,0,0,4.0549883220865485e-211
Obesity:No,0,0,0.0
Obesity:No,0,0,4.9101978657539607e-281
Obesity:No,0,0,0.0
Obesity:No,0,0,0.0
Obesity:No,0,0,2.632415309531502e-125
Obesity:No,0,0,0.0
Obesity:No,0,0,1.6433429195594116e-122
Obesity:No,0,0,4.7453247161931294e-32
Obesity:No,0,0,0.0
Obesity:No,1,0,5.605346972994325e-282
Obesity:No,0,0,0.0
Obesity:No,0,0,4.969453476303895e-291
Obesity:No,0,0,0.0
Obesity:No,0,0,0.0
Obesity:No,0,0,0.0
Obesity:No,0,0,0.0
Obesity:No,0,0,0.0
Obesity:No,0,0,5.6120487352603815e-112
Obesity:No,0,0,2.4321440231940606e-308
Obesity:No,0,0,4.101335345104696e-276
Obesity:No,0,0,0.0
Obesity:No,0,0,1.2809776047114495e-240
Obesity:No,0,0,0.0
Obesity:No,0,0,0.0
Obesity:No,0,0,0.0
Obesity:No,0,0,0.0
Obesity:No,0,0,2.181806776222873e-199
Obesity:No,0,0,4.312578250824231e-228
Obesity:No,0,0,7.641964700126559e-280
Obesity:No,0,0,0.0
Obesity:No,0,0,0.0
Obesity:No,0,0,0.0
Obesity:No,0,0,0.0
Obesity:No,0,0,0.0
Obesity:No,0,0,4.187488552854471e-285
Obesity:No,0,0,8.420569424243623e-93
Obesity:No,0,0,0.0
Obesity:No,0,0,8.237277510606465e-219
Obesity:No,0,0,0.0
Obesity:No,0,0,0.0
Obesity:No,0,0,0.0
Obesity:No,0,0,1.386373130254053e-118
Obesity:No,0,0,0.0
Obesity:No,0,0,3.2304284621703305e-150
Obesity:No,0,0,1.4475615821803633e-200
Obesity:No,0,0,0.0
Obesity:No,0,0,0.0
Obesity:No,0,0,3.094234129825511e-172
Obesity:No,0,0,1.2151022173391483e-202
Obesity:No,0,0,0.0
Obesity:No,0,0,3.970911234822319e-212
Obesity:No,0,0,0.0
Obesity:No,0,0,1.4171867766280994e-270
Obesity:No,0,0,0.0
Obesity:No,0,0,0.0
Obesity:No,0,0,0.0
Obesity:No,0,1,0.9999874703952615
Obesity:No,0,0,7.680097653112621e-256
Obesity:No,0,0,0.0
Obesity:No,0,0,8.331656409464771e-193
Obesity:No,0,0,1.658353912764735e-222
Obesity:No,0,0,1.317580914641472e-259
Obesity:No,0,0,0.0
Obesity:No,0,0,0.0
Obesity:No,0,0,0.0
Obesity:No,0,0,0.0
Obesity:No,0,0,0.0
Obesity:No,0,0,0.0
Obesity:No,0,0,2.4111935315557925e-202
Obesity:No,0,0,0.0
Obesity:No,0,0,1.762353488663908e-291
Obesity:No,0,0,1.4694611239544953e-97
Obesity:No,0,0,0.0
Obesity:No,0,0,8.175622775783812e-233
Obesity:No,0,0,0.0
Obesity:No,0,0,4.230687712115564e-166
Obesity:No,0,0,0.0
Obesity:No,0,0,0.0
Obesity:No,0,0,0.0
Obesity:No,0,0,0.0
Obesity:No,0,0,0.0
Obesity:No,0,0,0.0
Obesity:No,0,0,6.81707217950766e-282
Obesity:No,0,0,1.1066632060425844e-239
Obesity:No,0,0,0.0
Obesity:No,0,0,0.0
Obesity:No,0,0,0.0
Obesity:No,0,0,5.204418731080001e-285
Obesity:No,0,0,0.0
Obesity:No,0,0,0.0
Obesity:No,0,0,0.0
Obesity:No,0,0,2.1468731251094527e-218
Obesity:No,0,0,1.6098636378884502e-227
Obesity:No,0,0,0.0
Obesity:No,0,0,0.0
Obesity:No,0,0,0.0
Obesity:No,0,0,4.671906443919708e-227
Obesity:No,0,0,1.9667662494049045e-250
Obesity:No,0,0,0.0
Obesity:No,0,0,1.1568651952490747e-126
Obesity:No,0,0,1.1495506717859308e-270
Obesity:No,0,0,0.0
Obesity:No,0,0,0.0
Obesity:No,0,0,1.111135001878826e-255
Obesity:No,0,0,0.0
Obesity:No,0,0,0.0
Obesity:No,0,0,2.441496772806098e-285
Obesity:No,0,0,7.862267805325349e-230
Obesity:No,0,0,3.5704535388339105e-45
Obesity:No,0,0,0.0
Obesity:No,0,0,0.0
Obesity:No,0,0,3.967132590242765e-23
Obesity:No,0,0,2.573960397531134e-261
Obesity:No,0,0,0.0
Obesity:No,0,0,0.0
Obesity:No,0,0,0.0
Obesity:No,0,0,0.0
Obesity:No,0,0,0.0
Obesity:No,0,0,6.716767513842785e-149
Obesity:No,0,0,0.0
Obesity:No,0,0,5.147006963156781e-293
Obesity:No,0,0,1.2394920324664319e-191
Obesity:No,0,0,0.0
Obesity:No,0,0,0.0
Obesity:No,0,0,0.0
Obesity:No,0,0,0.0
Obesity:No,0,0,5.3167961630212576e-167
Obesity:No,0,0,0.0
Obesity:No,0,0,0.0
Obesity:No,0,0,0.0
Obesity:No,0,0,0.0
Obesity:No,0,0,0.0
Obesity:No,0,0,1.0383773946149034e-275
Obesity:No,0,0,0.0
Obesity:No,0,0,0.0
Obesity:No,0,0,0.0
Obesity:No,0,0,0.0
Obesity:No,0,0,0.0
Obesity:No,0,0,0.0
Obesity:No,0,0,3.6506764705065892e-155
Obesity:No,0,0,0.0
Obesity:No,0,0,4.628451575433599e-216
Obesity:No,0,0,0.0
Obesity:No,0,0,3.510284440931545e-126
Obesity:No,1,1,1.0
Obesity:No,0,0,0.0
Obesity:No,0,0,1.00289787156914e-133
Obesity:No,0,0,0.0
Obesity:No,0,0,6.436930230896869e-298
Obesity:No,0,0,1.497529607564679e-70
Obesity:No,0,0,5.2749892684299204e-244
Obesity:No,0,0,0.0
Obesity:No,0,0,0.0
Obesity:No,0,0,2.5464381136395345e-140
Obesity:No,0,0,0.0
Obesity:No,0,0,0.0
Obesity:No,0,0,0.0
Obesity:No,0,0,0.0
Obesity:No,0,0,0.0
Obesity:No,0,0,1.0529915898665073e-112
Obesity:No,0,0,0.0
Obesity:No,0,0,0.0
Obesity:No,0,0,0.0
Obesity:No,0,0,0.0
Obesity:No,0,0,0.0
Obesity:No,0,0,0.0
Obesity:No,0,0,0.0
Obesity:No,1,0,7.722203914904202e-276
Obesity:No,0,0,5.715843821571889e-84
Obesity:No,0,0,0.0
Obesity:No,0,0,1.377842848962448e-226
Obesity:No,0,0,0.0
Obesity:No,0,0,0.0
Obesity:No,0,0,0.0
Obesity:No,0,0,0.0
Obesity:No,0,0,0.0
Obesity:No,0,0,1.5716860676093701e-258
Obesity:No,0,0,0.0
Obesity:No,0,0,1.2548054642985043e-238
Obesity:No,0,0,1.4120208457464465e-117
Obesity:No,0,0,0.0
Obesity:No,0,0,0.0
Obesity:No,0,0,2.321693672578819e-174
Obesity:No,0,0,3.270130108471981e-181
Obesity:No,0,1,1.0
Obesity:No,0,0,0.0
Obesity:No,0,0,0.0
Obesity:No,0,0,0.0
Obesity:No,0,0,0.0
Obesity:No,0,0,0.0
Obesity:No,0,0,2.423000982777524e-296
Obesity:No,0,0,0.0
Obesity:No,0,0,1.684194879809879e-185
Obesity:No,0,0,0.0
Obesity:No,1,0,9.03751390583012e-242
Obesity:No,0,0,4.81790543948742e-298
Obesity:No,0,0,2.1530634852727126e-254
Obesity:No,0,0,0.0
Obesity:No,0,0,0.0
Obesity:No,0,0,0.0
Obesity:No,0,0,0.0
Obesity:No,0,0,0.0
Obesity:No,0,0,3.7648997726177285e-280
Obesity:No,0,0,0.0
Obesity:No,0,0,0.0
Obesity:No,0,0,0.0
Obesity:No,0,0,0.0
Obesity:No,0,0,3.541667234406574e-64
Obesity:No,0,0,0.0
Obesity:No,0,0,7.57001047426046e-269
Obesity:No,0,0,0.0
Obesity:No,0,0,4.902851703688526e-260
Obesity:No,0,0,0.0
Obesity:No,0,0,0.0
Obesity:No,0,0,0.0
Obesity:No,0,0,6.233914478241507e-247
Obesity:No,0,0,0.0
Obesity:No,0,0,5.995697140439367e-285
Obesity:No,0,0,0.0
Obesity:No,0,0,0.0
Obesity:No,0,0,0.0
Obesity:No,0,0,0.0
Obesity:No,0,0,1.9146971232728322e-297
Obesity:No,0,0,0.0
Obesity:No,0,0,0.0
Obesity:No,0,0,6.300506208525991e-265
Obesity:No,0,0,0.0
Obesity:No,0,0,3.1378634272251703e-289
Obesity:No,0,0,0.0
Obesity:No,0,0,0.0
Obesity:No,0,0,1.1997758417697138e-212
Obesity:No,0,0,0.0
Obesity:No,0,0,0.0
Obesity:No,0,0,0.0
Obesity:No,0,0,0.0
Obesity:No,0,0,0.0
Obesity:No,0,0,0.0
Obesity:No,0,0,1.4740244497371823e-91
Obesity:No,0,0,0.0
Obesity:No,0,0,0.0
Obesity:No,0,0,0.0
Obesity:No,0,0,5.678772938148434e-293
Obesity:No,0,0,0.0
Obesity:No,0,0,5.34325462890471e-207
Obesity:No,0,0,0.0
Obesity:No,0,0,0.0
Obesity:No,0,0,0.0
Obesity:No,0,0,0.0
Obesity:No,0,0,0.0
Obesity:No,0,0,1.3497011514552977e-116
Obesity:No,0,0,0.0
Obesity:No,0,0,0.0
Obesity:No,0,0,0.0
Obesity:No,0,0,2.102009209448663e-209
Obesity:No,0,0,0.0
Obesity:No,0,0,0.0
Obesity:No,0,0,1.3350219711226237e-265
Obesity:No,0,0,0.0
Obesity:No,0,0,0.0
Obesity:No,0,0,0.0
Obesity:No,0,0,0.0
Obesity:No,0,0,0.0
Obesity:No,0,0,0.0
Obesity:No,0,0,0.0
Obesity:No,0,0,3.414322331094123e-153
Obesity:No,0,0,0.0
Obesity:No,0,0,0.0
Obesity:No,0,0,0.0
Obesity:No,0,0,0.0
Obesity:No,0,0,0.0
Obesity:No,0,0,0.0
Obesity:No,0,1,0.9997095255377133
Obesity:No,0,0,0.0
Obesity:No,0,0,7.3625736515209415e-227
Obesity:No,0,0,0.0
Obesity:No,0,0,2.199471803057134e-102
Obesity:No,0,0,0.0
Obesity:No,0,0,0.0
Obesity:No,0,0,0.0
Obesity:No,0,0,0.0
Obesity:No,0,0,0.0
Obesity:No,0,0,1.1149353868192319e-197
Obesity:No,0,0,0.0
Obesity:No,0,0,0.0
Obesity:No,0,0,0.0
Obesity:No,0,0,0.0
Obesity:No,0,0,0.0
Obesity:No,0,0,0.0
Obesity:No,0,0,1.132976421392779e-214
Obesity:No,0,0,1.97953592752505e-251
Obesity:No,0,0,0.0
Obesity:No,0,0,0.0
Obesity:No,0,0,6.292830153939005e-179
Obesity:No,0,0,0.0
Obesity:No,0,0,0.0
Obesity:No,0,0,0.0
Obesity:No,0,0,0.0
Obesity:No,0,0,1.2003166746657381e-161
Obesity:No,0,0,0.0
Obesity:No,0,0,0.0
Obesity:No,0,0,0.0
Obesity:No,0,0,0.0
Obesity:No,0,0,3.4445725913071537e-267
Obesity:No,0,0,6.955459458742257e-271
Obesity:No,0,0,1.9128887082057938e-186
Obesity:No,0,0,8.393542089323009e-186
Obesity:No,0,0,0.0
Obesity:No,0,0,0.0
Obesity:No,0,0,2.0044761690171997e-233
Obesity:No,0,0,6.949499357602895e-244
Obesity:No,0,0,0.0
Obesity:No,0,0,3.9454157109316666e-117
Obesity:No,0,0,3.591689189852771e-237
Obesity:No,0,0,0.0
Obesity:No,0,0,0.0
Obesity:No,0,0,0.0
Obesity:No,0,0,9.936038738742331e-296
Obesity:No,0,0,1.2963509533283853e-145
Obesity:No,0,0,0.0
Obesity:No,0,0,0.0
Obesity:No,0,0,0.0
Obesity:No,0,0,1.3913177468284046e-178
Obesity:No,0,0,3.53456698419739e-179
Obesity:No,0,0,7.693003207339447e-301
Obesity:No,0,0,0.0
Obesity:No,0,0,0.0
Obesity:No,0,0,0.0
Obesity:No,0,0,7.27384895872421e-79
Obesity:No,0,0,0.0
Obesity:No,0,0,0.0
Obesity:No,0,0,2.1589912787094733e-278
Obesity:No,0,0,0.0
Obesity:No,0,0,0.0
Obesity:No,0,0,1.2463602398856768e-267
Obesity:No,0,0,6.938806874543591e-298
Obesity:No,0,0,0.0
Obesity:No,0,0,0.0
Obesity:No,0,0,0.0
Obesity:No,0,0,0.0
Obesity:No,0,0,0.0
Obesity:No,0,0,0.0
Obesity:No,0,0,0.0
Obesity:No,0,0,0.0
Obesity:No,0,0,1.5606159293623492e-299
Obesity:No,0,0,0.0
Obesity:No,0,0,0.0
Obesity:No,0,0,0.0
Obesity:No,0,0,9.307958551020456e-176
Obesity:No,0,0,0.0
Obesity:No,0,0,8.697072584607167e-296
Obesity:No,0,0,0.0
Obesity:No,0,0,7.688629973327672e-291
Obesity:No,0,0,0.0
Obesity:No,0,0,0.0
Obesity:No,0,0,0.0
Obesity:No,0,0,0.0
Obesity:No,0,0,0.0
Obesity:No,0,0,1.1750621939617563e-286
Obesity:No,0,0,0.0
Obesity:No,0,0,1.3603091971966858e-304
Obesity:No,0,0,2.593447060112561e-263
Obesity:No,0,0,0.0
Obesity:No,0,0,1.3088698245492673e-280
Obesity:No,0,0,0.0
Obesity:No,0,0,0.0
Obesity:No,0,0,0.0
Obesity:No,0,0,0.0
Obesity:No,0,0,0.0
Obesity:No,0,0,0.0
Obesity:No,0,0,0.0
Obesity:No,0,0,0.0
Obesity:No,0,0,0.0
Obesity:No,0,0,0.0
Obesity:No,0,0,0.0
Obesity:No,0,0,0.0
Obesity:No,0,0,0.0
Obesity:No,0,0,9.296810293103405e-251
Obesity:No,0,0,1.7007275551541724e-133
Obesity:No,0,0,0.0
Obesity:No,0,0,1.7813120921499268e-264
Obesity:No,0,0,0.0
Obesity:No,0,0,0.0
Obesity:No,0,0,0.0
Obesity:No,0,0,0.0
Obesity:No,0,0,3.099334111690108e-255
Obesity:No,1,0,8.713963719655044e-294
Obesity:No,0,0,0.0
Obesity:No,0,0,0.0
Obesity:No,0,0,3.744644269907431e-189
Obesity:No,0,0,2.0613453802594483e-279
Obesity:No,0,0,1.744924692711358e-277
Obesity:No,0,0,0.0
Obesity:No,0,0,0.0
Obesity:No,0,0,3.398961946950763e-201
Obesity:No,0,0,1.2017813095157253e-303
Obesity:No,0,0,0.0
Obesity:No,0,0,0.0
Obesity:No,0,0,0.0
Obesity:No,0,0,0.0
Obesity:No,0,0,0.0
Obesity:No,0,0,0.0
Obesity:No,0,0,5.595482130109668e-224
Obesity:No,0,0,0.0
Obesity:No,0,0,2.590817329129684e-143
Obesity:No,0,0,0.0
Obesity:No,0,0,5.877477356282297e-187
Obesity:No,0,0,1.3434119379148356e-304
Obesity:No,0,0,4.052614120179809e-253
Obesity:No,0,0,2.441621484994217e-306
Obesity:No,0,0,0.0
Obesity:No,0,0,0.0
Obesity:No,0,0,0.0
Obesity:No,0,0,0.0
Obesity:No,0,0,0.0
Obesity:No,0,0,2.4927581116693665e-107
Obesity:No,0,0,0.0
Obesity:No,0,0,0.0
Obesity:No,0,0,4.73521509140059e-196
Obesity:No,0,0,6.775836916500217e-247
Obesity:No,0,0,5.217390872834206e-263
Obesity:No,0,0,0.0
Obesity:No,0,0,3.340337617266904e-218
Obesity:No,0,0,9.483980052329909e-287
Obesity:No,0,0,1.2937706687868508e-147
Obesity:No,0,0,2.4848979026067888e-250
Obesity:No,0,0,1.849502850745163e-307
Obesity:No,0,0,2.5391913054936805e-260
Obesity:No,0,0,2.1432099300782896e-247
Obesity:No,0,0,0.0
Obesity:No,0,0,0.0
Obesity:No,0,0,0.0
Obesity:No,0,0,0.0
Obesity:No,0,0,1.1612996557819332e-93
Obesity:No,0,0,0.0
Obesity:No,0,0,0.0
Obesity:No,0,0,0.0
Obesity:No,0,0,0.0
Obesity:No,0,0,1.7075247894073595e-148
Obesity:No,0,0,2.929553034122287e-213
Obesity:No,0,0,0.0
Obesity:No,0,0,4.9237610160442084e-186
Obesity:No,0,0,0.0
Obesity:No,0,0,0.0
Obesity:No,0,0,6.722636390765845e-129
Obesity:No,0,0,0.0
Obesity:No,0,0,7.60110816249598e-274
Obesity:No,0,0,0.0
Obesity:No,0,0,0.0
Obesity:No,0,0,0.0
Obesity:No,0,0,6.864225719076934e-166
Obesity:No,0,0,0.0
Obesity:No,0,0,2.5327616144903455e-226
Obesity:No,0,0,0.0
Obesity:No,0,0,2.729564068948626e-153
Obesity:No,0,0,0.0
Obesity:No,0,0,0.0
Obesity:No,0,0,6.170783894842364e-287
Obesity:No,0,0,2.8589955599432953e-292
Obesity:No,0,0,0.0
Obesity:No,0,0,1.5381906516919094e-159
Obesity:No,0,0,9.689170907458974e-309
Obesity:No,0,0,0.0
Obesity:No,0,0,1.9719611707726798e-181
Obesity:No,0,0,2.008301796651285e-301
Obesity:No,0,0,0.0
Obesity:No,0,0,1.7726335983105864e-160
Obesity:No,0,0,1.4700836519734796e-249
Obesity:No,0,0,1.0564664762828653e-150
Obesity:No,0,0,2.163832650678051e-220
Obesity:No,0,0,0.0
Obesity:No,0,0,0.0
Obesity:No,0,0,0.0
Obesity:No,0,0,0.0
Obesity:No,0,0,0.0
Obesity:No,0,0,1.8036812197864574e-190
Obesity:No,0,0,0.0
Obesity:No,0,0,1.3927402784705445e-125
Obesity:No,0,0,0.0
Obesity:No,0,0,2.2876311802934515e-290
Obesity:No,0,0,2.3774696334950085e-296
Obesity:No,0,0,0.0
Obesity:No,0,0,0.0
Obesity:No,0,0,0.0
Obesity:No,0,0,0.0
Obesity:No,0,0,0.0
Obesity:No,0,0,0.0
Obesity:No,1,0,1.237403796100565e-223
Obesity:No,0,0,0.0
Obesity:No,0,0,1.0877757465969538e-267
Obesity:No,0,0,0.0
Obesity:No,0,0,0.0
Obesity:No,0,0,1.681918236227385e-193
Obesity:No,0,0,5.28510142133177e-248
Obesity:No,0,0,0.0
Obesity:No,0,0,2.5106658524720967e-55
Obesity:No,0,0,1.969157307103436e-297
Obesity:No,0,0,0.0
Obesity:No,0,0,1.3372094533141868e-263
Obesity:No,0,0,0.0
Obesity:No,0,0,6.751917583661548e-299
Obesity:No,0,0,0.0
Obesity:No,0,0,7.708313274854529e-216
Obesity:No,0,0,0.0
Obesity:No,0,0,0.0
Obesity:No,0,0,9.171150358199355e-212
Obesity:No,0,0,0.0
Obesity:No,0,0,1.454478064904839e-297
Obesity:No,0,0,0.0
Obesity:No,0,0,4.558201207215062e-240
Obesity:No,0,0,2.7223837172036087e-233
Obesity:No,0,0,3.16167410458331e-132
Obesity:No,0,0,1.5654229961154167e-221
Obesity:No,0,0,0.0
Obesity:No,0,0,1.1424002320551206e-82
Obesity:No,0,0,0.0
Obesity:No,0,0,2.856886822337326e-217
Obesity:No,0,0,0.0
Obesity:No,0,0,0.0
Obesity:No,0,0,0.0
Obesity:No,0,0,0.0
Obesity:No,0,0,1.242208282870097e-257
Obesity:No,0,0,0.0
Obesity:No,0,0,0.0
Obesity:No,0,0,1.9471170121727e-249
Obesity:No,0,0,0.0
Obesity:No,0,0,0.0
Obesity:No,0,0,0.0
Obesity:No,0,0,2.392880628037215e-207
Obesity:No,0,0,0.0
Obesity:No,0,0,0.0
Obesity:No,0,0,0.0
Obesity:No,0,0,2.1957796923322924e-291
Obesity:No,0,0,0.0
Obesity:No,0,0,6.806660134169107e-302
Obesity:No,0,0,0.0
Obesity:No,0,0,0.0
Obesity:No,0,0,2.7493006336995652e-300
Obesity:No,0,0,8.605473795677577e-227
Obesity:No,0,0,0.0
Obesity:No,0,0,0.0
Obesity:No,0,0,3.6716017256156277e-224
Obesity:No,0,0,0.0
Obesity:No,0,0,0.0
Obesity:No,0,0,1.3724250353260536e-288
Obesity:No,0,0,0.0
Obesity:No,0,0,0.0
Obesity:No,0,0,4.808197244133033e-250
Obesity:No,1,0,9.941893419214074e-297
Obesity:No,0,0,0.0
Obesity:No,0,0,0.0
Obesity:No,0,0,0.0
Obesity:No,0,0,5.44143145329876e-256
Obesity:No,0,0,0.0
Obesity:No,0,0,1.867564986552111e-305
Obesity:No,0,0,0.0
Obesity:No,0,0,0.0
Obesity:No,0,0,4.110808585913949e-75
Obesity:No,0,0,0.0
Obesity:No,0,0,6.170905467477207e-226
Obesity:No,0,0,0.0
Obesity:No,0,0,0.0
Obesity:No,0,0,4.592313710303093e-307
Obesity:No,0,0,0.0
Obesity:No,0,0,2.1866481115422308e-215
Obesity:No,0,0,0.0
Obesity:No,0,0,1.4966152420462087e-181
Obesity:No,0,0,2.2268318394784956e-245
Obesity:No,0,0,0.0
Obesity:No,0,0,0.0
Obesity:No,0,0,0.0
Obesity:No,0,0,0.0
Obesity:No,0,0,0.0
Obesity:No,0,0,0.0
Obesity:No,0,0,3.402484179248179e-196
Obesity:No,0,0,0.0
Obesity:No,0,0,0.0
Obesity:No,0,0,0.0
Obesity:No,0,0,0.0
Obesity:No,0,0,0.0
Obesity:No,0,0,1.9595189698547032e-296
Obesity:No,0,0,0.0
Obesity:No,0,0,5.604093668428776e-257
Obesity:No,0,0,1.5531903695829294e-192
Obesity:No,0,0,9.871500895944238e-282
Obesity:No,0,0,3.807921359914932e-300
Obesity:No,0,0,6.042704743141757e-215
Obesity:No,0,0,8.761527318238627e-137
Obesity:No,0,0,0.0
Obesity:No,0,0,0.0
Obesity:No,0,0,1.716162915815153e-247
Obesity:No,0,0,1.3186551825104438e-263
Obesity:No,0,0,4.3306120770899515e-177
Obesity:No,0,0,1.086794816015963e-288
Obesity:No,0,0,8.458843568612274e-295
Obesity:No,0,0,0.0
Obesity:No,0,0,0.0
Obesity:No,0,0,0.0
Obesity:No,0,0,1.219361474542062e-206
Obesity:No,0,0,0.0
Obesity:No,0,0,0.0
Obesity:No,0,0,0.0
Obesity:No,0,0,0.0
Obesity:No,0,0,1.979498589479538e-216
Obesity:No,0,0,0.0
Obesity:No,0,0,5.1222224663931166e-194
Obesity:No,0,0,0.0
Obesity:No,0,0,1.6127997640583042e-261
Obesity:No,0,0,1.468605106697238e-203
Obesity:No,0,0,4.818174887458164e-202
Obesity:No,0,0,0.0
Obesity:No,0,0,8.149471255360407e-148
Obesity:No,0,0,5.425917722853442e-225
Obesity:No,0,0,5.3876118643314576e-275
Obesity:No,0,0,0.0
Obesity:No,0,0,0.0
Obesity:No,0,0,0.0
Obesity:No,0,0,0.0
Obesity:No,0,0,0.0
Obesity:No,0,0,0.0
Obesity:No,0,0,0.0
Obesity:No,0,0,0.0
Obesity:No,0,0,0.0
Obesity:No,0,0,1.6926593029324076e-89
Obesity:No,0,0,0.0
Obesity:No,0,0,0.0
Obesity:No,0,0,0.0
Obesity:No,0,0,3.5674525314593634e-154
Obesity:No,0,0,0.0
Obesity:No,0,0,0.0
Obesity:No,0,0,0.0
Obesity:No,0,0,0.0
Obesity:No,0,0,4.269551950605171e-179
Obesity:No,0,0,1.3283275839463323e-262
Obesity:No,0,0,0.0
Obesity:No,0,0,1.4198161668315283e-112
Obesity:No,0,0,0.0
Obesity:No,0,0,0.0
Obesity:No,0,0,0.0
Obesity:No,0,0,2.7839366643295017e-254
Obesity:No,0,0,8.529263711422148e-45
Obesity:No,0,0,4.522141511296897e-182
Obesity:No,0,0,0.0
Obesity:No,0,0,0.0
Obesity:No,0,0,0.0
Obesity:No,0,0,1.4680696700532191e-217
Obesity:No,0,0,0.0
Obesity:No,0,0,3.4179043768004215e-253
Obesity:No,0,0,7.558089611274389e-284
Obesity:No,0,0,0.0
Obesity:No,0,0,3.117435423397153e-260
Obesity:No,0,0,9.129758080045218e-278
Obesity:No,0,0,0.0
Obesity:No,0,0,0.0
Obesity:No,0,0,0.0
Obesity:No,0,0,0.0
Obesity:No,0,0,0.0
Obesity:No,0,0,1.639865913757647e-238
Obesity:No,0,0,5.832693621632737e-291
Obesity:No,0,0,0.0
Obesity:No,0,0,1.42427822999274e-232
Obesity:No,0,0,0.0
Obesity:No,0,0,0.0
Obesity:No,0,0,0.0
Obesity:No,0,0,0.0
Obesity:No,0,0,0.0
Obesity:No,0,0,1.6967772392983027e-291
Obesity:No,0,0,0.0
Obesity:No,0,0,0.0
Obesity:No,0,0,0.0
Obesity:No,0,0,0.0
Obesity:No,0,0,0.0
Obesity:No,0,0,2.1916101493183287e-246
Obesity:No,0,0,4.3473763513769694e-154
Obesity:No,0,0,6.993740193682639e-211
Obesity:No,0,0,0.0
Obesity:No,0,0,2.7154939321442174e-272
Obesity:No,0,0,0.0
Obesity:No,0,0,0.0
Obesity:No,0,0,0.0
Obesity:No,0,0,0.0
Obesity:No,0,0,0.0
Obesity:No,0,0,0.0
Obesity:No,0,0,2.6939204303705708e-266
Obesity:No,0,0,0.0
Obesity:No,0,0,0.0
Obesity:No,0,0,0.0
Obesity:No,0,0,4.112996778855585e-154
Obesity:No,0,0,0.0
Obesity:No,0,0,4.730382712560787e-268
Obesity:No,0,0,0.0
Obesity:No,0,0,0.0
Obesity:No,0,0,6.639254135392513e-279
Obesity:No,0,0,0.0
Obesity:No,0,0,5.2156436254481515e-214
Obesity:No,0,0,0.0
Obesity:No,0,0,5.1334261872380775e-306
Obesity:No,0,0,1.1152901214130788e-256
Obesity:No,0,0,4.0520427241352844e-234
Obesity:No,0,0,0.0
Obesity:No,0,0,7.954920371242764e-225
Obesity:No,0,0,0.0
Obesity:No,0,0,0.0
Obesity:No,0,0,0.0
Obesity:No,0,0,0.0
Obesity:No,0,0,2.4425369727846987e-245
Obesity:No,0,0,0.0
Obesity:No,0,0,3.946737888767299e-280
Obesity:No,0,0,0.0
Obesity:No,0,0,0.0
Obesity:No,0,0,1.502141745502335e-159
Obesity:No,0,0,1.1285433358701217e-209
Obesity:No,0,0,0.0
Obesity:No,0,0,4.1614692182679345e-279
Obesity:No,0,0,0.0
Obesity:No,0,0,0.0
Obesity:No,1,0,8.920797314471694e-274
Obesity:No,0,0,0.0
Obesity:No,0,0,2.5069874187986407e-240
Obesity:No,0,0,0.0
Obesity:No,0,0,0.0
Obesity:No,0,0,5.649018169624694e-285
Obesity:No,0,0,0.0
Obesity:No,0,0,0.0
Obesity:No,1,0,5.1193755415982126e-179
Obesity:No,0,0,0.0
Obesity:No,0,0,0.0
Obesity:No,0,0,1.2647650208250601e-177
Obesity:No,0,0,8.091327700507853e-143
Obesity:No,0,0,0.0
Obesity:No,0,0,3.4449885409061505e-251
Obesity:No,0,0,0.0
Obesity:No,0,0,6.381579929326578e-298
Obesity:No,0,0,6.60828426087818e-156
Obesity:No,0,0,6.454630904918568e-209
Obesity:No,0,0,1.3555040923855543e-221
Obesity:No,0,0,0.0
Obesity:No,0,0,0.0
Obesity:No,0,0,0.0
Obesity:No,1,0,5.832977718480972e-280
Obesity:No,0,0,0.0
Obesity:No,0,0,3.5994217750785744e-221
Obesity:No,0,0,0.0
Obesity:No,0,0,0.0
Obesity:No,0,0,0.0
Obesity:No,0,0,4.2039828926241514e-154
Obesity:No,0,0,0.0
Obesity:No,0,0,6.96614062861885e-213
Obesity:No,0,0,0.0
Obesity:No,0,0,0.0
Obesity:No,0,0,1.0845046967293024e-125
Obesity:No,0,0,0.0
Obesity:No,0,0,0.0
Obesity:No,0,0,5.871550628107046e-309
Obesity:No,0,0,6.5691607337389494e-136
Obesity:No,0,0,2.543569641744536e-117
Obesity:No,0,0,1.0692728367225758e-238
Obesity:No,0,0,0.0
Obesity:No,0,0,8.970661911530144e-172
Obesity:No,0,0,0.0
Obesity:No,0,0,9.507605589363423e-256
Obesity:No,0,0,0.0
Obesity:No,0,0,0.0
Obesity:No,0,0,0.0
Obesity:No,0,0,1.3962510796395228e-183
Obesity:No,0,0,0.0
Obesity:No,0,0,8.115499929210522e-154
Obesity:No,0,0,0.0
Obesity:No,0,0,2.1181739416503726e-145
Obesity:No,0,0,4.638593701959094e-265
Obesity:No,0,0,2.2775976191065703e-162
Obesity:No,0,0,0.0
Obesity:No,0,0,0.0
Obesity:No,0,0,0.0
Obesity:No,0,0,1.0268039518072488e-84
Obesity:No,0,0,0.0
Obesity:No,0,0,5.659591398833596e-159
Obesity:No,0,0,0.0
Obesity:No,0,0,0.0
Obesity:No,0,0,0.0
Obesity:No,0,0,0.0
Obesity:No,0,0,0.0
Obesity:No,0,0,0.0
Obesity:No,0,0,3.935138284912581e-293
Obesity:No,0,0,0.0
Obesity:No,0,0,7.700441053323229e-305
Obesity:No,0,0,8.20564086725052e-281
Obesity:No,0,0,0.0
Obesity:No,0,0,0.0
Obesity:No,0,0,1.3903491027620271e-300
Obesity:No,0,0,0.0
Obesity:No,0,0,0.0
Obesity:No,0,0,5.35312519624831e-308
Obesity:No,0,0,7.985968614347849e-188
Obesity:No,0,0,3.4991264864205693e-113
Obesity:No,0,0,1.060726149729071e-14
Obesity:No,0,0,0.0
Obesity:No,0,0,0.0
Obesity:No,0,0,8.410241582751541e-300
Obesity:No,0,0,0.0
Obesity:No,0,0,0.0
Obesity:No,0,0,3.526246243628411e-70
Obesity:No,0,0,2.8090627109004363e-106
Obesity:No,0,0,0.0
Obesity:No,0,0,0.0
Obesity:No,0,0,0.0
Obesity:No,0,0,0.0
Obesity:No,0,0,0.0
Obesity:No,0,0,0.0
Obesity:No,0,0,0.0
Obesity:No,0,0,0.0
Obesity:No,0,0,0.0
Obesity:No,1,0,7.110074431237309e-308
Obesity:No,0,0,0.0
Obesity:No,0,0,0.0
Obesity:No,0,0,1.0386426093449169e-196
Obesity:No,0,0,4.4160772308729187e-287
Obesity:No,0,0,6.283020978410461e-168
Obesity:No,0,0,0.0
Obesity:No,0,0,1.3109136855882486e-288
Obesity:No,0,0,5.7372881152651575e-106
Obesity:No,0,0,2.9727478790547837e-110
Obesity:No,0,0,0.0
Obesity:No,0,0,8.345936783854915e-272
Obesity:No,0,0,0.0
Obesity:No,0,0,0.0
Obesity:No,0,0,0.0
Obesity:No,0,0,0.0
Obesity:No,0,0,0.0
Obesity:No,0,0,1.559204837880231e-259
Obesity:No,0,0,0.0
Obesity:No,0,0,0.0
Obesity:No,0,0,0.0
Obesity:No,0,0,2.0509174029573566e-115
Obesity:No,0,0,0.0
Obesity:No,0,0,4.767434323005155e-248
Obesity:No,0,0,0.0
Obesity:No,0,0,7.297481733532117e-255
Obesity:No,0,0,1.6243391544332099e-155
Obesity:No,0,0,2.4394438029757884e-279
Obesity:No,0,0,0.0
Obesity:No,0,0,1.7764211288286957e-253
Obesity:No,0,0,0.0
Obesity:No,0,0,0.0
Obesity:No,0,0,0.0
Obesity:No,0,0,1.357216927434025e-160
Obesity:No,1,0,4.886664527383191e-210
Obesity:No,0,0,2.9728351069540863e-230
Obesity:No,0,0,2.760514125376735e-222
Obesity:No,0,0,1.105839767764177e-308
Obesity:No,0,0,0.0
Obesity:No,0,0,0.0
Obesity:No,0,0,0.0
Obesity:No,0,0,0.0
Obesity:No,0,0,1.8829388683646089e-228
Obesity:No,0,0,0.0
Obesity:No,0,0,0.0
Obesity:No,0,0,0.0
Obesity:No,0,0,9.921103812537925e-282
Obesity:No,0,0,3.446549332947182e-306
Obesity:No,0,0,3.313830859308238e-172
Obesity:No,0,0,1.0689563713136075e-300
Obesity:No,0,0,1.4575962102863335e-274
Obesity:No,0,0,0.0
Obesity:No,0,0,0.0
Obesity:No,0,0,0.0
Obesity:No,0,0,0.0
Obesity:No,0,0,2.70089374789977e-233
Obesity:No,0,0,3.4491206156494076e-217
Obesity:No,0,0,0.0
Obesity:No,0,0,0.0
Obesity:No,0,0,3.773662797495361e-263
Obesity:No,0,0,0.0
Obesity:No,0,0,0.0
Obesity:No,0,0,0.0
Obesity:No,0,0,0.0
Obesity:No,0,0,3.3577164046392966e-54
Obesity:No,0,0,0.0
Obesity:No,0,0,1.1185229699978125e-289
Obesity:No,0,0,0.0
Obesity:No,0,0,0.0
Obesity:No,0,0,0.0
Obesity:No,0,0,0.0
Obesity:No,0,0,2.7524877845716686e-282
Obesity:No,0,0,2.545323307611097e-302
Obesity:No,0,0,0.0
Obesity:No,0,0,0.0
Obesity:No,0,0,0.0
Obesity:No,0,0,0.0
Obesity:No,0,0,1.435709168192111e-290
Obesity:No,0,0,0.0
Obesity:No,0,0,1.2749583050692384e-275
Obesity:No,0,0,0.0
Obesity:No,0,0,0.0
Obesity:No,0,0,0.0
Obesity:No,0,0,2.9727478790547837e-110
Obesity:No,0,0,2.351540923099309e-193
Obesity:No,0,0,0.0
Obesity:No,0,0,0.0
Obesity:No,0,0,0.0
Obesity:No,0,0,0.0
Obesity:No,0,0,3.017903763800889e-42
Obesity:No,0,0,0.0
Obesity:No,0,0,0.0
Obesity:No,0,0,0.0
Obesity:No,0,0,4.346003027614833e-137
Obesity:No,0,0,0.0
Obesity:No,0,0,0.0
Obesity:No,0,0,0.0
Obesity:No,0,0,0.0
Obesity:No,0,0,0.0
Obesity:No,0,0,0.0
Obesity:No,0,0,0.0
Obesity:No,0,0,0.0
Obesity:No,0,0,0.0
Obesity:No,0,0,0.0
Obesity:No,0,0,0.0
Obesity:No,0,0,0.0
Obesity:No,0,0,0.0
Obesity:No,0,0,0.0
Obesity:No,0,0,0.0
Obesity:No,0,0,0.0
Obesity:No,0,0,1.397974659457211e-266
Obesity:No,0,0,0.0
Obesity:No,0,0,0.0
Obesity:No,0,0,5.109605049185835e-288
Obesity:No,0,0,2.2134571566478515e-26
Obesity:No,0,0,0.0
Obesity:No,0,0,0.0
Obesity:No,0,0,0.0
Obesity:No,0,0,0.0
Obesity:No,0,0,0.0
Obesity:No,0,0,2.9684488837479174e-209
Obesity:No,0,0,2.7336148674651887e-110
Obesity:No,0,0,0.0
Obesity:No,0,0,0.0
Obesity:No,0,0,0.0
Obesity:No,0,0,1.046216769330665e-295
Obesity:No,0,0,0.0
Obesity:No,0,0,2.443359700218617e-258
Obesity:No,0,0,0.0
Obesity:No,0,0,2.914493461467868e-190
Obesity:No,0,0,0.0
Obesity:No,0,0,0.0
Obesity:No,0,0,0.0
Obesity:No,0,0,0.0
Obesity:No,0,0,1.2999630940620784e-273
Obesity:No,0,0,0.0
Obesity:No,0,0,0.0
Obesity:No,0,0,0.0
Obesity:No,0,0,0.0
Obesity:No,0,0,0.0
Obesity:No,0,0,0.0
Obesity:No,0,0,0.0
Obesity:No,0,1,0.9998772727545542
Obesity:No,0,0,0.0
Obesity:No,0,0,3.0693145091478283e-258
Obesity:No,0,0,6.147760850311004e-276
Obesity:No,0,0,0.0
Obesity:No,0,0,0.0
Obesity:No,0,0,8.376885110461224e-267
Obesity:No,0,0,1.1763834159083972e-303
Obesity:No,0,0,1.210697656191376e-38
Obesity:No,0,0,7.105572052255302e-247
Obesity:No,0,0,0.0
Obesity:No,0,0,0.0
Obesity:No,0,0,0.0
Obesity:No,0,0,0.0
Obesity:No,0,0,2.814507169414517e-276
Obesity:No,0,0,0.0
Obesity:No,0,0,0.0
Obesity:No,0,0,0.0
Obesity:No,0,0,0.0
Obesity:No,0,0,7.259336279941108e-134
Obesity:No,0,0,4.0223583927223325e-206
Obesity:No,0,0,0.0
Obesity:No,0,1,1.0
Obesity:No,0,0,4.590140561015414e-227
Obesity:No,0,0,2.9668702361459816e-233
Obesity:No,0,0,0.0
Obesity:No,0,0,6.309065714454025e-297
Obesity:No,0,0,2.4694710993248027e-120
Obesity:No,0,0,0.0
Obesity:No,0,0,0.0
Obesity:No,0,0,0.0
Obesity:No,0,0,0.0
Obesity:No,0,0,2.3350713412325993e-106
Obesity:No,0,0,0.0
Obesity:No,0,0,3.310693273432406e-300
Obesity:No,0,0,0.0
Obesity:No,0,0,3.278605149913045e-235
Obesity:No,0,0,1.3536505589998737e-288
Obesity:No,0,0,6.173592155445665e-264
Obesity:No,0,0,0.0
Obesity:No,0,0,4.708150156222141e-170
Obesity:No,0,0,5.62062801700903e-247
Obesity:No,0,0,0.0
Obesity:No,0,0,3.219934577508377e-274
Obesity:No,0,0,0.0
Obesity:No,0,0,1.6111768799285177e-267
Obesity:No,0,0,0.0
Obesity:No,1,0,0.0
Obesity:No,0,0,3.302017198340715e-272
Obesity:No,0,0,0.0
Obesity:No,0,0,0.0
Obesity:No,0,0,2.518271624134411e-236
Obesity:No,0,0,5.338083228407202e-236
Obesity:No,0,0,1.6700659204532035e-285
Obesity:No,0,0,0.0
Obesity:No,0,0,0.0
Obesity:No,0,0,5.96164703441556e-91
Obesity:No,0,0,0.0
Obesity:No,0,0,0.0
Obesity:No,0,0,8.396334121770744e-260
Obesity:No,0,0,0.0
Obesity:No,0,0,0.0
Obesity:No,0,0,3.384274790643552e-13
Obesity:No,0,0,6.801262007119572e-291
Obesity:No,0,0,0.0
Obesity:No,0,0,1.9478979187561353e-198
Obesity:No,0,0,3.2802952251616287e-206
Obesity:No,0,0,0.0
Obesity:No,0,0,0.0
Obesity:No,0,0,2.3913235238226047e-215
Obesity:No,0,0,0.0
Obesity:No,0,0,1.2916507523950357e-274
Obesity:No,0,0,1.550437981672238e-300
Obesity:No,0,0,0.0
Obesity:No,0,0,0.0
Obesity:No,0,0,0.0
Obesity:No,0,0,2.952655721061606e-186
Obesity:No,0,0,0.0
Obesity:No,0,0,0.0
Obesity:No,0,0,0.0
Obesity:No,0,0,0.0
Obesity:No,0,0,0.0
Obesity:No,0,0,0.0
Obesity:No,0,0,0.0
Obesity:No,0,0,0.0
Obesity:No,0,0,9.539515631140526e-263
Obesity:No,0,0,5.061216239391011e-259
Obesity:No,0,0,0.0
Obesity:No,0,0,2.1848260617423825e-281
Obesity:No,0,0,1.028711182696162e-255
Obesity:No,0,0,0.0
Obesity:No,0,0,1.1327063442738377e-197
Obesity:No,0,0,1.145572092793986e-270
Obesity:No,0,0,0.0
Obesity:No,0,0,0.0
Obesity:No,0,0,0.0
Obesity:No,0,0,0.0
Obesity:No,0,0,0.0
Obesity:No,0,0,0.0
Obesity:No,0,0,2.2920061574763614e-218
Obesity:No,0,0,0.0
Obesity:No,0,0,0.0
Obesity:No,0,0,0.0
Obesity:No,0,0,0.0
Obesity:No,0,0,5.179782880287743e-195
Obesity:No,0,0,0.0
Obesity:No,0,0,0.0
Obesity:No,0,0,6.657005329336183e-226
Obesity:No,0,0,1.7703037552387422e-268
Obesity:No,0,0,1.1161316044396415e-208
Obesity:No,0,0,0.0
Obesity:No,0,0,6.03833264005033e-304
Obesity:No,0,0,1.2667325712486163e-263
Obesity:No,0,0,0.0
Obesity:No,0,0,0.0
Obesity:No,0,0,0.0
Obesity:No,0,0,0.0
Obesity:No,0,0,3.426023183565768e-178
Obesity:No,0,0,0.0
Obesity:No,0,0,1.674170287389143e-232
Obesity:No,1,0,5.076540989391604e-231
Obesity:No,0,0,0.0
Obesity:No,0,0,7.630110680620818e-89
Obesity:No,0,0,0.0
Obesity:No,0,0,9.670953629837169e-293
Obesity:No,0,0,0.0
Obesity:No,0,0,4.2303821067900787e-249
Obesity:No,0,0,0.0
Obesity:No,0,0,3.624935892181981e-261
Obesity:No,0,0,0.0
Obesity:No,1,0,6.01901727467117e-75
Obesity:No,0,0,0.0
Obesity:No,0,0,0.0
Obesity:No,0,0,0.0
Obesity:No,0,0,0.0
Obesity:No,0,0,5.356585351124758e-269
Obesity:No,0,0,0.0
Obesity:No,0,0,1.0932954563095525e-219
Obesity:No,0,0,1.0541490189065668e-214
Obesity:No,0,0,0.0
Obesity:No,0,0,0.0
Obesity:No,0,0,0.0
Obesity:No,0,0,0.0
Obesity:No,0,0,8.354087122487226e-164
Obesity:No,0,0,4.164593716902435e-258
Obesity:No,0,0,0.0
Obesity:No,0,0,1.2987964902232422e-278
Obesity:No,0,0,0.0
Obesity:No,0,0,0.0
Obesity:No,0,0,0.0
Obesity:No,0,0,0.0
Obesity:No,0,0,2.4378465986922645e-210
Obesity:No,0,0,2.1462616932311346e-171
Obesity:No,0,0,0.0
Obesity:No,0,0,0.0
Obesity:No,0,0,7.47317374027138e-298
Obesity:No,0,0,5.44939731759095e-177
Obesity:No,0,0,1.8167488945194557e-161
Obesity:No,0,0,5.1384130342889776e-155
Obesity:No,0,0,0.0
Obesity:No,0,0,0.0
Obesity:No,0,0,0.0
Obesity:No,0,0,5.60990203812177e-207
Obesity:No,0,0,1.751271251560357e-257
Obesity:No,0,0,0.0
Obesity:No,0,0,3.3766038315018898e-280
Obesity:No,0,0,6.534318826091691e-264
Obesity:No,0,0,1.4198535369531247e-165
Obesity:No,0,0,4.654696590212009e-94
Obesity:No,0,0,0.0
Obesity:No,0,0,2.1943735528880565e-121
Obesity:No,0,0,8.448277031851343e-289
Obesity:No,0,0,0.0
Obesity:No,0,0,3.590824213948073e-269
Obesity:No,0,0,1.2826841601214892e-89
Obesity:No,0,0,0.0
Obesity:No,0,0,2.0022773615253176e-124
Obesity:No,0,0,4.1250175085179097e-308
Obesity:No,0,0,0.0
Obesity:No,0,0,1.150483070264755e-193
Obesity:No,0,0,0.0
Obesity:No,0,0,1.4636172461061323e-57
Obesity:No,0,0,0.0
Obesity:No,0,0,0.0
Obesity:No,0,0,0.0
Obesity:No,0,0,2.469127237986865e-210
Obesity:No,0,0,3.376776685907149e-189
Obesity:No,0,0,3.757596110133854e-151
Obesity:No,0,0,4.2586555081739185e-271
Obesity:No,0,0,0.0
Obesity:No,0,0,2.1379382649944174e-237
Obesity:No,1,0,0.0
Obesity:No,0,0,8.085136760181663e-249
Obesity:No,0,0,0.0
Obesity:No,0,0,0.0
Obesity:No,0,0,3.6640124494817034e-146
Obesity:No,0,0,1.4904978133466662e-161
Obesity:No,0,0,0.0
Obesity:No,0,0,3.670252366820063e-161
Obesity:No,0,0,0.0
Obesity:No,0,0,8.023190388486815e-244
Obesity:No,0,0,0.0
Obesity:No,0,0,0.0
Obesity:No,0,0,0.0
Obesity:No,0,0,0.0
Obesity:No,0,0,0.0
Obesity:No,0,0,1.2137381758468143e-299
Obesity:No,0,0,1.7647695795275344e-273
Obesity:No,0,0,0.0
Obesity:No,0,0,0.0
Obesity:No,0,0,0.0
Obesity:No,0,0,0.0
Obesity:No,0,0,0.0
Obesity:No,0,0,2.7600225321803843e-283
Obesity:No,0,0,1.975371056520251e-221
Obesity:No,0,0,4.272321764420358e-283
Obesity:No,0,0,1.5624544516685494e-216
Obesity:No,0,0,1.731019626376659e-288
Obesity:No,0,0,0.0
Obesity:No,0,0,2.574899219151346e-281
Obesity:No,0,0,1.3984336724159363e-243
Obesity:No,0,0,1.959113652032734e-267
Obesity:No,0,0,0.0
Obesity:No,0,0,0.0
Obesity:No,0,0,1.7506529852763683e-280
Obesity:No,0,0,1.5228613596845749e-233
Obesity:No,0,0,0.0
Obesity:No,0,0,0.0
Obesity:No,0,0,0.0
Obesity:No,0,0,2.4275407074209773e-277
Obesity:No,0,0,1.938448397680253e-281
Obesity:No,0,0,4.311548952109149e-199
Obesity:No,0,0,0.0
Obesity:No,0,0,0.0
Obesity:No,0,0,0.0
Obesity:No,0,0,0.0
Obesity:No,1,0,0.0
Obesity:No,0,0,2.147623182490514e-265
Obesity:No,1,0,0.0
Obesity:No,1,0,4.126126167707728e-233
Obesity:No,0,0,0.0
Obesity:No,0,0,5.4560712491004944e-163
Obesity:No,0,0,0.0
Obesity:No,0,0,1.9659183547350148e-76
Obesity:No,0,0,4.475082014487352e-166
Obesity:No,0,0,3.785632148155762e-247
Obesity:No,0,0,0.0
Obesity:No,0,0,0.0
Obesity:No,0,0,0.0
Obesity:No,0,0,2.3880294869591554e-232
Obesity:No,0,0,9.361595376721978e-184
Obesity:No,0,0,0.0
Obesity:No,0,0,6.227490940024793e-199
Obesity:No,0,0,0.0
Obesity:No,0,0,0.0
Obesity:No,0,0,0.0
Obesity:No,0,0,0.0
Obesity:No,0,0,0.0
Obesity:No,0,0,0.0
Obesity:No,0,0,0.0
Obesity:No,0,0,9.663953769498635e-285
Obesity:No,0,0,2.0722644543010714e-265
Obesity:No,0,0,4.064708485738445e-124
Obesity:No,0,0,0.0
Obesity:No,0,0,0.0
Obesity:No,0,0,3.54444254790224e-191
Obesity:No,0,0,8.042371269259942e-263
Obesity:No,0,0,0.0
Obesity:No,0,0,3.1406246241380607e-227
Obesity:No,0,0,0.0
Obesity:No,0,0,0.0
Obesity:No,0,0,0.0
Obesity:No,0,0,7.51826071230881e-204
Obesity:No,0,0,1.0046903467152061e-224
Obesity:No,0,0,1.2853833031297906e-256
Obesity:No,0,0,0.0
Obesity:No,0,0,0.0
Obesity:No,0,0,4.809344878132243e-274
Obesity:No,0,0,0.0
Obesity:No,0,0,0.0
Obesity:No,0,0,0.0
Obesity:No,0,0,0.0
Obesity:No,0,0,0.0
Obesity:No,0,0,0.0
Obesity:No,1,0,2.453957431407964e-202
Obesity:No,1,0,0.0
Obesity:No,0,0,0.0
Obesity:No,0,0,2.439354884880228e-262
Obesity:No,0,0,5.258299480054715e-150
Obesity:No,0,0,6.536533791928455e-267
Obesity:No,0,0,0.0
Obesity:No,0,0,1.9618097203878227e-246
Obesity:No,0,0,0.0
Obesity:No,0,0,0.0
Obesity:No,0,0,1.997929760971473e-95
Obesity:No,0,0,1.6923547597271034e-230
Obesity:No,0,0,2.2502866587903073e-247
Obesity:No,0,0,0.0
Obesity:No,0,0,6.762219061924974e-249
Obesity:No,0,0,2.1669757338262145e-177
Obesity:No,0,0,0.0
Obesity:No,0,0,5.099373736329118e-288
Obesity:No,0,0,0.0
Obesity:No,0,0,4.6201942988825465e-146
Obesity:No,0,0,0.0
Obesity:No,0,0,2.7153824002850837e-124
Obesity:No,0,0,9.852024686221914e-267
Obesity:No,0,0,0.0
Obesity:No,0,0,1.562163033833071e-267
Obesity:No,0,0,6.290753677706427e-211
Obesity:No,0,0,0.0
Obesity:No,0,0,0.0
Obesity:No,0,0,0.0
Obesity:No,0,0,0.0
Obesity:No,0,0,1.2157807446881855e-278
Obesity:No,0,0,0.0
Obesity:No,0,0,0.0
Obesity:No,0,0,3.686198621090147e-262
Obesity:No,0,0,0.0
Obesity:No,0,0,4.659940723839147e-18
Obesity:No,0,0,2.576970627715938e-243
Obesity:No,0,0,5.77706722720081e-295
Obesity:No,0,0,0.0
Obesity:No,0,0,6.812219757504866e-275
Obesity:No,0,0,5.152181524092454e-130
Obesity:No,0,0,0.0
Obesity:No,0,0,1.736309766278948e-127
Obesity:No,0,0,0.0
Obesity:No,0,0,4.403249963692283e-193
Obesity:No,0,0,0.0
Obesity:No,0,0,0.0
Obesity:No,0,0,1.634100277896274e-277
Obesity:No,0,0,0.0
Obesity:No,0,0,0.0
Obesity:No,0,0,2.054158924841515e-242
Obesity:No,0,0,0.0
Obesity:No,0,0,0.0
Obesity:No,0,0,1.1025098205335278e-176
Obesity:No,1,0,3.443526747700172e-141
Obesity:No,0,0,0.0
Obesity:No,0,0,0.0
Obesity:No,0,0,0.0
Obesity:No,0,0,9.450499132022182e-256
Obesity:No,0,0,0.0
Obesity:No,0,0,0.0
Obesity:No,0,0,0.0
Obesity:No,0,0,0.0
Obesity:No,0,0,7.36618320141685e-231
Obesity:No,1,0,0.0
Obesity:No,0,1,1.0
Obesity:No,0,0,4.330446716765343e-261
Obesity:No,0,0,0.0
Obesity:No,0,0,6.010262799930158e-287
Obesity:No,0,0,0.0
Obesity:No,0,0,9.652864910324594e-281
Obesity:No,0,0,0.0
Obesity:No,0,0,2.07125562120694e-151
Obesity:No,0,0,0.0
Obesity:No,0,0,0.0
Obesity:No,0,0,4.354888090496426e-294
Obesity:No,0,0,1.4121529110359675e-292
Obesity:No,0,0,0.0
Obesity:No,0,0,1.5717403166672048e-307
Obesity:No,0,0,3.557824741538232e-281
Obesity:No,0,0,2.0046981974587683e-238
Obesity:No,0,0,0.0
Obesity:No,0,0,0.0
Obesity:No,0,0,0.0
Obesity:No,0,0,8.732036640655069e-167
Obesity:No,0,0,8.297468237041413e-297
Obesity:No,0,0,0.0
Obesity:No,0,0,5.0995835398355087e-141
Obesity:No,0,0,0.0
Obesity:No,0,0,0.0
Obesity:No,0,0,0.0
Obesity:No,0,0,6.301419105751886e-238
Obesity:No,0,0,0.0
Obesity:No,0,0,0.0
Obesity:No,0,0,0.0
Obesity:No,0,0,0.0
Obesity:No,0,0,0.0
Obesity:No,0,0,0.0
Obesity:No,0,0,0.0
Obesity:No,0,0,3.064489401333007e-259
Obesity:No,1,0,3.4832026705165867e-261
Obesity:No,0,0,9.200997547448204e-183
Obesity:No,0,0,7.536988493319974e-280
Obesity:No,0,0,0.0
Obesity:No,0,0,0.0
Obesity:No,0,0,0.0
Obesity:No,0,0,1.5610290008963817e-211
Obesity:No,0,0,0.0
Obesity:No,0,0,9.010470926321459e-126
Obesity:No,0,0,0.0
Obesity:No,0,0,2.539456611670506e-280
Obesity:No,0,0,0.0
Obesity:No,0,0,0.0
Obesity:No,0,0,0.0
Obesity:No,0,0,0.0
Obesity:No,0,0,1.449598283861704e-147
Obesity:No,0,0,1.2945659529934137e-261
Obesity:No,0,0,4.144538292981007e-181
Obesity:No,0,0,0.0
Obesity:No,0,0,1.525238958558326e-232
Obesity:No,0,0,3.245388946875697e-305
Obesity:No,0,0,0.0
Obesity:No,0,0,0.0
Obesity:No,0,0,9.942736526850104e-246
Obesity:No,0,0,0.0
Obesity:No,0,0,0.0
Obesity:No,0,0,0.0
Obesity:No,0,0,3.3181758145574722e-236
Obesity:No,0,0,0.0
Obesity:No,0,0,5.369834494602506e-243
Obesity:No,0,0,0.0
Obesity:No,0,0,0.0
Obesity:No,0,0,8.098959616348834e-232
Obesity:No,0,0,0.0
Obesity:No,0,0,8.75142296314626e-216
Obesity:No,0,0,0.0
Obesity:No,0,0,0.0
Obesity:No,0,0,6.530485595263018e-46
Obesity:No,0,0,0.0
Obesity:No,0,0,2.2705440990618297e-201
Obesity:No,0,0,0.0
Obesity:No,0,0,0.0
Obesity:No,0,0,0.0
Obesity:No,0,0,0.0
Obesity:No,0,0,1.6652128716364568e-71
Obesity:No,0,0,0.0
Obesity:No,0,0,0.0
Obesity:No,0,0,0.0
Obesity:No,0,0,4.346521973207523e-214
Obesity:No,0,0,0.0
Obesity:No,0,0,0.0
Obesity:No,0,0,3.5949000419559785e-158
Obesity:No,0,0,0.0
Obesity:No,0,0,0.0
Obesity:No,0,0,0.0
Obesity:No,0,0,0.0
Obesity:No,0,0,1.4542732424289834e-168
Obesity:No,0,0,6.065046390025874e-150
Obesity:No,0,0,0.0
Obesity:No,0,0,3.3643218404730034e-182
Obesity:No,0,0,0.0
Obesity:No,0,0,1.140549785878321e-256
Obesity:No,0,0,0.0
Obesity:No,0,0,0.0
Obesity:No,0,0,0.0
Obesity:No,0,0,0.0
Obesity:No,0,0,8.214710432363166e-298
Obesity:No,0,0,0.0
Obesity:No,0,0,0.0
Obesity:No,0,0,0.0
Obesity:No,0,0,0.0
Obesity:No,0,0,0.0
Obesity:No,0,0,0.0
Obesity:No,0,0,5.152828023120256e-111
Obesity:No,0,0,0.0
Obesity:No,0,0,0.0
Obesity:No,0,0,1.2532800947547705e-238
Obesity:No,0,0,0.0
Obesity:No,0,0,1.6938901000402692e-258
Obesity:No,0,0,5.921407061450769e-230
Obesity:No,0,0,4.1209038164869733e-280
Obesity:No,0,0,0.0
Obesity:No,0,0,0.0
Obesity:No,0,0,0.0
Obesity:No,0,0,0.0
Obesity:No,0,0,0.0
Obesity:No,0,0,0.0
Obesity:No,0,0,0.0
Obesity:No,0,0,1.480804519254313e-264
Obesity:No,0,0,0.0
Obesity:No,0,0,9.785315689590277e-258
Obesity:No,0,0,1.2464872750685524e-238
Obesity:No,0,0,0.0
Obesity:No,0,0,0.0
Obesity:No,0,0,0.0
Obesity:No,0,0,9.621284815815498e-156
Obesity:No,0,0,0.0
Obesity:No,0,0,2.593252384627188e-262
Obesity:No,0,0,0.0
Obesity:No,0,0,0.0
Obesity:No,0,0,0.0
Obesity:No,0,0,0.0
Obesity:No,0,0,0.0
Obesity:No,0,0,6.007111665367015e-296
Obesity:No,0,0,1.6147838861361643e-291
Obesity:No,0,0,0.0
Obesity:No,0,0,0.0
Obesity:No,0,0,0.0
Obesity:No,0,0,0.0
Obesity:No,0,0,3.938398909575366e-244
Obesity:No,0,0,0.0
Obesity:No,0,0,0.0
Obesity:No,0,0,6.559906728991047e-283
Obesity:No,0,0,6.930488378799493e-245
Obesity:No,0,0,5.0810523893143985e-149
Obesity:No,0,0,0.0
Obesity:No,0,0,0.0
Obesity:No,0,0,8.639934639106922e-263
Obesity:No,0,0,0.0
Obesity:No,0,0,0.0
Obesity:No,0,0,4.836266939377131e-204
Obesity:No,0,0,0.0
Obesity:No,0,0,0.0
Obesity:No,0,0,1.3682929064580398e-262
Obesity:No,0,0,0.0
Obesity:No,0,0,0.0
Obesity:No,0,0,0.0
Obesity:No,0,0,5.5029708972224486e-297
Obesity:No,0,0,0.0
Obesity:No,0,0,0.0
Obesity:No,0,0,0.0
Obesity:No,0,0,2.365557934868402e-302
Obesity:No,0,0,0.0
Obesity:No,0,0,0.0
Obesity:No,0,0,0.0
Obesity:No,0,0,0.0
Obesity:No,0,0,0.0
Obesity:No,0,0,4.3611744945569375e-150
Obesity:No,0,0,2.585883628140836e-243
Obesity:No,0,0,4.7365809616165697e-259
Obesity:No,0,0,0.0
Obesity:No,0,0,7.3002445368168e-296
Obesity:No,0,0,1.9882002862985343e-212
Obesity:No,0,0,8.277153759805715e-306
Obesity:No,0,0,1.0488898626143829e-211
Obesity:No,0,0,0.0
Obesity:No,0,0,1.698868490592619e-226
Obesity:No,0,0,6.932116494350975e-85
Obesity:No,0,0,0.0
Obesity:No,0,0,0.0
Obesity:No,0,0,0.0
Obesity:No,0,0,0.0
Obesity:No,0,0,6.442330482579954e-261
Obesity:No,0,0,1.2249458792620908e-256
Obesity:No,0,0,0.0
Obesity:No,0,1,1.0
Obesity:No,0,0,3.8824173578414883e-264
Obesity:No,0,0,1.295929954996105e-178
Obesity:No,0,0,0.0
Obesity:No,0,0,5.883579892047493e-211
Obesity:No,0,0,1.0383421419142056e-230
Obesity:No,0,0,0.0
Obesity:No,0,0,2.100959890140535e-151
Obesity:No,0,0,6.813838098696411e-94
Obesity:No,0,0,2.5662190007562232e-241
Obesity:No,0,0,2.016274988491538e-264
Obesity:No,0,0,0.0
Obesity:No,0,0,6.579228455772772e-207
Obesity:No,0,0,0.0
Obesity:No,0,0,1.0019592286987314e-222
Obesity:No,0,0,7.735544266020146e-245
Obesity:No,0,0,0.0
Obesity:No,0,0,7.156542629438554e-246
Obesity:No,0,0,0.0
Obesity:No,0,0,0.0
Obesity:No,0,0,0.0
Obesity:No,0,0,0.0
Obesity:No,0,0,0.0
Obesity:No,0,0,0.0
Obesity:No,0,0,0.0
Obesity:No,0,0,4.111464895922817e-173
Obesity:No,0,0,0.0
Obesity:No,0,0,0.0
Obesity:No,0,0,0.0
Obesity:No,0,0,0.0
Obesity:No,0,0,0.0
Obesity:No,0,0,0.0
Obesity:No,0,0,1.978379975197369e-249
Obesity:No,0,0,0.0
Obesity:No,0,0,0.0
Obesity:No,0,0,1.8840183316170457e-173
Obesity:No,0,0,0.0
Obesity:No,0,0,0.0
Obesity:No,0,0,4.0316555048825623e-215
Obesity:No,0,0,0.0
Obesity:No,0,0,9.439024917737696e-283
Obesity:No,0,0,0.0
Obesity:No,0,0,1.627960557824968e-249
Obesity:No,0,0,1.0715161718684059e-90
Obesity:No,0,0,3.245141383033235e-101
Obesity:No,0,0,0.0
Obesity:No,0,0,0.0
Obesity:No,0,0,0.0
Obesity:No,0,0,0.0
Obesity:No,0,0,0.0
Obesity:No,0,0,0.0
Obesity:No,0,0,0.0
Obesity:No,0,0,0.0
Obesity:No,0,0,1.812345840801216e-308
Obesity:No,0,0,0.0
Obesity:No,0,0,7.604134343628113e-124
Obesity:No,0,0,1.2736667902198675e-206
Obesity:No,0,0,0.0
Obesity:No,0,0,0.0
Obesity:No,0,0,1.5541251385101573e-306
Obesity:No,0,0,0.0
Obesity:No,0,0,0.0
Obesity:No,0,0,0.0
Obesity:No,0,0,0.0
Obesity:No,0,0,2.622935831138997e-245
Obesity:No,0,0,0.0
Obesity:No,0,0,2.48462951733263e-207
Obesity:No,0,0,6.729669232550595e-302
Obesity:No,0,0,0.0
Obesity:No,1,0,0.0
Obesity:No,0,0,0.0
Obesity:No,0,0,5.68465139577644e-217
Obesity:No,0,0,4.38482057801689e-304
Obesity:No,0,0,0.0
Obesity:No,0,0,0.0
Obesity:No,0,0,0.0
Obesity:No,0,0,0.0
Obesity:No,0,0,0.0
Obesity:No,0,0,0.0
Obesity:No,0,0,0.0
Obesity:No,0,0,8.040208630129119e-216
Obesity:No,0,0,3.385546184005668e-299
Obesity:No,0,0,6.196431145079347e-225
Obesity:No,0,0,4.873814191850675e-268
Obesity:No,0,0,0.0
Obesity:No,0,0,8.614710820775339e-208
Obesity:No,0,0,8.175995432619902e-250
Obesity:No,0,0,1.1288109874292801e-159
Obesity:No,0,0,0.0
Obesity:No,0,0,0.0
Obesity:No,0,0,0.0
Obesity:No,0,1,1.0
Obesity:No,0,0,5.051409638108166e-240
Obesity:No,0,0,0.0
Obesity:No,0,0,3.1440211956837794e-221
Obesity:No,0,0,0.0
Obesity:No,0,0,0.0
Obesity:No,0,0,2.9552096158400507e-173
Obesity:No,0,0,0.0
Obesity:No,0,0,0.0
Obesity:No,0,0,3.260893928815749e-179
Obesity:No,0,0,1.47089273019879e-252
Obesity:No,0,0,0.0
Obesity:No,0,0,2.268075325442959e-200
Obesity:No,0,0,0.0
Obesity:No,0,0,4.579554113047866e-124
Obesity:No,0,0,1.7381520247593552e-303
Obesity:No,0,0,5.891958857632666e-201
Obesity:No,0,0,4.437167122502893e-162
Obesity:No,0,0,0.0
Obesity:No,0,0,1.1498544808676374e-157
Obesity:No,0,0,1.3604658635628502e-297
Obesity:No,0,0,2.2055254590793004e-167
Obesity:No,0,0,0.0
Obesity:No,0,0,0.0
Obesity:No,0,0,0.0
Obesity:No,0,0,0.0
Obesity:No,0,0,2.798946451204642e-291
Obesity:No,0,0,0.0
Obesity:No,0,0,5.7603129104558164e-204
Obesity:No,0,0,1.6348849947017047e-247
Obesity:No,0,0,9.538496772874269e-287
Obesity:No,0,0,0.0
Obesity:No,0,0,0.0
Obesity:No,0,0,0.0
Obesity:No,0,0,0.0
Obesity:No,0,0,1.0648024963556438e-66
Obesity:No,0,0,0.0
Obesity:No,0,0,0.0
Obesity:No,0,0,7.727701289103351e-275
Obesity:No,0,0,0.0
Obesity:No,0,0,0.0
Obesity:No,0,0,0.0
Obesity:No,0,0,1.1266170665116766e-283
Obesity:No,0,0,2.611360656199709e-165
Obesity:No,0,0,0.0
Obesity:No,0,0,6.815845144111865e-304
Obesity:No,0,0,0.0
Obesity:No,0,0,1.9474950112455907e-287
Obesity:No,0,0,0.0
Obesity:No,0,0,0.0
Obesity:No,0,0,0.0
Obesity:No,0,0,2.2789338236059594e-264
Obesity:No,0,0,0.0
Obesity:No,0,0,3.399747785982875e-243
Obesity:No,0,0,6.5737537568287e-55
Obesity:No,0,0,5.161703523008231e-202
Obesity:No,0,0,0.0
Obesity:No,0,0,0.0
Obesity:No,0,0,5.013263621783158e-304
Obesity:No,0,0,0.0
Obesity:No,0,0,3.315385281142789e-21
Obesity:No,0,0,0.0
Obesity:No,0,0,0.0
Obesity:No,0,0,0.0
Obesity:No,0,0,7.91448133048671e-299
Obesity:No,0,0,5.048112424890733e-180
Obesity:No,0,0,0.0
Obesity:No,0,0,2.6563678720652822e-303
Obesity:No,0,0,0.0
Obesity:No,0,0,0.0
Obesity:No,0,0,1.167134630342908e-146
Obesity:No,0,0,8.235763255135267e-269
Obesity:No,0,0,2.1460396950996077e-149
Obesity:No,1,0,0.0
Obesity:No,0,0,5.685325168381055e-117
Obesity:No,0,0,0.0
Obesity:No,0,0,0.0
Obesity:No,0,0,0.0
Obesity:No,0,0,0.0
Obesity:No,0,0,9.847521966543639e-281
Obesity:No,0,0,0.0
Obesity:No,0,0,1.277404945391877e-253
Obesity:No,0,0,1.5393267603195215e-304
Obesity:No,0,0,0.0
Obesity:No,0,0,0.0
Obesity:No,0,0,0.0
Obesity:No,0,0,0.0
Obesity:No,0,0,0.0
Obesity:No,0,0,4.214705853925268e-95
Obesity:No,0,0,8.241789009707461e-209
Obesity:No,0,0,7.475984337425295e-81
Obesity:No,0,0,1.002565630715132e-214
Obesity:No,0,0,0.0
Obesity:No,0,0,8.037232406672362e-269
Obesity:No,0,0,0.0
Obesity:No,0,0,4.4534737841252076e-170
Obesity:No,0,0,0.0
Obesity:No,0,0,0.0
Obesity:No,0,0,8.185349145954936e-230
Obesity:No,0,0,0.0
Obesity:No,0,0,0.0
Obesity:No,0,0,0.0
Obesity:No,0,0,4.54061966874832e-16
Obesity:No,0,0,4.31065015949922e-272
Obesity:No,0,0,0.0
Obesity:No,0,0,0.0
Obesity:No,0,0,0.0
Obesity:No,0,0,2.3238865828928043e-276
Obesity:No,0,0,0.0
Obesity:No,0,0,7.776985007247565e-51
Obesity:No,0,0,0.0
Obesity:No,0,0,0.0
Obesity:No,0,0,3.510685819524171e-211
Obesity:No,0,0,0.0
Obesity:No,0,0,0.0
Obesity:No,0,0,0.0
Obesity:No,0,0,0.0
Obesity:No,0,0,0.0
Obesity:No,0,0,0.0
Obesity:No,0,0,2.7056411293403465e-285
Obesity:No,0,0,2.9154951185014196e-158
Obesity:No,0,0,8.751256612815413e-285
Obesity:No,0,0,1.0460337003124197e-248
Obesity:No,0,0,1.340508020684572e-103
Obesity:No,1,0,2.0790299718194066e-214
Obesity:No,0,0,0.0
Obesity:No,0,0,0.0
Obesity:No,0,0,6.635324556610623e-216
Obesity:No,0,0,0.0
Obesity:No,0,0,0.0
Obesity:No,0,0,0.0
Obesity:No,0,0,0.0
Obesity:No,0,0,0.0
Obesity:No,0,0,0.0
Obesity:No,0,0,0.0
Obesity:No,0,0,0.0
Obesity:No,0,0,0.0
Obesity:No,0,0,5.141139772790348e-246
Obesity:No,0,0,1.5608790056421698e-289
Obesity:No,0,0,0.0
Obesity:No,0,0,0.0
Obesity:No,0,0,0.0
Obesity:No,0,0,0.0
Obesity:No,0,0,0.0
Obesity:No,0,0,3.923731636929325e-219
Obesity:No,0,0,0.0
Obesity:No,0,0,0.0
Obesity:No,0,0,0.0
Obesity:No,0,0,8.96114552001373e-271
Obesity:No,0,0,1.530630785420763e-96
Obesity:No,0,0,0.0
Obesity:No,0,0,0.0
Obesity:No,0,0,0.0
Obesity:No,0,0,0.0
Obesity:No,1,0,6.444136991457207e-273
Obesity:No,0,0,1.7535494750560833e-273
Obesity:No,0,0,0.0
Obesity:No,0,0,0.0
Obesity:No,0,0,0.0
Obesity:No,0,0,0.0
Obesity:No,0,0,0.0
Obesity:No,0,0,8.040666883920505e-269
Obesity:No,0,0,0.0
Obesity:No,0,0,1.0741104755642527e-193
Obesity:No,0,0,4.255762342442142e-226
Obesity:No,0,0,0.0
Obesity:No,0,0,1.5250326344621981e-270
Obesity:No,0,0,2.265365668348157e-140
Obesity:No,0,0,9.324184593202654e-236
Obesity:No,0,0,0.0
Obesity:No,0,0,0.0
Obesity:No,0,0,0.0
Obesity:No,0,0,0.0
Obesity:No,1,0,0.0
Obesity:No,0,0,0.0
Obesity:No,0,0,1.0180608300695935e-277
Obesity:No,0,0,0.0
Obesity:No,0,0,4.03501271699254e-155
Obesity:No,0,0,0.0
Obesity:No,0,0,0.0
Obesity:No,0,0,9.740278188145634e-295
Obesity:No,0,0,2.542044618699822e-105
Obesity:No,0,0,0.0
Obesity:No,0,0,3.197732642369497e-236
Obesity:No,0,0,0.0
Obesity:No,0,0,0.0
Obesity:No,0,0,5.263348733646609e-99
Obesity:No,0,0,1.8892380499381339e-118
Obesity:No,0,1,1.0
Obesity:No,0,0,5.206359246609686e-271
Obesity:No,0,0,0.0
Obesity:No,0,0,0.0
Obesity:No,0,0,0.0
Obesity:No,0,0,8.776527782319887e-300
Obesity:No,0,0,0.0
Obesity:No,0,0,2.183633302275137e-255
Obesity:No,0,0,1.545518360737862e-137
Obesity:No,0,0,0.0
Obesity:No,0,0,7.145806603119601e-306
Obesity:No,0,0,1.4425163356545829e-291
Obesity:No,0,0,0.0
Obesity:No,0,0,0.0
Obesity:No,0,0,0.0
Obesity:No,0,0,0.0
Obesity:No,0,0,0.0
Obesity:No,0,0,0.0
Obesity:No,0,0,1.108764561969483e-283
Obesity:No,0,0,6.9758798051765285e-143
Obesity:No,0,0,1.7987021982588662e-255
Obesity:No,0,0,0.0
Obesity:No,0,0,1.4205113323023353e-305
Obesity:No,0,0,3.630041991938801e-213
Obesity:No,0,0,0.0
Obesity:No,0,0,6.201075249576143e-175
Obesity:No,0,0,0.0
Obesity:No,0,0,0.0
Obesity:No,0,0,0.0
Obesity:No,0,0,5.698589890035699e-159
Obesity:No,0,0,0.0
Obesity:No,0,0,0.0
Obesity:No,0,0,0.0
Obesity:No,0,0,0.0
Obesity:No,0,0,0.0
Obesity:No,0,0,2.1919592278984993e-244
Obesity:No,0,0,4.939646573482388e-131
Obesity:No,0,0,0.0
Obesity:No,0,0,5.112936708619667e-221
Obesity:No,0,0,8.025933457338579e-245
Obesity:No,0,0,0.0
Obesity:No,0,0,0.0
Obesity:No,0,0,9.806119497845843e-97
Obesity:No,0,0,0.0
Obesity:No,0,0,2.1231529753938324e-207
Obesity:No,0,0,0.0
Obesity:No,0,0,0.0
Obesity:No,0,0,1.195465744390976e-251
Obesity:No,0,0,0.0
Obesity:No,0,0,6.478084711411156e-129
Obesity:No,0,0,0.0
Obesity:No,0,0,2.0585968823427972e-29
Obesity:No,0,0,0.0
Obesity:No,0,0,3.6199613160402837e-297
Obesity:No,0,0,0.0
Obesity:No,0,0,1.0393721153224354e-264
Obesity:No,0,0,1.5898344861319398e-248
Obesity:No,0,0,0.0
Obesity:No,0,0,6.462577012561767e-194
Obesity:No,0,0,0.0
Obesity:No,0,0,1.977743610688595e-200
Obesity:No,0,0,0.0
Obesity:No,0,0,2.9025356624115673e-193
Obesity:No,0,0,3.2229620418876e-300
Obesity:No,0,0,0.0
Obesity:No,0,0,0.0
Obesity:No,0,0,2.986541739694984e-108
Obesity:No,0,0,3.604025448066083e-267
Obesity:No,0,0,5.206099099066053e-301
Obesity:No,0,0,0.0
Obesity:No,0,0,4.957718890536313e-298
Obesity:No,0,0,0.0
Obesity:No,0,0,0.0
Obesity:No,0,0,0.0
Obesity:No,0,0,8.203674040935782e-85
Obesity:No,0,0,0.0
Obesity:No,0,0,1.9728862020497482e-162
Obesity:No,0,0,0.0
Obesity:No,0,0,0.0
Obesity:No,1,0,1.1006519669750313e-164
Obesity:No,0,0,0.0
Obesity:No,0,0,0.0
Obesity:No,0,0,0.0
Obesity:No,0,0,0.0
Obesity:No,0,0,5.245232020876736e-257
Obesity:No,0,0,0.0
Obesity:No,0,0,3.1290547215921553e-240
Obesity:No,0,0,0.0
Obesity:No,0,0,6.9646587821795e-268
Obesity:No,0,0,0.0
Obesity:No,0,0,0.0
Obesity:No,0,0,0.0
Obesity:No,0,0,3.868405718837372e-163
Obesity:No,0,0,1.806799877216394e-306
Obesity:No,0,0,0.0
Obesity:No,0,0,0.0
Obesity:No,0,0,0.0
Obesity:No,0,0,0.0
Obesity:No,0,0,1.3344153438016121e-207
Obesity:No,0,0,5.967716042805441e-167
Obesity:No,0,0,7.255010585664605e-264
Obesity:No,0,0,0.0
Obesity:No,0,0,0.0
Obesity:No,0,0,0.0
Obesity:No,0,0,8.057952637818984e-198
Obesity:No,0,0,0.0
Obesity:No,0,0,0.0
Obesity:No,0,0,0.0
Obesity:No,0,0,2.6664372462052965e-281
Obesity:No,0,0,4.160105264735993e-183
Obesity:No,0,0,1.1719766992823463e-281
Obesity:No,0,0,0.0
Obesity:No,0,0,0.0
Obesity:No,0,0,9.241111219907566e-257
Obesity:No,0,0,0.0
Obesity:No,0,0,0.0
Obesity:No,0,0,3.1877847683971903e-159
Obesity:No,0,0,3.4830907268963335e-288
Obesity:No,0,0,7.54089957490344e-243
Obesity:No,0,0,0.0
Obesity:No,0,0,0.0
Obesity:No,0,0,6.339891931088104e-309
Obesity:No,0,0,0.0
Obesity:No,0,0,0.0
Obesity:No,0,0,1.1602696520753897e-88
Obesity:No,1,0,0.0
Obesity:No,0,0,1.916973308570297e-179
Obesity:No,0,0,1.3732746270809128e-196
Obesity:No,0,0,5.743372355611995e-123
Obesity:No,0,0,0.0
Obesity:No,0,0,0.0
Obesity:No,0,0,6.554062134869708e-243
Obesity:No,0,0,2.8902940038784496e-286
Obesity:No,0,0,0.0
Obesity:No,0,0,9.85328188336346e-143
Obesity:No,0,0,0.0
Obesity:No,0,0,5.799858974066204e-279
Obesity:No,0,0,2.219061824491356e-80
Obesity:No,0,0,5.29779503927206e-301
Obesity:No,0,0,0.0
Obesity:No,0,0,0.0
Obesity:No,0,0,2.1608462654204087e-264
Obesity:No,0,0,1.7751175368228264e-289
Obesity:No,0,0,2.6151977979740052e-301
Obesity:No,0,0,1.4817036020048626e-182
Obesity:No,0,0,0.0
Obesity:No,0,0,0.0
Obesity:No,0,0,0.0
Obesity:No,0,0,2.3876514815860473e-266
Obesity:No,0,0,0.0
Obesity:No,0,0,0.0
Obesity:No,0,0,1.2316833153936554e-233
Obesity:No,0,0,0.0
Obesity:No,0,0,3.593613063053674e-291
Obesity:No,0,0,0.0
Obesity:No,0,0,0.0
Obesity:No,0,0,5.818077807887321e-283
Obesity:No,0,0,0.0
Obesity:No,0,0,0.0
Obesity:No,0,0,2.347385042502919e-261
Obesity:No,0,0,0.0
Obesity:No,0,0,1.38446755724063e-281
Obesity:No,0,0,5.491361420000488e-202
Obesity:No,0,0,0.0
Obesity:No,0,0,0.0
Obesity:No,0,0,0.0
Obesity:No,0,0,8.910182157730231e-302
Obesity:No,0,0,2.199535946910341e-279
Obesity:No,0,0,3.083533033864726e-297
Obesity:No,0,0,0.0
Obesity:No,0,0,0.0
Obesity:No,0,0,0.0
Obesity:No,0,0,0.0
Obesity:No,0,0,3.663803861252535e-274
Obesity:No,0,1,1.0
Obesity:No,0,0,0.0
Obesity:No,0,0,5.876213316752374e-300
Obesity:No,0,0,0.0
Obesity:No,0,0,8.322515058727746e-257
Obesity:No,0,0,5.574366581929119e-212
Obesity:No,0,0,0.0
Obesity:No,0,0,0.0
Obesity:No,0,0,0.0
Obesity:No,0,0,0.0
Obesity:No,0,0,0.0
Obesity:No,0,0,0.0
Obesity:No,0,0,3.797627979894626e-137
Obesity:No,0,0,0.0
Obesity:No,0,0,8.094360158735917e-183
Obesity:No,0,0,2.1487059265346925e-260
Obesity:No,0,0,1.225213285702441e-226
Obesity:No,0,0,0.0
Obesity:No,0,0,1.9886537926300587e-272
Obesity:No,0,0,0.0
Obesity:No,0,0,2.6755334795835586e-224
Obesity:No,0,0,2.8291465148155383e-220
Obesity:No,0,0,2.4489723063444537e-47
Obesity:No,0,0,0.0
Obesity:No,0,0,0.0
Obesity:No,0,0,0.0
Obesity:No,0,0,0.0
Obesity:No,0,0,6.30647797108547e-267
Obesity:No,0,0,0.0
Obesity:No,0,0,3.2641419558647005e-97
Obesity:No,0,0,0.0
Obesity:No,0,0,2.269607688110541e-281
Obesity:No,0,0,1.4304023256484495e-163
Obesity:No,0,0,0.0
Obesity:No,0,0,0.0
Obesity:No,0,0,0.0
Obesity:No,0,0,3.8833781944096655e-289
Obesity:No,0,0,0.0
Obesity:No,0,0,0.0
Obesity:No,0,0,0.0
Obesity:No,0,0,0.0
Obesity:No,0,0,2.582177963626139e-220
Obesity:No,0,0,6.078656495762152e-199
Obesity:No,0,0,1.0923136627400911e-211
Obesity:No,0,0,1.2734009329286396e-156
Obesity:No,0,0,0.0
Obesity:No,0,0,0.0
Obesity:No,1,0,0.0
Obesity:No,0,0,9.157171676706393e-218
Obesity:No,0,0,0.0
Obesity:No,0,0,0.0
Obesity:No,0,0,0.0
Obesity:No,0,0,0.0
Obesity:No,0,0,0.0
Obesity:No,0,0,0.0
Obesity:No,0,0,0.0
Obesity:No,0,0,0.0
Obesity:No,0,0,0.0
Obesity:No,0,0,0.0
Obesity:No,0,0,0.0
Obesity:No,0,0,0.0
Obesity:No,0,0,2.4517917015864236e-260
Obesity:No,0,0,0.0
Obesity:No,0,0,0.0
Obesity:No,0,0,0.0
Obesity:No,1,1,1.0
Obesity:No,0,0,0.0
Obesity:No,0,0,0.0
Obesity:No,0,0,0.0
Obesity:No,0,0,0.0
Obesity:No,0,0,0.0
Obesity:No,1,0,0.0
Obesity:No,0,0,1.97228074225648e-113
Obesity:No,0,0,0.0
Obesity:No,0,0,0.0
Obesity:No,1,0,0.0
Obesity:No,0,0,0.0
Obesity:No,0,0,0.0
Obesity:No,0,0,4.977370901742635e-258
Obesity:No,0,0,9.843630330846267e-257
Obesity:No,0,0,0.0
Obesity:No,0,0,0.0
Obesity:No,0,0,3.474305437692077e-284
Obesity:No,0,0,9.612080532882351e-73
Obesity:No,0,0,4.690103094451318e-98
Obesity:No,0,0,1.8550462512511053e-185
Obesity:No,0,0,2.3923332530852447e-268
Obesity:No,0,0,1.0756671271553927e-225
Obesity:No,0,0,0.0
Obesity:No,0,0,0.0
Obesity:No,0,0,0.0
Obesity:No,0,0,0.0
Obesity:No,0,0,0.0
Obesity:No,0,0,0.0
Obesity:No,0,0,2.70830613651482e-88
Obesity:No,0,0,1.411698436331368e-266
Obesity:No,0,0,0.0
Obesity:No,0,0,9.936096077082997e-186
Obesity:No,0,0,0.0
Obesity:No,0,0,0.0
Obesity:No,0,0,3.1704015592350856e-125
Obesity:No,0,0,9.676411073486178e-176
Obesity:No,0,0,3.3984844490049137e-150
Obesity:No,0,0,0.0
Obesity:No,0,0,1.8092152995795673e-279
Obesity:No,0,0,0.0
Obesity:No,0,0,2.672649520538653e-265
Obesity:No,0,0,0.0
Obesity:No,0,0,0.0
Obesity:No,0,0,9.663826466638946e-208
Obesity:No,0,0,0.0
Obesity:No,0,0,1.3286734357627458e-200
Obesity:No,0,0,8.999355084389058e-173
Obesity:No,0,0,1.6284056934983114e-224
Obesity:No,0,0,1.2450161224250582e-217
Obesity:No,1,0,0.0
Obesity:No,0,1,1.0
Obesity:No,0,0,1.0972162600642803e-148
Obesity:No,0,0,0.0
Obesity:No,0,0,0.0
Obesity:No,0,0,1.276533899488535e-07
Obesity:No,0,0,0.0
Obesity:No,0,0,3.5263020081355905e-277
Obesity:No,0,0,0.0
Obesity:No,0,0,0.0
Obesity:No,0,0,2.3636682109711814e-146
Obesity:No,0,0,0.0
Obesity:No,0,0,0.0
Obesity:No,0,0,0.0
Obesity:No,0,0,1.7213238938857625e-238
Obesity:No,0,0,0.0
Obesity:No,0,0,0.0
Obesity:No,0,0,0.0
Obesity:No,0,0,0.0
Obesity:No,0,0,0.0
Obesity:No,0,0,0.0
Obesity:No,0,0,0.0
Obesity:No,0,0,0.0
Obesity:No,0,0,0.0
Obesity:No,0,0,1.8549750517636417e-273
Obesity:No,0,0,0.0
Obesity:No,0,0,0.0
Obesity:No,0,0,1.5172922519699218e-256
Obesity:No,0,0,3.935951840277903e-223
Obesity:No,0,0,1.2985176419867712e-188
Obesity:No,0,0,4.1155158029293105e-263
Obesity:No,0,0,0.0
Obesity:No,0,0,0.0
Obesity:No,0,0,0.0
Obesity:No,0,0,0.0
Obesity:No,0,0,2.2198705371593582e-246
Obesity:No,0,0,4.0654933353651846e-234
Obesity:No,0,0,0.0
Obesity:No,0,0,1.0023048820400967e-204
Obesity:No,0,0,0.0
Obesity:No,0,0,1.0266552923716575e-197
Obesity:No,0,0,0.0
Obesity:No,0,0,1.612033149233292e-116
Obesity:No,0,0,0.0
Obesity:No,0,0,6.274001855865624e-153
Obesity:No,0,0,0.0
Obesity:No,0,0,0.0
Obesity:No,0,0,0.0
Obesity:No,0,0,0.0
Obesity:No,0,0,0.0
Obesity:No,0,0,0.0
Obesity:No,0,0,2.7862808664418672e-272
Obesity:No,0,0,2.5557398581761587e-189
Obesity:No,1,0,0.0
Obesity:No,0,0,3.338054255633444e-163
Obesity:No,0,0,0.0
Obesity:No,0,0,0.0
Obesity:No,0,0,0.0
Obesity:No,0,0,0.0
Obesity:No,0,0,2.62004186585635e-115
Obesity:No,0,0,0.0
Obesity:No,0,0,2.0355941453134344e-125
Obesity:No,0,0,2.5062857080351267e-285
Obesity:No,0,0,0.0
Obesity:No,0,0,0.0
Obesity:No,0,0,6.706414730362654e-254
Obesity:No,0,0,0.0
Obesity:No,0,0,0.0
Obesity:No,0,0,0.0
Obesity:No,0,0,5.562247300857264e-237
Obesity:No,0,0,4.998531456533451e-249
Obesity:No,0,0,2.2321454228452147e-280
Obesity:No,0,0,0.0
Obesity:No,1,0,8.974848048974407e-213
Obesity:No,1,0,0.0
Obesity:No,0,0,1.0383920607768346e-81
Obesity:No,0,0,0.0
Obesity:No,0,0,1.5306465438644485e-216
Obesity:No,0,0,6.710097386624234e-300
Obesity:No,0,0,0.0
Obesity:No,0,0,4.4747021517418596e-206
Obesity:No,0,0,0.0
Obesity:No,0,0,3.469465858006232e-259
Obesity:No,0,0,7.354472942630423e-121
Obesity:No,0,0,2.897387752452576e-71
Obesity:No,0,0,7.745757097333693e-296
Obesity:No,0,0,3.854254855764932e-137
Obesity:No,0,0,0.0
Obesity:No,0,0,0.0
Obesity:No,0,0,0.0
Obesity:No,0,0,0.0
Obesity:No,0,0,5.103752273720625e-195
Obesity:No,0,0,5.499098250700775e-170
Obesity:No,0,0,1.1426947786729278e-42
Obesity:No,1,0,0.0
Obesity:No,0,0,4.974974784199767e-262
Obesity:No,0,0,0.0
Obesity:No,0,0,0.0
Obesity:No,0,0,1.2436347454165012e-118
Obesity:No,0,0,0.0
Obesity:No,0,0,0.0
Obesity:No,0,0,0.0
Obesity:No,0,0,0.0
Obesity:No,0,0,0.0
Obesity:No,0,0,1.4014701506568497e-294
Obesity:No,0,0,0.0
Obesity:No,0,0,0.0
Obesity:No,0,0,0.0
Obesity:No,0,0,3.7335176677111124e-90
Obesity:No,0,0,0.0
Obesity:No,0,0,7.285603340629936e-223
Obesity:No,0,0,4.362923472867501e-214
Obesity:No,0,0,2.3558126522686517e-224
Obesity:No,0,0,7.490720121435088e-189
Obesity:No,0,0,0.0
Obesity:No,0,0,0.0
Obesity:No,0,0,9.57604836632543e-139
Obesity:No,0,0,0.0
Obesity:No,0,0,2.8159375541423662e-235
Obesity:No,0,0,0.0
Obesity:No,0,0,0.0
Obesity:No,0,0,1.2294511441307571e-272
Obesity:No,0,0,4.763995766277029e-294
Obesity:No,0,0,0.0
Obesity:No,0,0,1.1209697777062055e-64
Obesity:No,0,0,0.0
Obesity:No,0,0,2.1328582152700777e-168
Obesity:No,0,0,0.0
Obesity:No,1,0,6.925145269619548e-105
Obesity:No,0,0,0.0
Obesity:No,0,0,0.0
Obesity:No,0,0,0.0
Obesity:No,0,0,0.0
Obesity:No,0,0,0.0
Obesity:No,0,0,2.7310875803203208e-307
Obesity:No,0,0,9.217784286215003e-36
Obesity:No,0,0,0.0
Obesity:No,0,0,0.0
Obesity:No,1,0,0.0
Obesity:No,0,0,0.0
Obesity:No,0,0,0.0
Obesity:No,0,0,0.0
Obesity:No,0,0,0.0
Obesity:No,0,0,0.0
Obesity:No,0,0,0.0
Obesity:No,0,0,4.0277199711278415e-277
Obesity:No,1,0,0.0
Obesity:No,0,0,0.0
Obesity:No,0,0,0.0
Obesity:No,0,0,2.6669010777438152e-281
Obesity:No,0,0,5.499187971439788e-102
Obesity:No,0,0,0.0
Obesity:No,0,0,0.0
Obesity:No,0,0,0.0
Obesity:No,0,0,0.0
Obesity:No,0,0,2.6859650588824854e-226
Obesity:No,0,0,0.0
Obesity:No,0,0,2.0588109161474665e-282
Obesity:No,0,0,8.773895146006264e-309
Obesity:No,0,0,0.0
Obesity:No,0,0,0.0
Obesity:No,0,0,0.0
Obesity:No,0,0,0.0
Obesity:No,0,0,1.9955649309137054e-174
Obesity:No,0,0,1.42993429842629e-144
Obesity:No,0,0,6.1677199484897e-228
Obesity:No,0,0,0.0
Obesity:No,0,0,0.0
Obesity:No,0,0,0.0
Obesity:No,0,0,3.679948111517256e-93
Obesity:No,0,0,1.7256212046022976e-222
Obesity:No,0,0,0.0
Obesity:No,0,0,0.0
Obesity:No,0,0,1.2677867748918443e-139
Obesity:No,0,0,0.0
Obesity:No,0,0,0.0
Obesity:No,0,0,0.17732253427392256
Obesity:No,0,0,0.0
Obesity:No,0,0,0.0
Obesity:No,0,0,0.0
Obesity:No,0,0,2.3531143237871127e-290
Obesity:No,0,0,0.0
Obesity:No,0,0,0.0
Obesity:No,0,0,0.0
Obesity:No,0,0,1.7672617859299615e-204
Obesity:No,1,0,0.0
Obesity:No,0,0,0.0
Obesity:No,0,0,0.0
Obesity:No,0,0,0.0
Obesity:No,0,0,0.0
Obesity:No,0,0,3.7974770651545144e-299
Obesity:No,0,0,2.2617793588507707e-299
Obesity:No,0,0,0.0
Obesity:No,0,0,0.0
Obesity:No,0,0,0.0
Obesity:No,0,0,0.0
Obesity:No,0,0,3.8430377905599755e-305
Obesity:No,0,0,1.0944271367846877e-252
Obesity:No,0,0,0.0
Obesity:No,0,0,0.0
Obesity:No,0,0,0.0
Obesity:No,0,0,1.5026407634623747e-296
Obesity:No,1,0,7.3448988623060755e-115
Obesity:No,0,0,1.2415581658988668e-163
Obesity:No,0,0,7.155689018945544e-248
Obesity:No,0,0,1.170166900454639e-207
Obesity:No,0,0,0.0
Obesity:No,0,0,1.9065893018522232e-294
Obesity:No,0,0,0.0
Obesity:No,0,0,0.0
Obesity:No,0,0,0.0
Obesity:No,0,0,3.63231966367617e-238
Obesity:No,0,0,0.0
Obesity:No,0,0,1.3153281722839383e-233
Obesity:No,0,0,6.962597386798938e-256
Obesity:No,0,0,0.0
Obesity:No,0,0,1.920838782611888e-253
Obesity:No,0,0,6.471193584201401e-261
Obesity:No,0,0,0.0
Obesity:No,0,0,0.0
Obesity:No,0,0,0.0
Obesity:No,0,0,0.0
Obesity:No,0,0,0.0
Obesity:No,0,0,0.0
Obesity:No,0,0,0.0
Obesity:No,0,0,0.0
Obesity:No,0,0,0.0
Obesity:No,0,0,2.8921939810538047e-170
Obesity:No,0,0,1.5363371335638375e-217
Obesity:No,0,0,2.6435835162183116e-06
Obesity:No,0,0,1.1688146303618236e-287
Obesity:No,0,0,2.812452960958671e-284
Obesity:No,0,0,1.225150053912283e-194
Obesity:No,0,0,0.0
Obesity:No,0,0,0.0
Obesity:No,0,0,0.0
Obesity:No,0,0,1.1708572955141423e-172
Obesity:No,0,0,0.0
Obesity:No,0,0,0.0
Obesity:No,0,0,1.6481620971883183e-166
Obesity:No,0,0,3.6382871377922967e-304
Obesity:No,0,0,0.0
Obesity:No,0,0,0.0
Obesity:No,0,0,0.0
Obesity:No,0,0,3.0006152975230982e-292
Obesity:No,0,0,0.0
Obesity:No,0,0,0.0
Obesity:No,0,0,0.0
Obesity:No,0,0,1.1258864271009923e-250
Obesity:No,0,0,4.912746418343579e-142
Obesity:No,0,0,3.0886818019122847e-158
Obesity:No,0,0,3.756180049822686e-294
Obesity:No,0,0,0.0
Obesity:No,0,0,0.0
Obesity:No,0,0,0.0
Obesity:No,0,0,0.0
Obesity:No,0,0,0.0
Obesity:No,0,0,1.5205628237952043e-286
Obesity:No,0,0,0.0
Obesity:No,0,0,6.297321602676214e-148
Obesity:No,0,0,0.0
Obesity:No,0,0,0.0
Obesity:No,0,0,0.0
Obesity:No,0,0,0.0
Obesity:No,0,0,0.0
Obesity:No,0,0,4.736518986138962e-291
Obesity:No,0,0,1.7353359372510974e-199
Obesity:No,0,0,0.0
Obesity:No,0,0,4.2696920909064097e-134
Obesity:No,0,0,7.806880502943989e-294
Obesity:No,0,0,0.0
Obesity:No,0,0,0.0
Obesity:No,0,0,0.0
Obesity:No,0,0,3.61019625474227e-233
Obesity:No,0,0,0.0
Obesity:No,0,0,3.260726700332172e-263
Obesity:No,0,0,0.0
Obesity:No,0,0,0.0
Obesity:No,0,0,0.0
Obesity:No,0,0,1.931565032674388e-253
Obesity:No,0,0,0.0
Obesity:No,0,0,0.0
Obesity:No,0,0,1.7721275845872919e-186
Obesity:No,0,0,5.228418312455314e-177
Obesity:No,0,0,6.199183049497898e-169
Obesity:No,0,0,4.7594343023329045e-73
Obesity:No,0,0,2.6695554146018135e-224
Obesity:No,0,0,0.0
Obesity:No,0,0,0.0
Obesity:No,0,0,0.0
Obesity:No,0,0,3.474305437692077e-284
Obesity:No,0,0,0.0
Obesity:No,0,0,0.0
Obesity:No,0,0,4.3521105148755823e-290
Obesity:No,0,0,0.0
Obesity:No,1,0,2.332224172151605e-178
Obesity:No,0,0,0.0
Obesity:No,0,0,2.0002415802111025e-210
Obesity:No,0,0,2.9991108764717265e-118
Obesity:No,0,0,0.0
Obesity:No,0,0,0.0
Obesity:No,0,0,0.0
Obesity:No,0,0,1.5146360115153624e-221
Obesity:No,0,0,2.5011091213877385e-209
Obesity:No,0,0,1.1467548084305407e-134
Obesity:No,0,0,0.0
Obesity:No,0,0,0.0
Obesity:No,0,0,2.71274119321389e-268
Obesity:No,0,0,0.0
Obesity:No,0,0,3.004052398134316e-156
Obesity:No,0,0,0.0
Obesity:No,0,0,0.0
Obesity:No,0,0,0.0
Obesity:No,0,0,1.0384872103643857e-281
Obesity:No,0,0,2.180887121280546e-308
Obesity:No,0,0,0.0
Obesity:No,0,0,2.892412187339981e-233
Obesity:No,0,0,5.485896599578696e-280
Obesity:No,0,0,1.1089639610286205e-167
Obesity:No,0,0,1.6926388235533168e-227
Obesity:No,0,0,3.982361835695014e-274
Obesity:No,1,0,4.369052027303195e-124
Obesity:No,0,0,8.137849439902604e-232
Obesity:No,0,0,4.561407606690315e-201
Obesity:No,0,0,0.0
Obesity:No,0,0,1.910019415494246e-247
Obesity:No,0,0,1.2512397243618829e-282
Obesity:No,0,0,7.116133419234697e-290
Obesity:No,0,0,1.8382741642537e-176
Obesity:No,0,0,2.506593771379636e-301
Obesity:No,0,0,2.7141785925563362e-207
Obesity:No,0,0,0.0
Obesity:No,0,0,5.44967885311141e-129
Obesity:No,0,0,0.0
Obesity:No,0,0,2.8507927823146724e-285
Obesity:No,0,0,0.0
Obesity:No,0,0,0.0
Obesity:No,0,0,2.63867579799351e-97
Obesity:No,0,0,0.0
Obesity:No,0,0,6.755094538682677e-214
Obesity:No,0,0,0.0
Obesity:No,0,0,0.0
Obesity:No,0,0,0.0
Obesity:No,0,0,0.0
Obesity:No,0,0,0.0
Obesity:No,0,0,7.641734869000977e-59
Obesity:No,0,0,0.0
Obesity:No,0,0,0.0
Obesity:No,0,0,0.0
Obesity:No,0,0,0.0
Obesity:No,0,0,0.0
Obesity:No,0,0,0.0
Obesity:No,0,0,1.5181109465502313e-160
Obesity:No,0,0,5.445098990171961e-283
Obesity:No,0,0,0.0
Obesity:No,0,0,0.0
Obesity:No,0,0,0.0
Obesity:No,0,0,0.0
Obesity:No,0,0,8.556153612089299e-307
Obesity:No,0,0,0.0
Obesity:No,0,0,0.0
Obesity:No,0,0,2.6203139988419432e-185
Obesity:No,0,0,2.8865376697980354e-286
Obesity:No,0,0,0.0
Obesity:No,0,0,0.0
Obesity:No,0,0,0.0
Obesity:No,0,0,0.0
Obesity:No,0,0,0.0
Obesity:No,0,0,0.0
Obesity:No,0,0,6.733584119404865e-160
Obesity:No,0,0,0.0
Obesity:No,0,0,0.0
Obesity:No,0,0,0.0
Obesity:No,0,0,5.84406885858416e-206
Obesity:No,0,0,0.0
Obesity:No,0,0,0.0
Obesity:No,0,0,0.0
Obesity:No,0,0,0.0
Obesity:No,0,0,0.0
Obesity:No,0,0,0.0
Obesity:No,0,0,4.868224629878699e-270
Obesity:No,0,0,0.0
Obesity:No,0,0,1.1873626478282808e-219
Obesity:No,0,0,0.0
Obesity:No,0,0,1.2917213037085728e-305
Obesity:No,0,0,0.0
Obesity:No,0,0,0.0
Obesity:No,0,0,6.554937302484733e-225
Obesity:No,0,0,0.0
Obesity:No,0,0,2.665739262788329e-202
Obesity:No,0,0,0.0
Obesity:No,0,0,0.0
Obesity:No,0,0,1.2115724768934146e-249
Obesity:No,0,0,0.0
Obesity:No,1,0,7.19032579851409e-189
Obesity:No,0,0,1.321757762747273e-267
Obesity:No,0,0,3.432611124498968e-292
Obesity:No,0,0,0.0
Obesity:No,0,0,0.0
Obesity:No,0,0,3.1322695750582308e-145
Obesity:No,0,0,0.0
Obesity:No,0,0,0.0
Obesity:No,0,0,0.0
Obesity:No,0,0,0.0
Obesity:No,0,0,1.1639832202965833e-204
Obesity:No,0,0,0.0
Obesity:No,0,0,0.0
Obesity:No,0,0,0.0
Obesity:No,0,0,1.7113051892430832e-284
Obesity:No,0,0,0.0
Obesity:No,0,0,0.0
Obesity:No,0,0,0.0
Obesity:No,0,0,0.0
Obesity:No,0,0,5.0999983521304645e-287
Obesity:No,0,0,0.0
Obesity:No,0,0,5.145499910107174e-95
Obesity:No,0,0,0.0
Obesity:No,0,0,3.665414926659079e-221
Obesity:No,1,0,0.0
Obesity:No,0,0,0.0
Obesity:No,0,0,0.0
Obesity:No,0,0,0.0
Obesity:No,0,0,0.0
Obesity:No,0,0,0.0
Obesity:No,0,0,0.0
Obesity:No,0,0,3.55768490662663e-104
Obesity:No,0,0,0.0
Obesity:No,0,0,4.2238813180350816e-165
Obesity:No,0,0,0.0
Obesity:No,0,0,9.772655961724355e-228
Obesity:No,0,0,1.320704482943858e-255
Obesity:No,0,0,1.4573126930603832e-228
Obesity:No,0,0,0.0
Obesity:No,0,0,0.0
Obesity:No,0,0,0.0
Obesity:No,0,0,0.0
Obesity:No,0,0,0.0
Obesity:No,0,0,0.0
Obesity:No,0,0,0.0
Obesity:No,0,0,0.0
Obesity:No,0,0,0.0
Obesity:No,0,0,5.5024713266156796e-244
Obesity:No,0,0,0.0
Obesity:No,0,0,5.38678488987002e-305
Obesity:No,0,0,0.0
Obesity:No,0,0,8.292275847647376e-301
Obesity:No,0,0,0.0
Obesity:No,0,0,0.0
Obesity:No,0,0,0.0
Obesity:No,0,0,0.0
Obesity:No,0,0,0.0
Obesity:No,0,0,0.0
Obesity:No,0,0,0.0
Obesity:No,0,0,1.0500636921290537e-174
Obesity:No,0,0,0.0
Obesity:No,1,0,1.049025993752663e-153
Obesity:No,0,0,0.0
Obesity:No,0,0,0.0
Obesity:No,0,0,4.3367160060716423e-191
Obesity:No,0,0,0.0
Obesity:No,0,0,0.0
Obesity:No,0,0,0.0
Obesity:No,0,0,0.0
Obesity:No,0,0,0.0
Obesity:No,0,0,3.6589401175986327e-292
Obesity:No,0,0,0.0
Obesity:No,0,0,7.89646224348086e-226
Obesity:No,0,0,9.963591542698989e-194
Obesity:No,0,0,0.0
Obesity:No,0,0,4.818169814555198e-247
Obesity:No,0,0,0.0
Obesity:No,0,0,3.764024803477927e-221
Obesity:No,0,0,1.0484600666263163e-215
Obesity:No,0,0,0.0
Obesity:No,0,0,0.0
Obesity:No,0,0,0.0
Obesity:No,0,0,0.0
Obesity:No,0,0,0.0
Obesity:No,0,0,0.0
Obesity:No,0,0,4.453453146282223e-249
Obesity:No,0,0,0.0
Obesity:No,0,0,0.0
Obesity:No,0,0,4.5578492203154675e-204
Obesity:No,0,0,0.0
Obesity:No,0,0,0.0
Obesity:No,0,0,1.1638647705527818e-167
Obesity:No,0,0,0.0
Obesity:No,0,0,0.0
Obesity:No,0,0,4.187185368505255e-160
Obesity:No,0,0,0.0
Obesity:No,0,0,1.1725093440470667e-100
Obesity:No,0,0,0.0
Obesity:No,0,0,0.0
Obesity:No,0,0,0.0
Obesity:No,0,0,0.0
Obesity:No,0,0,1.1434567410688197e-203
Obesity:No,0,0,0.0
Obesity:No,0,0,2.4335674663792867e-218
Obesity:No,0,0,0.0
Obesity:No,1,0,0.0
Obesity:No,0,0,2.8637597825557477e-215
Obesity:No,0,0,8.629583075355617e-213
Obesity:No,0,0,3.5629170241572745e-149
Obesity:No,0,0,3.320103345369003e-245
Obesity:No,0,0,9.843456489555334e-138
Obesity:No,0,0,0.0
Obesity:No,0,0,1.7895300539152396e-294
Obesity:No,0,0,6.182290093965671e-195
Obesity:No,0,0,0.0
Obesity:No,0,0,0.0
Obesity:No,0,0,0.0
Obesity:No,0,0,0.0
Obesity:No,0,0,3.042665366315995e-247
Obesity:No,0,0,0.0
Obesity:No,0,0,0.0
Obesity:No,0,0,3.705532883138348e-56
Obesity:No,0,0,2.7856899491473967e-70
Obesity:No,0,0,0.0
Obesity:No,0,0,0.0
Obesity:No,0,0,1.2549322824329303e-209
Obesity:No,0,0,0.0
Obesity:No,0,0,0.0
Obesity:No,0,0,0.0
Obesity:No,0,0,0.0
Obesity:No,0,0,1.4396419325913512e-281
Obesity:No,0,0,7.59566779456845e-247
Obesity:No,0,0,9.3078838560136e-247
Obesity:No,0,0,0.0
Obesity:No,0,0,1.3593939015062829e-113
Obesity:No,0,0,8.72511913985748e-300
Obesity:No,0,0,4.1110562561217784e-290
Obesity:No,0,0,2.1440281545323272e-228
Obesity:No,0,0,0.0
Obesity:No,0,0,0.0
Obesity:No,0,0,1.5375157605987868e-297
Obesity:No,0,0,0.0
Obesity:No,0,0,0.0
Obesity:No,0,0,7.788797839031165e-227
Obesity:No,0,0,0.0
Obesity:No,0,0,0.0
Obesity:No,0,0,0.0
Obesity:No,0,0,1.8085361867852694e-244
Obesity:No,0,0,0.0
Obesity:No,0,0,6.694526572115392e-284
Obesity:No,0,0,0.0
Obesity:No,0,0,0.0
Obesity:No,0,0,1.5139277170775822e-256
Obesity:No,0,0,8.27733328578376e-243
Obesity:No,0,0,0.0
Obesity:No,0,0,0.0
Obesity:No,0,0,1.1945432257164742e-273
Obesity:No,0,0,0.0
Obesity:No,1,0,0.0
Obesity:No,0,0,0.0
Obesity:No,0,0,2.9036328387963747e-274
Obesity:No,0,0,4.562049882881763e-140
Obesity:No,0,0,0.0
Obesity:No,0,0,0.0
Obesity:No,1,1,1.0
Obesity:No,0,0,0.0
Obesity:No,0,0,0.0
Obesity:No,0,0,0.0
Obesity:No,0,0,5.5906094785370463e-241
Obesity:No,0,0,0.0
Obesity:No,0,0,0.0
Obesity:No,0,0,0.0
Obesity:No,0,0,1.1858539105806997e-287
Obesity:No,0,0,6.130608793328518e-60
Obesity:No,0,0,1.7718466168691122e-246
Obesity:No,0,0,3.411948020313487e-215
Obesity:No,0,0,3.2624418163388416e-299
Obesity:No,0,0,6.056092149891763e-296
Obesity:No,0,0,0.0
Obesity:No,0,0,0.0
Obesity:No,0,0,9.525265952218583e-309
Obesity:No,0,0,0.0
Obesity:No,0,0,0.0
Obesity:No,0,0,0.0
Obesity:No,0,0,1.4022995182922313e-270
Obesity:No,0,0,0.0
Obesity:No,0,0,0.0
Obesity:No,0,0,0.0
Obesity:No,0,0,1.8870281628544953e-152
Obesity:No,0,0,3.144835281944531e-290
Obesity:No,0,0,0.0
Obesity:No,0,0,0.0
Obesity:No,0,0,0.0
Obesity:No,0,0,0.0
Obesity:No,0,0,1.2007184232034134e-82
Obesity:No,0,0,2.679059879362386e-263
Obesity:No,0,0,6.816656420773928e-279
Obesity:No,0,0,0.0
Obesity:No,0,0,3.833523321867337e-172
Obesity:No,0,0,1.1599672939394675e-243
Obesity:No,0,0,3.8666179719801546e-218
Obesity:No,0,0,0.0
Obesity:No,0,0,2.9085841874751917e-152
Obesity:No,0,0,1.0368439035584834e-286
Obesity:No,0,0,3.880368529345204e-278
Obesity:No,0,0,0.0
Obesity:No,1,0,0.0
Obesity:No,0,0,1.7465829739458944e-252
Obesity:No,0,0,0.0
Obesity:No,0,0,4.976810439557088e-58
Obesity:No,0,0,0.0
Obesity:No,0,0,1.2627576320255162e-297
Obesity:No,0,0,1.8661601521791284e-213
Obesity:No,0,0,0.0
Obesity:No,0,0,2.5405048007280846e-115
Obesity:No,0,0,4.4949719189650955e-196
Obesity:No,0,0,0.0
Obesity:No,0,0,0.0
Obesity:No,0,0,8.242088375804256e-170
Obesity:No,0,0,2.9853581481001853e-114
Obesity:No,0,0,2.553232938074646e-189
Obesity:No,0,0,0.0
Obesity:No,0,0,5.210458888464145e-223
Obesity:No,0,0,0.0
Obesity:No,0,0,2.2005989587183624e-204
Obesity:No,0,0,0.0
Obesity:No,0,0,0.0
Obesity:No,0,0,5.1391804851445783e-306
Obesity:No,0,0,0.0
Obesity:No,0,0,0.0
Obesity:No,0,0,0.0
Obesity:No,0,0,2.704288127940976e-134
Obesity:No,0,0,0.0
Obesity:No,0,0,0.0
Obesity:No,0,0,0.0
Obesity:No,0,0,1.4798903563257544e-258
Obesity:No,0,0,1.0194708977738456e-230
Obesity:No,0,0,9.054336173662851e-233
Obesity:No,0,0,0.0
Obesity:No,0,0,0.0
Obesity:No,0,0,0.0
Obesity:No,0,0,2.733442490526909e-306
Obesity:No,0,0,8.175806168268348e-185
Obesity:No,1,0,0.0
Obesity:No,0,0,0.0
Obesity:No,0,1,1.0
Obesity:No,0,0,0.0
Obesity:No,0,0,4.9178314528998205e-213
Obesity:No,0,0,0.0
Obesity:No,0,0,0.0
Obesity:No,0,0,0.0
Obesity:No,0,0,1.929252188783102e-104
Obesity:No,0,0,0.0
Obesity:No,0,0,0.0
Obesity:No,0,0,4.309999888537921e-247
Obesity:No,0,0,0.0
Obesity:No,0,0,0.0
Obesity:No,0,0,0.0
Obesity:No,0,0,0.0
Obesity:No,0,0,0.0
Obesity:No,0,0,1.174758125407251e-256
Obesity:No,0,0,0.0
Obesity:No,0,0,4.53274042799828e-261
Obesity:No,0,0,8.826033589058465e-219
Obesity:No,0,0,7.100510037592583e-257
Obesity:No,0,0,0.0
Obesity:No,0,0,0.0
Obesity:No,0,0,5.776732366234451e-273
Obesity:No,1,0,8.494755185502872e-285
Obesity:No,0,0,0.0
Obesity:No,0,0,0.0
Obesity:No,0,0,2.3981377651645987e-267
Obesity:No,0,0,0.0
Obesity:No,0,0,0.0
Obesity:No,0,0,0.0
Obesity:No,0,0,1.0008844485997102e-294
Obesity:No,0,0,0.0
Obesity:No,0,0,0.0
Obesity:No,0,0,1.2198943578381704e-284
Obesity:No,0,0,2.9170170395907126e-175
Obesity:No,0,0,0.0
Obesity:No,0,0,0.0
Obesity:No,0,0,0.0
Obesity:No,0,0,2.0225763128880525e-287
Obesity:No,0,0,0.0
Obesity:No,0,0,0.0
Obesity:No,0,0,1.929586406279313e-214
Obesity:No,0,0,2.5229581063894426e-236
Obesity:No,0,0,0.0
Obesity:No,0,0,0.0
Obesity:No,0,0,0.0
Obesity:No,0,0,1.584006552321364e-210
Obesity:No,0,0,0.0
Obesity:No,0,0,0.0
Obesity:No,0,0,5.577771569794887e-134
Obesity:No,0,0,0.0
Obesity:No,0,0,0.0
Obesity:No,0,0,0.0
Obesity:No,0,0,4.926007130583486e-91
Obesity:No,0,0,3.8792616642959704e-63
Obesity:No,0,0,0.0
Obesity:No,0,0,1.6609972735580348e-182
Obesity:No,0,0,0.0
Obesity:No,0,0,5.01586157060294e-62
Obesity:No,0,0,4.1427240473401773e-227
Obesity:No,0,0,6.698205909796114e-132
Obesity:No,0,0,0.0
Obesity:No,0,0,1.9429992131355928e-165
Obesity:No,0,0,0.0
Obesity:No,0,0,0.0
Obesity:No,0,0,2.9526478557777824e-277
Obesity:No,0,0,9.3915541712593e-164
Obesity:No,0,0,0.0
Obesity:No,0,0,2.5149208437854657e-222
Obesity:No,0,0,0.0
Obesity:No,0,0,6.6422171675387336e-279
Obesity:No,0,0,0.0
Obesity:No,0,0,0.0
Obesity:No,0,0,4.02746698116071e-241
Obesity:No,0,0,0.0
Obesity:No,0,0,2.02776467223749e-281
Obesity:No,1,0,8.564784784244088e-194
Obesity:No,0,0,0.0
Obesity:No,0,0,4.878571773111368e-295
Obesity:No,0,0,2.1621375014637416e-231
Obesity:No,0,0,0.0
Obesity:No,0,0,3.0821691031775265e-238
Obesity:No,0,0,0.0
Obesity:No,0,0,2.395453731733813e-195
Obesity:No,0,0,0.0
Obesity:No,0,0,6.711794959530634e-261
Obesity:No,0,0,0.0
Obesity:No,0,0,0.0
Obesity:No,0,0,0.0
Obesity:No,1,0,4.485926190461468e-274
Obesity:No,0,0,1.587579912455372e-88
Obesity:No,0,0,4.75451006415472e-119
Obesity:No,0,0,1.4414915832661956e-231
Obesity:No,0,0,0.0
Obesity:No,0,0,0.0
Obesity:No,0,0,0.0
Obesity:No,0,0,2.6082521495488855e-268
Obesity:No,1,0,2.452658808701015e-300
Obesity:No,0,0,3.687126618509862e-229
Obesity:No,0,0,5.77959659481356e-203
Obesity:No,0,0,1.2378950813955881e-291
Obesity:No,0,0,6.46252345879719e-289
Obesity:No,0,0,0.0
Obesity:No,0,0,0.0
Obesity:No,0,0,4.859592203786459e-242
Obesity:No,0,0,1.2997186410779135e-285
Obesity:No,0,0,0.0
Obesity:No,0,0,0.0
Obesity:No,1,0,3.089684697686027e-85
Obesity:No,0,0,0.0
Obesity:No,0,0,1.0183845737012862e-259
Obesity:No,0,0,0.0
Obesity:No,0,0,5.073333654687562e-48
Obesity:No,0,0,1.8309128533933958e-163
Obesity:No,0,0,8.846447542058045e-119
Obesity:No,0,0,0.0
Obesity:No,0,0,0.0
Obesity:No,0,0,2.5280006711727167e-276
Obesity:No,0,0,0.0
Obesity:No,0,0,0.0
Obesity:No,0,0,1.9032110126919843e-287
Obesity:No,0,0,0.0
Obesity:No,0,0,0.0
Obesity:No,0,0,2.689473491855463e-254
Obesity:No,0,0,0.0
Obesity:No,0,0,0.0
Obesity:No,0,0,0.0
Obesity:No,0,0,0.0
Obesity:No,0,0,0.0
Obesity:No,0,0,0.0
Obesity:No,0,0,0.0
Obesity:No,0,0,1.6443049556787495e-236
Obesity:No,0,0,0.0
Obesity:No,0,0,0.0
Obesity:No,0,0,0.0
Obesity:No,0,0,0.0
Obesity:No,0,0,0.0
Obesity:No,0,0,0.0
Obesity:No,0,0,0.0
Obesity:No,0,0,0.0
Obesity:No,0,0,0.0
Obesity:No,0,0,0.0
Obesity:No,0,0,0.0
Obesity:No,0,0,0.0
Obesity:No,0,0,0.0
Obesity:No,0,0,8.764185953309835e-304
Obesity:No,0,0,0.0
Obesity:No,0,0,0.0
Obesity:No,0,0,0.0
Obesity:No,0,0,0.0
Obesity:No,0,0,0.0
Obesity:No,0,0,0.0
Obesity:No,0,0,0.0
Obesity:No,0,0,0.0
Obesity:No,0,0,4.97663273632703e-210
Obesity:No,0,0,0.0
Obesity:No,0,0,0.0
Obesity:No,0,0,0.0
Obesity:No,0,0,0.0
Obesity:No,0,0,1.9090680924500385e-278
Obesity:No,0,0,0.0
Obesity:No,0,0,1.1433114555469963e-274
Obesity:No,0,0,0.0
Obesity:No,0,0,0.0
Obesity:No,0,0,4.139026922317641e-280
Obesity:No,0,0,0.0
Obesity:No,0,0,0.0
Obesity:No,0,0,0.0
Obesity:No,0,0,0.0
Obesity:No,0,0,0.0
Obesity:No,0,0,0.0
Obesity:No,0,0,0.0
Obesity:No,0,0,1.2390260696823825e-258
Obesity:No,0,0,0.0
Obesity:No,0,0,0.0
Obesity:No,0,0,5.547237925403793e-228
Obesity:No,0,0,1.9516448258539018e-221
Obesity:No,0,0,7.134074799526024e-166
Obesity:No,0,0,0.0
Obesity:No,0,0,0.0
Obesity:No,0,0,6.327240547153024e-109
Obesity:No,0,0,0.0
Obesity:No,1,0,0.0
Obesity:No,0,0,1.334447799107565e-303
Obesity:No,0,0,0.0
Obesity:No,0,0,4.7933093470714835e-307
Obesity:No,0,0,3.2904762013841484e-88
Obesity:No,0,0,2.8665850939121766e-241
Obesity:No,0,0,0.0
Obesity:No,0,0,0.0
Obesity:No,0,0,0.0
Obesity:No,0,0,1.8724244301185384e-256
Obesity:No,0,0,1.4753670950369538e-254
Obesity:No,0,0,1.645987137256624e-120
Obesity:No,0,0,0.0
Obesity:No,0,0,0.0
Obesity:No,0,0,2.0692826324068073e-272
Obesity:No,0,0,1.101950056039051e-08
Obesity:No,0,0,0.0
Obesity:No,0,0,0.0
Obesity:No,0,0,2.3013618528712208e-245
Obesity:No,0,0,5.549885416601954e-284
Obesity:No,0,0,0.0
Obesity:No,0,0,2.2291582133234357e-237
Obesity:No,0,0,5.6072613766354594e-15
Obesity:No,0,0,0.0
Obesity:No,0,0,0.0
Obesity:No,0,0,0.0
Obesity:No,0,0,8.782600351255753e-143
Obesity:No,0,0,0.0
Obesity:No,0,0,1.4103328927332439e-263
Obesity:No,0,0,0.0
Obesity:No,0,0,1.8492526997423136e-264
Obesity:No,0,0,5.126831321339375e-246
Obesity:No,0,0,0.0
Obesity:No,0,0,0.0
Obesity:No,0,0,1.1725831170370327e-23
Obesity:No,0,0,2.3589470125613746e-232
Obesity:No,0,0,0.0
Obesity:No,0,0,0.0
Obesity:No,0,0,0.0
Obesity:No,0,0,0.0
Obesity:No,0,0,8.296209108788295e-253
Obesity:No,0,0,1.9538129547744927e-218
Obesity:No,0,0,3.1567537074191374e-227
Obesity:No,0,0,0.0
Obesity:No,0,0,0.0
Obesity:No,0,0,0.0
Obesity:No,0,0,0.0
Obesity:No,0,0,0.0
Obesity:No,0,0,0.0
Obesity:No,0,0,0.0
Obesity:No,0,0,5.802478250658176e-261
Obesity:No,0,0,1.0165214927333442e-207
Obesity:No,0,0,2.314303016904863e-77
Obesity:No,0,0,0.0
Obesity:No,0,0,0.0
Obesity:No,0,0,0.0
Obesity:No,0,0,0.0
Obesity:No,0,0,0.0
Obesity:No,0,0,2.7324810318752848e-257
Obesity:No,0,0,0.0
Obesity:No,0,0,0.0
Obesity:No,0,0,9.950308657480755e-85
Obesity:No,0,0,1.0065010246424629e-260
Obesity:No,0,0,6.98059273813749e-252
Obesity:No,0,0,0.0
Obesity:No,0,0,0.0
Obesity:No,0,0,0.0
Obesity:No,0,0,0.0
Obesity:No,0,0,0.0
Obesity:No,0,0,0.0
Obesity:No,0,0,0.0
Obesity:No,0,0,0.0
Obesity:No,1,0,6.72634365161926e-76
Obesity:No,0,0,7.129525203206083e-292
Obesity:No,0,0,3.043438270001183e-222
Obesity:No,0,0,0.0
Obesity:No,0,0,3.0487191882662515e-201
Obesity:No,0,0,0.0
Obesity:No,0,0,0.0
Obesity:No,0,0,1.5249062666059484e-232
Obesity:No,0,0,0.0
Obesity:No,0,0,0.0
Obesity:No,0,0,0.0
Obesity:No,0,0,1.969633817210653e-229
Obesity:No,0,0,0.0
Obesity:No,0,0,0.0
Obesity:No,0,0,0.0
Obesity:No,0,0,0.0
Obesity:No,0,0,3.932398217211651e-291
Obesity:No,0,0,0.0
Obesity:No,0,0,0.0
Obesity:No,0,0,0.0
Obesity:No,0,0,2.809619615572256e-287
Obesity:No,0,0,5.0674099338293226e-220
Obesity:No,0,0,1.6680435824553436e-181
Obesity:No,0,0,0.0
Obesity:No,0,0,1.2492625461423953e-143
Obesity:No,0,0,5.0156147005850947e-306
Obesity:No,0,0,0.0
Obesity:No,0,0,1.0190411780935131e-304
Obesity:No,0,0,0.0
Obesity:No,0,0,6.08394369895602e-180
Obesity:No,0,0,0.0
Obesity:No,0,0,0.0
Obesity:No,0,0,0.0
Obesity:No,0,0,0.0
Obesity:No,0,0,4.5920454483151385e-276
Obesity:No,0,0,4.025507751234906e-08
Obesity:No,0,0,0.0
Obesity:No,0,0,0.0
Obesity:No,0,0,9.589138463807986e-217
Obesity:No,0,0,0.0
Obesity:No,0,0,0.0
Obesity:No,0,0,0.0
Obesity:No,0,0,2.3775517048449833e-99
Obesity:No,0,0,0.0
Obesity:No,0,0,4.426644418592043e-121
Obesity:No,0,0,0.0
Obesity:No,0,0,0.0
Obesity:No,0,0,0.0
Obesity:No,0,0,0.0
Obesity:No,0,0,1.5652406623267664e-237
Obesity:No,0,0,0.0
Obesity:No,0,0,7.412688120150838e-186
Obesity:No,0,0,0.0
Obesity:No,0,0,0.0
Obesity:No,0,0,0.0
Obesity:No,0,0,0.0
Obesity:No,0,0,2.51991956213788e-227
Obesity:No,0,0,0.0
Obesity:No,0,0,0.0
Obesity:No,0,0,7.3896926534211724e-62
Obesity:No,0,0,0.0
Obesity:No,0,0,2.583698249441013e-164
Obesity:No,0,0,5.460143716358607e-276
Obesity:No,0,0,0.0
Obesity:No,0,0,1.49255041292353e-297
Obesity:No,0,0,4.969206602396915e-69
Obesity:No,0,0,0.0
Obesity:No,0,0,0.0
Obesity:No,0,0,0.0
Obesity:No,0,0,0.0
Obesity:No,1,0,1.518442491858422e-111
Obesity:No,0,0,2.0664471099158254e-262
Obesity:No,0,0,4.2366038459395925e-194
Obesity:No,0,0,0.0
Obesity:No,0,0,1.7747445981460323e-270
Obesity:No,0,0,1.9275551055708654e-307
Obesity:No,0,0,1.6300633279190327e-206
Obesity:No,0,0,0.0
Obesity:No,0,0,6.4274065064093414e-282
Obesity:No,0,0,5.492474796875032e-146
Obesity:No,0,0,0.0
Obesity:No,0,0,0.0
Obesity:No,0,0,0.0
Obesity:No,0,0,2.2701937569277353e-236
Obesity:No,0,0,0.0
Obesity:No,0,0,3.208449256127298e-254
Obesity:No,0,0,0.0
Obesity:No,0,0,0.0
Obesity:No,0,0,0.0
Obesity:No,0,0,0.0
Obesity:No,0,0,3.434748878706037e-149
Obesity:No,0,0,8.708250430635938e-258
Obesity:No,0,0,5.5741364460534115e-263
Obesity:No,0,0,7.716821162689573e-305
Obesity:No,0,0,4.952509604785933e-302
Obesity:No,0,0,0.0
Obesity:No,0,0,7.23199402877432e-277
Obesity:No,0,0,4.530975113473677e-184
Obesity:No,0,0,0.0
Obesity:No,0,0,0.0
Obesity:No,0,0,0.0
Obesity:No,0,0,1.6259398087190996e-233
Obesity:No,0,0,2.7093558430033623e-147
Obesity:No,0,0,0.0
Obesity:No,0,0,0.0
Obesity:No,0,0,0.0
Obesity:No,0,0,0.0
Obesity:No,0,0,0.0
Obesity:No,0,0,3.248117858373178e-266
Obesity:No,0,0,0.0
Obesity:No,0,0,3.8475134303563576e-79
Obesity:No,0,0,6.7678163004174066e-164
Obesity:No,0,0,0.0
Obesity:No,0,0,0.0
Obesity:No,0,0,2.9574186897719527e-166
Obesity:No,0,0,4.51201449162499e-193
Obesity:No,0,0,3.3909459266057185e-168
Obesity:No,0,0,9.549566798963935e-137
Obesity:No,0,0,0.0
Obesity:No,0,0,0.0
Obesity:No,0,0,0.0
Obesity:No,0,1,1.0
Obesity:No,0,0,0.0
Obesity:No,0,0,3.079321393129393e-173
Obesity:No,0,0,0.0
Obesity:No,0,0,0.0
Obesity:No,0,0,0.0
Obesity:No,0,0,0.0
Obesity:No,0,0,2.4856808112908212e-287
Obesity:No,0,0,0.0
Obesity:No,0,1,1.0
Obesity:No,0,0,0.0
Obesity:No,0,0,1.3078439126765647e-260
Obesity:No,0,0,7.959524533608677e-288
Obesity:No,0,0,0.0
Obesity:No,0,0,0.0
Obesity:No,0,0,0.0
Obesity:No,0,0,0.0
Obesity:No,0,0,0.0
Obesity:No,0,0,1.257803985208199e-251
Obesity:No,0,0,0.0
Obesity:No,0,0,0.0
Obesity:No,0,0,0.0
Obesity:No,0,0,6.52018092967143e-228
Obesity:No,0,0,1.4159816061337664e-300
Obesity:No,0,0,0.0
Obesity:No,0,0,0.0
Obesity:No,0,0,2.3830977290460116e-218
Obesity:No,0,0,0.0
Obesity:No,0,0,3.260074913564304e-302
Obesity:No,0,0,4.352415309452642e-292
Obesity:No,0,0,0.0
Obesity:No,0,0,0.0
Obesity:No,0,0,0.0
Obesity:No,0,0,0.0
Obesity:No,1,0,0.0
Obesity:No,0,0,0.0
Obesity:No,0,0,0.0
Obesity:No,0,0,0.0
Obesity:No,0,0,4.097521949860065e-287
Obesity:No,0,0,0.0
Obesity:No,0,0,1.1438997539813337e-306
Obesity:No,0,0,1.261642346374932e-306
Obesity:No,0,0,1.9858547118038132e-262
Obesity:No,0,0,0.0
Obesity:No,0,0,9.438477326590368e-193
Obesity:No,0,0,0.0
Obesity:No,0,0,1.0078897440292816e-280
Obesity:No,0,0,0.0
Obesity:No,0,0,0.0
Obesity:No,0,0,0.0
Obesity:No,0,0,0.0
Obesity:No,0,0,0.0
Obesity:No,0,0,0.0
Obesity:No,0,0,8.50703937198929e-280
Obesity:No,0,0,0.0
Obesity:No,0,0,7.636720162027065e-274
Obesity:No,0,0,0.0
Obesity:No,1,0,0.0
Obesity:No,0,0,1.0054436450815702e-273
Obesity:No,0,0,7.881254539174345e-182
Obesity:No,0,0,0.0
Obesity:No,0,0,2.5432351797472595e-64
Obesity:No,0,0,0.0
Obesity:No,0,0,2.3003275275640726e-214
Obesity:No,0,0,0.0
Obesity:No,0,0,0.0
Obesity:No,0,0,3.8080697195825686e-217
Obesity:No,0,0,4.819933116355054e-128
Obesity:No,0,0,0.0
Obesity:No,0,0,5.811258186850592e-290
Obesity:No,0,0,4.731983090721077e-265
Obesity:No,0,0,8.873846958580804e-285
Obesity:No,0,0,4.230811491972548e-307
Obesity:No,0,0,0.0
Obesity:No,0,0,0.0
Obesity:No,0,0,0.0
Obesity:No,0,0,6.278570857376778e-178
Obesity:No,0,0,0.0
Obesity:No,0,0,0.0
Obesity:No,0,0,1.308865943976572e-156
Obesity:No,0,0,0.0
Obesity:No,0,0,1.7487777873819326e-211
Obesity:No,0,0,0.0
Obesity:No,0,0,1.8238424596723847e-245
Obesity:No,0,0,0.0
Obesity:No,0,0,0.0
Obesity:No,0,0,2.478858327005083e-133
Obesity:No,0,0,1.0348334648573429e-167
Obesity:No,0,0,2.1048418502882277e-249
Obesity:No,0,0,0.0
Obesity:No,0,0,3.76801167787817e-176
Obesity:No,0,0,0.0
Obesity:No,0,0,0.0
Obesity:No,0,0,0.0
Obesity:No,0,0,0.0
Obesity:No,1,0,2.1360167157485702e-110
Obesity:No,0,0,5.730065999102881e-296
Obesity:No,0,0,0.0
Obesity:No,0,0,0.0
Obesity:No,0,0,0.0
Obesity:No,0,0,0.0
Obesity:No,0,0,0.0
Obesity:No,0,0,6.230527328405005e-77
Obesity:No,0,0,5.770572583842847e-127
Obesity:No,0,0,0.0
Obesity:No,0,0,0.0
Obesity:No,0,0,2.1735807915383807e-285
Obesity:No,0,0,7.520447073773347e-302
Obesity:No,0,0,0.0
Obesity:No,0,0,2.243602839606882e-295
Obesity:No,0,0,0.0
Obesity:No,0,0,8.876528028054786e-29
Obesity:No,0,0,2.2426091425558034e-254
Obesity:No,0,0,0.0
Obesity:No,0,0,0.0
Obesity:No,0,0,0.0
Obesity:No,0,0,0.0
Obesity:No,0,0,1.812348762013083e-306
Obesity:No,0,0,5.8340541231354615e-137
Obesity:No,0,0,4.772054221132508e-302
Obesity:No,0,0,1.0878555115180117e-301
Obesity:No,0,0,0.0
Obesity:No,0,0,0.0
Obesity:No,0,0,2.1360327505292847e-293
Obesity:No,0,0,0.0
Obesity:No,0,0,7.199474095822696e-10
Obesity:No,0,0,0.0
Obesity:No,0,0,3.221797777485683e-307
Obesity:No,0,0,0.0
Obesity:No,0,0,1.278260891590357e-272
Obesity:No,0,0,4.972335434387912e-192
Obesity:No,0,0,0.0
Obesity:No,0,0,3.24747721129804e-203
Obesity:No,0,0,0.0
Obesity:No,1,0,2.7138819079646416e-68
Obesity:No,0,0,1.1875410506600355e-189
Obesity:No,0,0,8.227059011196988e-192
Obesity:No,0,0,2.343750907862711e-287
Obesity:No,0,0,5.791350508990711e-290
Obesity:No,1,0,6.450181575362522e-210
Obesity:No,0,0,2.3487803331369147e-235
Obesity:No,0,0,0.0
Obesity:No,0,0,0.0
Obesity:No,0,0,0.0
Obesity:No,0,0,0.0
Obesity:No,0,0,0.0
Obesity:No,0,0,0.0
Obesity:No,0,0,1.20212449462926e-262
Obesity:No,0,0,0.0
Obesity:No,0,0,0.0
Obesity:No,0,0,0.0
Obesity:No,0,0,1.2103084615332941e-227
Obesity:No,0,0,0.0
Obesity:No,0,0,4.2578417658551735e-147
Obesity:No,0,0,4.522901892019456e-294
Obesity:No,0,0,1.238766302520318e-291
Obesity:No,0,0,0.0
Obesity:No,0,0,3.1469162424348954e-211
Obesity:No,0,0,0.0
Obesity:No,0,0,0.0
Obesity:No,0,0,0.0
Obesity:No,0,0,0.0
Obesity:No,0,0,1.8521357853785733e-289
Obesity:No,0,0,0.0
Obesity:No,0,0,0.0
Obesity:No,0,0,0.0
Obesity:No,0,0,1.6475154556809519e-171
Obesity:No,0,0,2.5892423192432907e-281
Obesity:No,0,0,0.0
Obesity:No,0,0,4.841798412145606e-130
Obesity:No,0,0,0.0
Obesity:No,0,0,0.0
Obesity:No,0,0,7.36149095652882e-237
Obesity:No,0,0,3.3716300923762635e-297
Obesity:No,0,0,0.0
Obesity:No,0,0,0.0
Obesity:No,0,0,5.85908263096917e-204
Obesity:No,0,0,0.0
Obesity:No,0,0,0.0
Obesity:No,0,1,0.9999999999978164
Obesity:No,0,0,0.0
Obesity:No,0,0,3.487601438139426e-175
Obesity:No,0,0,8.794789244768019e-295
Obesity:No,0,0,1.6965426723599143e-151
Obesity:No,0,0,2.7687171965618414e-245
Obesity:No,0,0,0.0
Obesity:No,0,0,4.6727772307320337e-253
Obesity:No,0,0,1.1124949829888738e-243
Obesity:No,0,0,7.485592635956645e-23
Obesity:No,0,0,0.0
Obesity:No,0,0,0.0
Obesity:No,0,0,0.0
Obesity:No,0,0,0.0
Obesity:No,0,0,0.0
Obesity:No,0,0,0.0
Obesity:No,0,0,0.0
Obesity:No,0,0,0.0
Obesity:No,0,0,0.0
Obesity:No,0,0,1.5552229452725706e-213
Obesity:No,0,0,0.0
Obesity:No,0,0,7.819407418690033e-280
Obesity:No,0,0,4.4383820884965697e-259
Obesity:No,0,0,0.0
Obesity:No,0,0,0.0
Obesity:No,0,0,4.872686560876356e-225
Obesity:No,0,0,2.586421746976019e-273
Obesity:No,0,0,0.0
Obesity:No,0,0,0.0
Obesity:No,0,0,1.6589303815775528e-252
Obesity:No,0,0,0.0
Obesity:No,0,0,0.0
Obesity:No,0,0,0.0
Obesity:No,0,0,0.0
Obesity:No,0,0,3.166440513689529e-255
Obesity:No,0,0,0.0
Obesity:No,0,0,3.991106177297852e-21
Obesity:No,0,0,0.0
Obesity:No,0,0,7.547823567025838e-97
Obesity:No,0,0,3.481265612440131e-284
Obesity:No,0,0,0.0
Obesity:No,1,0,8.087237967216558e-221
Obesity:No,0,0,0.0
Obesity:No,0,0,0.0
Obesity:No,0,0,5.090649458863029e-295
Obesity:No,0,0,0.0
Obesity:No,0,0,6.491233990189145e-308
Obesity:No,0,0,1.796408863629313e-287
Obesity:No,0,0,4.577992983728253e-153
Obesity:No,0,0,0.0
Obesity:No,0,0,0.0
Obesity:No,0,0,5.631980129975502e-05
Obesity:No,0,0,0.0
Obesity:No,0,0,0.0
Obesity:No,0,0,0.0
Obesity:No,0,0,0.0
Obesity:No,0,0,1.0235713266686303e-141
Obesity:No,0,0,0.0
Obesity:No,0,0,0.0
Obesity:No,0,0,0.0
Obesity:No,0,0,0.0
Obesity:No,0,0,7.450811657760801e-296
Obesity:No,0,0,0.0
Obesity:No,0,0,0.0
Obesity:No,0,0,1.3371966880508831e-188
Obesity:No,0,0,0.0
Obesity:No,0,0,0.0
Obesity:No,0,0,0.0
Obesity:No,0,0,2.1600556500989477e-283
Obesity:No,0,0,0.0
Obesity:No,0,0,0.0
Obesity:No,0,0,2.1456662005592345e-289
Obesity:No,0,0,2.564317413738397e-281
Obesity:No,0,0,0.0
Obesity:No,0,0,2.4744855787206635e-186
Obesity:No,0,0,0.0
Obesity:No,0,0,8.914843870768336e-306
Obesity:No,0,0,0.0
Obesity:No,0,0,0.0
Obesity:No,0,0,1.701033354387083e-234
Obesity:No,0,0,0.0
Obesity:No,0,0,0.0
Obesity:No,0,0,0.0
Obesity:No,0,0,0.0
Obesity:No,0,0,7.708448195624765e-216
Obesity:No,0,0,2.5120511159069398e-253
Obesity:No,0,0,0.0
Obesity:No,0,0,0.0
Obesity:No,0,0,5.730882742869901e-136
Obesity:No,0,0,1.3589002015050798e-301
Obesity:No,0,0,1.753674384485142e-156
Obesity:No,0,0,0.0
Obesity:No,0,0,1.2259268468915872e-184
Obesity:No,0,0,0.0
Obesity:No,0,0,0.0
Obesity:No,0,0,0.0
Obesity:No,0,0,1.7643289189277403e-296
Obesity:No,0,0,1.608850812534032e-206
Obesity:No,0,0,3.0959147998400453e-298
Obesity:No,0,0,0.0
Obesity:No,0,0,0.0
Obesity:No,0,0,0.0
Obesity:No,0,0,2.4658457526379863e-117
Obesity:No,0,0,0.0
Obesity:No,0,0,0.0
Obesity:No,0,0,3.802368734836204e-221
Obesity:No,0,0,0.0
Obesity:No,0,0,1.1041903131740977e-251
Obesity:No,0,0,3.8548282768013604e-205
Obesity:No,0,0,0.0
Obesity:No,0,0,0.0
Obesity:No,0,0,0.0
Obesity:No,0,0,0.0
Obesity:No,0,0,0.0
Obesity:No,0,0,0.0
Obesity:No,0,0,0.0
Obesity:No,0,0,0.0
Obesity:No,0,0,8.129217004855903e-120
Obesity:No,0,0,7.040896840929677e-225
Obesity:No,0,0,0.0
Obesity:No,0,0,1.1896342812257892e-212
Obesity:No,0,0,0.0
Obesity:No,0,0,1.0930518780667036e-135
Obesity:No,0,0,6.22578889229261e-284
Obesity:No,0,0,0.0
Obesity:No,0,0,0.0
Obesity:No,0,0,0.0
Obesity:No,0,0,4.1991957281567215e-293
Obesity:No,0,0,0.0
Obesity:No,0,0,1.5999705751125366e-307
Obesity:No,0,0,0.0
Obesity:No,0,0,0.0
Obesity:No,0,0,5.4071402525603705e-270
Obesity:No,0,0,0.0
Obesity:No,0,0,0.0
Obesity:No,0,0,0.0
Obesity:No,0,0,1.4321403785821015e-201
Obesity:No,0,0,0.0
Obesity:No,0,0,0.0
Obesity:No,0,0,4.1200619431624544e-178
Obesity:No,0,0,0.0
Obesity:No,0,0,9.143253708114119e-263
Obesity:No,0,0,0.0
Obesity:No,0,0,0.0
Obesity:No,0,0,0.0
Obesity:No,0,0,0.0
Obesity:No,0,0,3.92135182907101e-162
Obesity:No,0,0,1.4363693155470683e-121
Obesity:No,0,0,1.2605991031644095e-278
Obesity:No,0,0,0.0
Obesity:No,0,0,0.0
Obesity:No,0,0,4.952702506057353e-180
Obesity:No,0,0,1.3934031389719367e-280
Obesity:No,0,0,9.044230840778377e-57
Obesity:No,0,0,5.909659627329223e-237
Obesity:No,0,0,0.0
Obesity:No,0,0,0.0
Obesity:No,0,0,0.0
Obesity:No,0,0,0.0
Obesity:No,0,0,0.0
Obesity:No,0,0,0.0
Obesity:No,0,0,1.4819346024364418e-226
Obesity:No,0,0,0.0
Obesity:No,0,0,0.0
Obesity:No,0,0,0.0
Obesity:No,0,0,0.0
Obesity:No,0,0,0.0
Obesity:No,0,0,0.0
Obesity:No,0,0,4.545067957689604e-222
Obesity:No,0,0,0.0
Obesity:No,0,0,6.702117990782671e-205
Obesity:No,0,0,0.0
Obesity:No,0,0,2.4838210290840557e-262
Obesity:No,0,0,1.242805356522478e-285
Obesity:No,0,0,5.206992813620916e-120
Obesity:No,0,0,0.0
Obesity:No,0,0,0.0
Obesity:No,0,0,2.504838175626216e-138
Obesity:No,0,0,2.727145548770159e-237
Obesity:No,0,0,4.641378915254264e-242
Obesity:No,0,0,1.670538472427755e-225
Obesity:No,0,0,0.0
Obesity:No,0,0,9.21889757331563e-259
Obesity:No,0,0,0.0
Obesity:No,0,0,6.057056143881463e-290
Obesity:No,0,0,0.0
Obesity:No,1,0,0.0
Obesity:No,0,0,0.0
Obesity:No,0,0,0.0
Obesity:No,0,0,0.0
Obesity:No,0,0,0.0
Obesity:No,0,0,1.3019552556493712e-268
Obesity:No,0,0,1.1579545048006833e-173
Obesity:No,0,0,0.0
Obesity:No,0,0,3.977753732759741e-16
Obesity:No,0,0,0.0
Obesity:No,1,0,3.8644096031403305e-215
Obesity:No,0,0,3.444704164848647e-284
Obesity:No,0,0,0.0
Obesity:No,0,0,0.0
Obesity:No,0,0,0.0
Obesity:No,0,0,0.0
Obesity:No,0,0,0.0
Obesity:No,0,0,0.0
Obesity:No,0,0,0.0
Obesity:No,0,0,0.0
Obesity:No,0,0,7.53899309525739e-255
Obesity:No,0,0,0.0
Obesity:No,0,0,0.0
Obesity:No,0,0,6.345518208882419e-202
Obesity:No,0,0,0.0
Obesity:No,0,0,0.0
Obesity:No,0,0,0.0
Obesity:No,0,0,1.4418595390357012e-291
Obesity:No,0,0,3.934712174258657e-267
Obesity:No,0,0,0.0
Obesity:No,0,0,0.0
Obesity:No,0,0,0.0
Obesity:No,0,0,0.0
Obesity:No,0,0,0.0
Obesity:No,0,0,0.0
Obesity:No,0,0,0.0
Obesity:No,0,0,0.0
Obesity:No,0,0,0.0
Obesity:No,0,0,0.0
Obesity:No,0,0,0.0
Obesity:No,0,0,0.0
Obesity:No,0,0,0.0
Obesity:No,0,0,1.452153460544534e-151
Obesity:No,0,0,3.9829052373477835e-243
Obesity:No,0,0,0.0
Obesity:No,0,0,0.0
Obesity:No,0,0,0.0
Obesity:No,0,0,1.0461235448601786e-270
Obesity:No,0,0,0.0
Obesity:No,0,0,0.0
Obesity:No,0,0,2.8855967332858196e-253
Obesity:No,0,0,7.71436014715107e-287
Obesity:No,0,0,0.0
Obesity:No,0,0,0.0
Obesity:No,0,0,6.034207647116549e-111
Obesity:No,0,0,0.0
Obesity:No,0,0,0.0
Obesity:No,0,0,1.0738418087201208e-167
Obesity:No,0,0,0.0
Obesity:No,0,0,0.0
Obesity:No,0,0,0.0
Obesity:No,0,0,0.0
Obesity:No,0,0,1.4722257795565633e-240
Obesity:No,0,0,0.0
Obesity:No,0,0,6.671196410685432e-191
Obesity:No,0,0,0.0
Obesity:No,0,0,5.592438165139757e-302
Obesity:No,0,0,0.0
Obesity:No,0,0,4.1470256793559683e-224
Obesity:No,0,0,4.3726245208977573e-262
Obesity:No,0,0,0.0
Obesity:No,0,0,0.0
Obesity:No,0,0,0.0
Obesity:No,0,0,1.1291321161176305e-304
Obesity:No,0,0,0.0
Obesity:No,0,0,6.705670621158586e-142
Obesity:No,0,0,0.0
Obesity:No,0,0,0.0
Obesity:No,0,0,1.028711182696162e-255
Obesity:No,0,0,2.2761066819375487e-285
Obesity:No,0,0,5.3724278449915375e-242
Obesity:No,0,0,5.236231907272859e-299
Obesity:No,0,0,0.0
Obesity:No,0,0,0.0
Obesity:No,0,0,0.0
Obesity:No,0,0,0.0
Obesity:No,0,0,0.0
Obesity:No,0,0,0.0
Obesity:No,0,0,5.12664899342728e-100
Obesity:No,0,0,0.0
Obesity:No,0,0,2.2751471326109175e-156
Obesity:No,0,0,0.0
Obesity:No,0,0,0.0
Obesity:No,0,0,0.0
Obesity:No,0,0,0.0
Obesity:No,0,0,0.0
Obesity:No,0,0,0.0
Obesity:No,0,0,4.1073908197043056e-81
Obesity:No,0,0,8.142289299569014e-224
Obesity:No,0,0,0.0
Obesity:No,0,0,5.653326085971879e-233
Obesity:No,0,0,0.0
Obesity:No,0,0,0.0
Obesity:No,0,0,1.6203014604050373e-264
Obesity:No,0,0,0.0
Obesity:No,0,0,0.0
Obesity:No,0,0,1.2208455233884515e-254
Obesity:No,0,0,2.2717945728237255e-308
Obesity:No,0,0,1.0954523238490816e-149
Obesity:No,0,0,0.0
Obesity:No,0,0,1.051045578955364e-295
Obesity:No,0,0,2.189383188820378e-270
Obesity:No,0,0,1.1497373063812848e-231
Obesity:No,0,0,8.88654522566625e-205
Obesity:No,0,0,5.948803738560879e-231
Obesity:No,0,0,2.3168652721838947e-303
Obesity:No,0,0,0.0
Obesity:No,0,0,1.1220117744887586e-274
Obesity:No,1,0,0.0
Obesity:No,0,0,5.757064977489029e-252
Obesity:No,0,0,0.0
Obesity:No,0,0,0.0
Obesity:No,0,0,1.195494709907967e-202
Obesity:No,0,0,0.0
Obesity:No,0,0,0.0
Obesity:No,0,0,0.0
Obesity:No,0,0,8.220360092729424e-94
Obesity:No,0,0,0.0
Obesity:No,0,0,4.946786309635552e-216
Obesity:No,0,0,5.235681401673021e-177
Obesity:No,0,0,0.0
Obesity:No,0,0,2.6372282216302975e-279
Obesity:No,0,0,6.0294577962881544e-279
Obesity:No,0,0,0.0
Obesity:No,0,0,0.0
Obesity:No,0,0,0.0
Obesity:No,0,0,0.0
Obesity:No,0,0,1.4770385340150024e-240
Obesity:No,0,0,2.678682620787302e-222
Obesity:No,0,0,5.692805529503199e-260
Obesity:No,0,0,3.301007285666442e-297
Obesity:No,0,0,1.979596351703934e-217
Obesity:No,0,0,1.630875777357246e-307
Obesity:No,0,0,1.9162001133440384e-306
Obesity:No,0,0,1.611166177869756e-264
Obesity:No,1,0,0.0
Obesity:No,0,0,6.172838018376988e-242
Obesity:No,0,0,2.0005320865216182e-289
Obesity:No,0,0,1.6259933968306136e-302
Obesity:No,0,0,0.0
Obesity:No,0,0,0.0
Obesity:No,0,0,0.0
Obesity:No,0,0,0.0
Obesity:No,0,0,0.0
Obesity:No,0,0,0.0
Obesity:No,0,0,6.90904250014794e-132
Obesity:No,0,0,7.477143668300378e-299
Obesity:No,0,0,8.046597237041335e-279
Obesity:No,0,0,0.0
Obesity:No,0,0,2.2924298044079084e-285
Obesity:No,0,0,1.260300405103987e-227
Obesity:No,0,0,4.156548133030913e-225
Obesity:No,0,0,0.0
Obesity:No,0,0,0.0
Obesity:No,0,0,0.0
Obesity:No,0,0,0.0
Obesity:No,0,0,0.0
Obesity:No,0,0,0.0
Obesity:No,0,0,0.0
Obesity:No,0,0,4.6090817775480674e-110
Obesity:No,0,0,9.657152675118052e-167
Obesity:No,1,0,0.0
Obesity:No,0,0,1.317069323272733e-303
Obesity:No,0,0,1.9796581217838213e-170
Obesity:No,0,0,8.003071942871564e-123
Obesity:No,0,0,2.837657387537704e-192
Obesity:No,0,0,1.4317128870481771e-214
Obesity:No,0,0,0.0
Obesity:No,0,0,5.2313404132412986e-226
Obesity:No,1,0,0.0
Obesity:No,1,0,2.462503162917464e-109
Obesity:No,0,0,5.680306303516854e-256
Obesity:No,0,0,6.790782048634029e-147
Obesity:No,0,0,1.1390523489237016e-278
Obesity:No,0,0,0.0
Obesity:No,0,0,2.57050219579041e-232
Obesity:No,0,0,3.260141915956402e-198
Obesity:No,0,0,0.0
Obesity:No,0,0,0.0
Obesity:No,0,0,0.0
Obesity:No,0,0,0.0
Obesity:No,0,0,0.0
Obesity:No,0,0,0.0
Obesity:No,0,0,2.0692880433296248e-297
Obesity:No,0,0,1.9435552152417432e-294
Obesity:No,0,0,0.0
Obesity:No,0,0,0.0
Obesity:No,0,0,0.0
Obesity:No,0,0,3.1495192267997367e-286
Obesity:No,0,0,0.0
Obesity:No,0,0,0.0
Obesity:No,0,0,3.021797162670924e-286
Obesity:No,0,0,0.0
Obesity:No,0,0,0.0
Obesity:No,0,0,0.0
Obesity:No,0,0,0.0
Obesity:No,0,0,5.253710024696273e-261
Obesity:No,0,0,0.0
Obesity:No,0,0,0.0
Obesity:No,0,0,0.0
Obesity:No,0,0,0.0
Obesity:No,0,0,0.0
Obesity:No,0,0,0.0
Obesity:No,0,0,0.0
Obesity:No,0,0,5.434658387846815e-156
Obesity:No,0,0,0.0
Obesity:No,0,0,2.0232236365861742e-306
Obesity:No,0,0,1.3922380632266486e-190
Obesity:No,0,0,2.0323920573793658e-184
Obesity:No,0,0,8.753344144741097e-260
Obesity:No,0,0,0.0
Obesity:No,0,0,1.2509537481300515e-230
Obesity:No,0,0,0.0
Obesity:No,0,0,2.1346022532094035e-226
Obesity:No,0,0,0.0
Obesity:No,0,0,8.273946115041968e-124
Obesity:No,0,0,4.62306412601052e-190
Obesity:No,0,0,0.0
Obesity:No,0,0,0.0
Obesity:No,0,0,0.0
Obesity:No,0,0,0.0
Obesity:No,0,0,0.0
Obesity:No,0,0,0.0
Obesity:No,0,0,7.618940413496965e-126
Obesity:No,0,0,0.0
Obesity:No,0,0,4.2606706425570095e-205
Obesity:No,0,0,0.0
Obesity:No,0,0,1.3541804933913978e-269
Obesity:No,0,0,1.282291736051747e-125
Obesity:No,0,0,9.15871447032161e-251
Obesity:No,0,0,0.0
Obesity:No,0,0,0.0
Obesity:No,0,0,4.803013186777961e-192
Obesity:No,0,0,0.0
Obesity:No,0,0,7.30183925507971e-222
Obesity:No,1,0,0.0
Obesity:No,1,0,0.0
Obesity:No,0,0,0.0
Obesity:No,0,0,7.695446137090203e-251
Obesity:No,0,0,7.288942020546955e-176
Obesity:No,0,0,0.0
Obesity:No,0,0,0.0
Obesity:No,0,0,0.0
Obesity:No,0,0,9.152529662370764e-261
Obesity:No,0,0,1.2674934235565132e-250
Obesity:No,0,0,3.946008660074716e-59
Obesity:No,0,0,7.671838018654941e-286
Obesity:No,0,0,0.0
Obesity:No,0,0,1.3649019910961205e-259
Obesity:No,0,0,4.301608482144919e-264
Obesity:No,0,0,0.0
Obesity:No,0,0,9.909128773779457e-222
Obesity:No,0,0,3.4962324185245776e-223
Obesity:No,1,0,0.0
Obesity:No,0,0,7.904901986878222e-287
Obesity:No,0,0,0.0
Obesity:No,0,0,0.0
Obesity:No,0,0,0.0
Obesity:No,0,0,0.0
Obesity:No,0,0,0.0
Obesity:No,0,0,0.0
Obesity:No,0,0,0.0
Obesity:No,0,0,0.0
Obesity:No,0,0,0.0
Obesity:No,0,0,0.0
Obesity:No,0,0,3.427704203657138e-122
Obesity:No,1,0,8.270783307223725e-242
Obesity:No,0,0,2.0134662767903903e-177
Obesity:No,0,0,0.0
Obesity:No,0,0,0.0
Obesity:No,0,0,0.0
Obesity:No,0,0,0.0
Obesity:No,0,0,0.0
Obesity:No,0,0,3.444216484945059e-100
Obesity:No,0,0,0.0
Obesity:No,0,0,0.0
Obesity:No,0,0,1.95051335473241e-173
Obesity:No,0,0,9.554538890670894e-146
Obesity:No,0,0,0.0
Obesity:No,0,0,0.0
Obesity:No,0,0,0.0
Obesity:No,0,0,6.914732999294486e-181
Obesity:No,0,0,0.0
Obesity:No,0,0,0.0
Obesity:No,0,0,7.739253654664512e-204
Obesity:No,0,0,0.0
Obesity:No,0,0,0.0
Obesity:No,0,0,3.800487672292768e-91
Obesity:No,1,0,0.0
Obesity:No,0,0,1.499297762632283e-219
Obesity:No,0,0,0.0
Obesity:No,0,0,8.252445898623515e-127
Obesity:No,0,0,0.0
Obesity:No,0,0,0.0
Obesity:No,0,0,1.5764876130543059e-291
Obesity:No,0,0,2.019476684690944e-220
Obesity:No,0,0,0.0
Obesity:No,0,0,0.0
Obesity:No,0,0,7.286490567174615e-87
Obesity:No,0,0,5.794839528041072e-221
Obesity:No,0,0,0.0
Obesity:No,0,0,0.0
Obesity:No,0,0,0.0
Obesity:No,0,0,0.0
Obesity:No,0,0,7.846246556167477e-120
Obesity:No,0,0,0.0
Obesity:No,0,0,3.5381623315640497e-68
Obesity:No,0,0,0.0
Obesity:No,0,0,0.0
Obesity:No,0,0,3.7131611891475725e-225
Obesity:No,0,0,0.0
Obesity:No,0,0,0.0
Obesity:No,0,0,3.7327865236873145e-208
Obesity:No,0,0,0.0
Obesity:No,0,0,1.1217414884791982e-127
Obesity:No,0,0,7.614281594091006e-264
Obesity:No,0,0,0.0
Obesity:No,0,0,1.953820728223578e-75
Obesity:No,0,0,0.0
Obesity:No,0,0,0.0
Obesity:No,0,0,0.0
Obesity:No,0,0,6.019828284660546e-309
Obesity:No,0,0,0.0
Obesity:No,0,0,0.0
Obesity:No,0,1,1.0
Obesity:No,0,0,2.6198673386060344e-271
Obesity:No,0,0,1.6058566683066234e-225
Obesity:No,0,0,1.9638060409788983e-253
Obesity:No,0,0,3.913945483450565e-243
Obesity:No,0,0,0.0
Obesity:No,0,0,2.8251044945144094e-124
Obesity:No,0,0,0.0
Obesity:No,0,0,5.395407532260577e-277
Obesity:No,0,0,0.0
Obesity:No,0,0,0.0
Obesity:No,0,0,0.0
Obesity:No,1,0,5.148752608428289e-260
Obesity:No,0,0,0.0
Obesity:No,0,0,4.3518435403014484e-216
Obesity:No,0,0,0.0
Obesity:No,0,0,0.0
Obesity:No,0,1,1.0
Obesity:No,0,0,0.0
Obesity:No,0,0,0.0
Obesity:No,0,0,2.0464272575154483e-270
Obesity:No,0,0,5.4401930231499685e-291
Obesity:No,0,0,0.0
Obesity:No,0,0,0.0
Obesity:No,0,0,1.0415231650884319e-103
Obesity:No,0,0,0.0
Obesity:No,0,0,0.0
Obesity:No,0,0,0.0
Obesity:No,0,0,0.0
Obesity:No,0,0,0.0
Obesity:No,0,0,2.3662237705064925e-288
Obesity:No,0,0,0.0
Obesity:No,0,0,0.0
Obesity:No,0,0,0.0
Obesity:No,0,0,0.0
Obesity:No,0,0,0.0
Obesity:No,0,0,0.0
Obesity:No,0,0,1.4870146617833883e-298
Obesity:No,0,0,0.0
Obesity:No,0,0,0.0
Obesity:No,0,0,0.0
Obesity:No,0,0,0.0
Obesity:No,0,0,0.0
Obesity:No,0,0,0.0
Obesity:No,0,0,1.5949841165975478e-262
Obesity:No,0,0,1.5405319650011198e-117
Obesity:No,0,0,0.0
Obesity:No,0,0,0.0
Obesity:No,0,0,0.0
Obesity:No,0,0,1.5638848721826045e-132
Obesity:No,0,0,7.176099863141591e-215
Obesity:No,0,0,3.970067235928896e-195
Obesity:No,0,0,2.446396676999515e-294
Obesity:No,0,0,0.0
Obesity:No,0,0,0.0
Obesity:No,0,0,0.0
Obesity:No,0,0,0.0
Obesity:No,0,0,0.0
Obesity:No,0,0,1.988317631761422e-218
Obesity:No,0,0,1.3682962287943974e-297
Obesity:No,0,0,0.0
Obesity:No,0,0,0.0
Obesity:No,0,0,3.757266309544568e-253
Obesity:No,0,0,5.918733300619746e-299
Obesity:No,0,0,0.0
Obesity:No,0,0,0.0
Obesity:No,0,0,0.0
Obesity:No,0,0,0.0
Obesity:No,0,0,1.0548455170372761e-251
Obesity:No,0,0,0.0
Obesity:No,0,0,0.0
Obesity:No,0,0,0.0
Obesity:No,0,0,0.0
Obesity:No,0,0,0.008562362871201445
Obesity:No,0,0,0.0
Obesity:No,0,0,0.0
Obesity:No,0,0,0.0
Obesity:No,0,0,1.7524628128350537e-151
Obesity:No,0,0,0.0
Obesity:No,0,0,0.0
Obesity:No,0,0,0.0
Obesity:No,0,0,2.7323854175787393e-291
Obesity:No,0,0,1.8089949361245782e-302
Obesity:No,0,0,0.0
Obesity:No,0,0,0.0
Obesity:No,0,0,2.8131888224729156e-187
Obesity:No,1,0,1.0267980704788225e-199
Obesity:No,0,0,5.930262815944374e-282
Obesity:No,0,0,1.3378724447040503e-155
Obesity:No,0,0,0.0
Obesity:No,0,0,0.0
Obesity:No,0,0,3.9236921992640023e-216
Obesity:No,0,0,5.535711633494144e-300
Obesity:No,0,0,1.9601759264059258e-231
Obesity:No,0,0,0.0
Obesity:No,0,0,0.0
Obesity:No,0,0,0.0
Obesity:No,0,0,0.0
Obesity:No,0,0,0.0
Obesity:No,0,0,0.0
Obesity:No,0,0,0.0
Obesity:No,0,0,2.0008236710611674e-238
Obesity:No,0,0,1.0033120820130985e-179
Obesity:No,0,0,6.039231269490483e-139
Obesity:No,0,0,0.0
Obesity:No,0,0,0.0
Obesity:No,0,0,0.0
Obesity:No,0,0,0.0
Obesity:No,0,0,0.0
Obesity:No,0,0,3.527067673553156e-250
Obesity:No,0,0,1.0911428863308431e-225
Obesity:No,0,0,0.0
Obesity:No,0,0,3.14704665967151e-266
Obesity:No,0,0,2.2277012983931657e-203
Obesity:No,0,0,6.143669422059979e-228
Obesity:No,0,0,0.0
Obesity:No,0,0,8.554326561846016e-69
Obesity:No,0,0,3.62233964371096e-190
Obesity:No,0,0,0.0
Obesity:No,0,0,0.0
Obesity:No,0,0,0.0
Obesity:No,0,1,0.7516378806748991
Obesity:No,0,0,1.60152797452683e-107
Obesity:No,0,0,0.0
Obesity:No,0,0,4.160633803648915e-299
Obesity:No,0,0,4.515111647564502e-163
Obesity:No,0,0,0.0
Obesity:No,0,0,0.0
Obesity:No,0,0,0.0
Obesity:No,0,0,0.0
Obesity:No,0,0,0.0
Obesity:No,0,0,0.0
Obesity:No,0,0,0.0
Obesity:No,0,0,1.0462444841530674e-170
Obesity:No,0,0,4.5880296256623105e-242
Obesity:No,0,0,0.0
Obesity:No,0,0,5.791606334488746e-158
Obesity:No,0,0,3.269618153423683e-127
Obesity:No,0,1,1.0
Obesity:No,0,0,0.0
Obesity:No,0,0,2.359417498450952e-246
Obesity:No,0,0,3.5891086008130243e-218
Obesity:No,0,0,0.0
Obesity:No,0,0,1.2703457378786392e-67
Obesity:No,0,0,0.0
Obesity:No,0,0,1.8101097262231915e-266
Obesity:No,0,0,0.0
Obesity:No,1,0,4.74899955486445e-162
Obesity:No,0,0,0.0
Obesity:No,0,0,6.570491977589776e-267
Obesity:No,0,0,1.2300131786047467e-272
Obesity:No,0,0,0.0
Obesity:No,0,0,0.0
Obesity:No,0,0,0.0
Obesity:No,0,0,1.4767409414635621e-288
Obesity:No,0,0,9.185764593454631e-293
Obesity:No,0,0,1.3856582214188413e-257
Obesity:No,0,0,8.443699289493437e-278
Obesity:No,0,0,0.0
Obesity:No,0,0,0.0
Obesity:No,0,0,0.0
Obesity:No,0,0,0.0
Obesity:No,0,0,0.0
Obesity:No,0,0,3.999993501612379e-34
Obesity:No,0,0,2.345304481516565e-306
Obesity:No,0,0,2.086745749781299e-149
Obesity:No,0,0,0.0
Obesity:No,0,0,0.0
Obesity:No,0,0,0.0
Obesity:No,0,0,3.489949022185503e-92
Obesity:No,0,0,0.0
Obesity:No,0,0,0.0
Obesity:No,0,0,1.7075318152025738e-214
Obesity:No,0,0,9.98885089536539e-226
Obesity:No,0,0,7.008876078807052e-248
Obesity:No,0,0,0.0
Obesity:No,0,0,0.0
Obesity:No,0,0,2.682880257471896e-229
Obesity:No,0,0,0.0
Obesity:No,0,0,0.0
Obesity:No,0,0,0.0
Obesity:No,0,0,0.0
Obesity:No,0,0,2.3952136652935247e-269
Obesity:No,0,0,0.0
Obesity:No,0,0,0.0
Obesity:No,0,0,0.0
Obesity:No,0,0,0.0
Obesity:No,0,0,0.0
Obesity:No,0,0,0.0
Obesity:No,0,0,0.0
Obesity:No,0,0,0.0
Obesity:No,0,0,0.0
Obesity:No,0,0,0.0
Obesity:No,0,0,3.78325983626665e-154
Obesity:No,0,0,0.0
Obesity:No,0,0,0.0
Obesity:No,0,0,0.0
Obesity:No,0,0,1.9648454191479904e-252
Obesity:No,1,0,0.0
Obesity:No,0,0,6.114325050047024e-304
Obesity:No,0,0,1.7019337728359634e-214
Obesity:No,0,0,0.0
Obesity:No,0,0,0.0
Obesity:No,0,0,0.0
Obesity:No,0,0,4.257277788697725e-122
Obesity:No,0,0,2.9009111834513817e-88
Obesity:No,0,0,0.0
Obesity:No,0,0,0.0
Obesity:No,0,0,2.5262091205453957e-125
Obesity:No,0,0,0.0
Obesity:No,0,0,4.91320990113819e-239
Obesity:No,0,0,4.609024609539524e-189
Obesity:No,0,0,0.0
Obesity:No,0,0,0.0
Obesity:No,0,0,0.0
Obesity:No,0,0,3.45910745414381e-229
Obesity:No,1,0,8.569895299712457e-89
Obesity:No,0,0,0.0
Obesity:No,0,0,1.9220977769496944e-70
Obesity:No,0,0,0.0
Obesity:No,0,1,1.0
Obesity:No,0,0,1.5142615368311874e-288
Obesity:No,0,0,0.0
Obesity:No,0,0,8.487710705732286e-298
Obesity:No,0,0,0.0
Obesity:No,0,0,0.0
Obesity:No,0,0,0.0
Obesity:No,0,0,0.0
Obesity:No,0,0,1.0674451819386113e-306
Obesity:No,0,0,0.0
Obesity:No,0,0,0.0
Obesity:No,0,0,0.0
Obesity:No,0,0,2.1664487835485596e-186
Obesity:No,0,0,0.0
Obesity:No,0,0,2.1435103253890882e-184
Obesity:No,0,0,0.0
Obesity:No,0,0,0.0
Obesity:No,0,0,7.715565415524775e-287
Obesity:No,0,0,0.0
Obesity:No,0,0,0.0
Obesity:No,0,0,0.0
Obesity:No,0,0,0.0
Obesity:No,0,0,0.0
Obesity:No,0,0,0.0
Obesity:No,0,0,0.0
Obesity:No,0,0,2.7627550221974755e-308
Obesity:No,0,0,3.3953377162740186e-154
Obesity:No,0,0,0.0
Obesity:No,0,0,0.0
Obesity:No,0,0,0.0
Obesity:No,0,0,6.073887203540352e-132
Obesity:No,0,0,0.0
Obesity:No,0,0,3.1186317781965244e-46
Obesity:No,0,0,0.0
Obesity:No,0,0,0.0
Obesity:No,0,0,3.742860083713556e-148
Obesity:No,0,0,4.931335891767737e-286
Obesity:No,0,0,8.06710330346844e-305
Obesity:No,0,0,2.702902867482359e-74
Obesity:No,0,0,5.837308873778054e-290
Obesity:No,0,0,3.430895435111488e-126
Obesity:No,0,0,0.0
Obesity:No,0,0,0.0
Obesity:No,0,0,0.0
Obesity:No,0,0,3.474305437692077e-284
Obesity:No,0,0,0.0
Obesity:No,0,0,0.0
Obesity:No,0,0,1.6116777915591647e-176
Obesity:No,0,0,0.0
Obesity:No,0,0,0.0
Obesity:No,0,0,0.0
Obesity:No,0,0,0.0
Obesity:No,0,0,2.337601364827735e-221
Obesity:No,0,0,0.0
Obesity:No,1,0,1.4305242741745462e-132
Obesity:No,0,0,0.0
Obesity:No,0,0,0.0
Obesity:No,0,0,0.0
Obesity:No,0,0,0.0
Obesity:No,0,0,0.0
Obesity:No,0,0,0.0
Obesity:No,0,0,0.0
Obesity:No,0,0,3.0300891668048087e-290
Obesity:No,0,0,0.0
Obesity:No,0,0,0.0
Obesity:No,1,0,0.0
Obesity:No,0,0,0.0
Obesity:No,0,0,0.0
Obesity:No,0,0,0.0
Obesity:No,0,0,0.0
Obesity:No,0,1,0.9999999997463496
Obesity:No,0,0,5.351166854820661e-271
Obesity:No,0,0,0.0
Obesity:No,0,0,0.0
Obesity:No,0,0,8.157998159565745e-114
Obesity:No,0,0,0.0
Obesity:No,0,0,0.0
Obesity:No,0,0,9.633239996159277e-191
Obesity:No,0,0,7.085815815789286e-231
Obesity:No,0,0,0.0
Obesity:No,0,0,0.0
Obesity:No,0,0,2.180777040592676e-259
Obesity:No,0,0,0.0
Obesity:No,0,0,7.981285525519882e-132
Obesity:No,0,0,2.7146433324791978e-220
Obesity:No,0,0,0.0
Obesity:No,0,0,7.415591146429826e-242
Obesity:No,0,0,2.866959775295314e-302
Obesity:No,0,0,0.0
Obesity:No,0,0,0.0
Obesity:No,0,0,0.0
Obesity:No,0,0,0.0
Obesity:No,0,0,2.5343958007487613e-81
Obesity:No,0,0,2.905217143333704e-285
Obesity:No,0,0,0.0
Obesity:No,0,0,0.0
Obesity:No,0,0,8.437402975937604e-226
Obesity:No,0,0,0.0
Obesity:No,0,0,0.0
Obesity:No,0,0,3.785460959768761e-239
Obesity:No,0,0,0.0
Obesity:No,0,0,0.0
Obesity:No,0,0,0.0
Obesity:No,0,0,2.845226549465776e-225
Obesity:No,0,0,0.0
Obesity:No,0,0,4.471298693701439e-205
Obesity:No,0,0,6.137661189246034e-284
Obesity:No,0,0,0.0
Obesity:No,0,0,0.0
Obesity:No,0,0,0.0
Obesity:No,0,0,0.0
Obesity:No,0,0,0.0
Obesity:No,0,0,2.202373570439462e-305
Obesity:No,0,0,1.2697366328790539e-261
Obesity:No,1,0,8.743961870346418e-87
Obesity:No,0,0,0.0
Obesity:No,0,0,0.0
Obesity:No,0,0,0.0
Obesity:No,0,0,0.0
Obesity:No,0,0,2.7501030713730976e-257
Obesity:No,0,0,0.0
Obesity:No,0,0,0.0
Obesity:No,0,0,7.252890529567004e-240
Obesity:No,0,0,0.0
Obesity:No,0,0,5.852769449395296e-236
Obesity:No,0,0,0.0
Obesity:No,0,0,1.0098908260857533e-77
Obesity:No,0,0,0.0
Obesity:No,0,0,3.035739351910803e-167
Obesity:No,0,0,0.0
Obesity:No,0,0,1.5400526255378435e-122
Obesity:No,0,0,0.0
Obesity:No,0,0,1.8635902652126215e-289
Obesity:No,1,0,0.0
Obesity:No,0,0,6.519360037506435e-241
Obesity:No,0,0,8.392336499194406e-174
Obesity:No,0,0,0.0
Obesity:No,0,0,0.0
Obesity:No,0,0,0.0
Obesity:No,0,0,6.536620912760209e-171
Obesity:No,0,0,0.0
Obesity:No,0,0,8.548471015716283e-257
Obesity:No,0,0,0.0
Obesity:No,0,0,0.0
Obesity:No,0,0,0.0
Obesity:No,0,0,0.0
Obesity:No,0,0,5.2026041624682166e-250
Obesity:No,0,0,0.0
Obesity:No,0,0,0.0
Obesity:No,0,0,0.0
Obesity:No,0,0,3.8004717236481436e-222
Obesity:No,0,0,3.857415628232742e-182
Obesity:No,0,0,0.0
Obesity:No,0,0,3.084812561850212e-212
Obesity:No,0,0,0.0
Obesity:No,0,0,0.0
Obesity:No,0,0,0.0
Obesity:No,0,0,0.0
Obesity:No,0,0,0.0
Obesity:No,0,0,7.002028446370774e-136
Obesity:No,0,0,0.0
Obesity:No,0,0,1.1921086950320362e-153
Obesity:No,0,0,5.538113617994765e-217
Obesity:No,0,0,4.553296972115354e-231
Obesity:No,0,0,1.4383606383842615e-139
Obesity:No,0,0,4.5888917797809245e-213
Obesity:No,0,0,0.0
Obesity:No,0,0,0.0
Obesity:No,0,0,0.0
Obesity:No,0,0,0.0
Obesity:No,0,0,3.000494917700754e-219
Obesity:No,0,0,1.5791956685631867e-270
Obesity:No,0,0,8.913184966143923e-166
Obesity:No,0,0,3.794891808462164e-96
Obesity:No,0,0,1.6712079905924948e-167
Obesity:No,0,0,0.0
Obesity:No,0,0,5.003709008686137e-169
Obesity:No,0,0,8.48353746276857e-183
Obesity:No,0,0,0.0
Obesity:No,0,0,0.0
Obesity:No,0,0,0.0
Obesity:No,0,0,0.0
Obesity:No,0,0,2.6314875986445832e-148
Obesity:No,0,0,0.0
Obesity:No,0,0,0.0
Obesity:No,0,0,0.0
Obesity:No,0,0,4.249612420742787e-176
Obesity:No,0,0,0.0
Obesity:No,0,0,0.0
Obesity:No,0,0,0.0
Obesity:No,0,0,0.0
Obesity:No,0,0,0.0
Obesity:No,0,0,0.0
Obesity:No,0,0,0.0
Obesity:No,0,0,2.8189854392832233e-291
Obesity:No,0,0,0.0
Obesity:No,0,0,1.3730695765781777e-194
Obesity:No,0,0,0.0
Obesity:No,0,0,3.017626726604556e-107
Obesity:No,0,0,0.0
Obesity:No,0,0,3.7345923861992965e-259
Obesity:No,0,0,5.2510051592866e-283
Obesity:No,0,0,7.32035421489397e-114
Obesity:No,0,0,3.5570543595800754e-196
Obesity:No,0,0,0.0
Obesity:No,0,0,0.0
Obesity:No,0,0,7.426349447252367e-243
Obesity:No,1,0,0.0
Obesity:No,0,0,0.0
Obesity:No,0,0,0.0
Obesity:No,0,0,5.738464712810946e-215
Obesity:No,0,0,0.0
Obesity:No,0,0,2.2070552402317054e-213
Obesity:No,0,0,3.9396389746901204e-74
Obesity:No,0,0,0.0
Obesity:No,0,0,0.0
Obesity:No,0,0,0.0
Obesity:No,0,0,0.0
Obesity:No,0,0,0.0
Obesity:No,0,0,0.0
Obesity:No,0,0,3.474116082549974e-211
Obesity:No,0,0,0.0
Obesity:No,0,0,0.0
Obesity:No,0,0,3.1181802033302562e-71
Obesity:No,1,0,4.2528401947448404e-229
Obesity:No,0,0,1.5333863154620466e-301
Obesity:No,0,0,0.0
Obesity:No,0,0,1.249209144476305e-199
Obesity:No,0,0,0.0
Obesity:No,0,0,4.488033793502877e-261
Obesity:No,0,0,1.0100620231176155e-303
Obesity:No,0,0,0.0
Obesity:No,0,0,0.0
Obesity:No,0,0,0.0
Obesity:No,0,0,0.0
Obesity:No,0,0,1.269154653145398e-198
Obesity:No,0,0,0.0
Obesity:No,0,0,0.0
Obesity:No,0,0,0.0
Obesity:No,0,0,0.0
Obesity:No,0,0,0.0
Obesity:No,0,0,0.0
Obesity:No,1,0,0.0
Obesity:No,0,0,6.4047631116430265e-186
Obesity:No,0,0,0.0
Obesity:No,0,0,0.0
Obesity:No,0,0,0.0
Obesity:No,0,0,0.0
Obesity:No,0,0,0.0
Obesity:No,0,0,7.017912885866235e-213
Obesity:No,0,0,1.9236100856592452e-214
Obesity:No,0,0,1.0303876867706747e-257
Obesity:No,0,0,0.0
Obesity:No,0,0,0.0
Obesity:No,0,0,0.0
Obesity:No,0,0,7.373639302168464e-277
Obesity:No,0,0,0.0
Obesity:No,0,0,0.0
Obesity:No,0,0,1.0124849825404759e-276
Obesity:No,0,0,0.0
Obesity:No,0,0,0.0
Obesity:No,0,0,0.0
Obesity:No,0,0,0.0
Obesity:No,0,0,0.0
Obesity:No,0,0,0.0
Obesity:No,0,0,1.57769737292966e-278
Obesity:No,0,0,0.0
Obesity:No,0,0,0.0
Obesity:No,0,0,0.0
Obesity:No,0,0,0.0
Obesity:No,0,0,0.0
Obesity:No,0,0,1.3757317079920812e-95
Obesity:No,0,0,0.0
Obesity:No,0,0,0.0
Obesity:No,0,0,0.0
Obesity:No,0,0,0.0
Obesity:No,0,0,0.0
Obesity:No,0,0,0.0
Obesity:No,0,0,0.0
Obesity:No,0,0,1.5798943206947075e-160
Obesity:No,0,0,0.0
Obesity:No,0,0,0.0
Obesity:No,0,0,3.444847504754239e-287
Obesity:No,0,0,7.946677440691864e-190
Obesity:No,0,0,1.9959860001494926e-199
Obesity:No,0,0,1.9729290021257093e-252
Obesity:No,0,0,0.0
Obesity:No,0,0,0.0
Obesity:No,0,0,0.0
Obesity:No,0,0,0.0
Obesity:No,0,0,0.0
Obesity:No,0,0,2.1650996202673892e-184
Obesity:No,0,0,9.551917583245658e-285
Obesity:No,0,0,0.0
Obesity:No,0,0,0.0
Obesity:No,0,0,0.0
Obesity:No,0,0,0.0
Obesity:No,0,0,8.558199847063197e-234
Obesity:No,0,0,0.0
Obesity:No,0,0,0.0
Obesity:No,0,0,0.0
Obesity:No,0,0,0.0
Obesity:No,0,0,1.0121735410471651e-278
Obesity:No,0,0,0.0
Obesity:No,0,0,1.8914611154524965e-172
Obesity:No,0,0,3.567987639300088e-252
Obesity:No,0,0,0.0
Obesity:No,0,0,1.0356739697149824e-305
Obesity:No,0,0,4.463090406148889e-293
Obesity:No,0,0,0.0
Obesity:No,0,0,0.0
Obesity:No,0,0,0.0
Obesity:No,0,0,0.0
Obesity:No,0,0,1.3774527279544788e-172
Obesity:No,0,0,0.0
Obesity:No,0,0,0.0
Obesity:No,0,0,0.0
Obesity:No,0,0,0.0
Obesity:No,0,0,0.0
Obesity:No,0,0,0.0
Obesity:No,0,0,1.3512821838181516e-131
Obesity:No,0,0,0.0
Obesity:No,0,0,1.1334547339166467e-185
Obesity:No,0,0,0.0
Obesity:No,0,0,7.901394276682152e-303
Obesity:No,0,0,0.0
Obesity:No,0,0,2.897387752452576e-71
Obesity:No,0,0,6.144470653350211e-201
Obesity:No,0,0,0.0
Obesity:No,0,0,0.0
Obesity:No,0,0,4.6927652774767323e-281
Obesity:No,0,0,4.057343370750012e-203
Obesity:No,0,0,2.809618091382548e-273
Obesity:No,0,0,1.6106394218281276e-287
Obesity:No,0,0,0.0
Obesity:No,0,0,0.0
Obesity:No,0,0,2.0514985827112514e-277
Obesity:No,0,0,4.3970040313768074e-254
Obesity:No,0,0,0.0
Obesity:No,0,0,0.0
Obesity:No,0,0,0.0
Obesity:No,0,0,0.0
Obesity:No,0,0,8.045120870876311e-298
Obesity:No,0,0,0.0
Obesity:No,0,0,1.2147325332845386e-254
Obesity:No,0,0,2.9876013496730453e-262
Obesity:No,0,0,0.0
Obesity:No,0,0,0.0
Obesity:No,0,0,0.0
Obesity:No,0,0,0.0
Obesity:No,0,0,0.0
Obesity:No,0,0,2.662398142053173e-243
Obesity:No,0,0,3.726129173180987e-252
Obesity:No,0,0,0.0
Obesity:No,0,0,2.9054583216242376e-134
Obesity:No,0,0,9.314914389845712e-288
Obesity:No,0,0,0.0
Obesity:No,0,0,8.194843711424083e-291
Obesity:No,0,0,0.0
Obesity:No,0,0,5.382582049181194e-185
Obesity:No,0,0,0.0
Obesity:No,0,0,0.0
Obesity:No,0,0,0.0
Obesity:No,0,0,0.0
Obesity:No,0,0,0.0
Obesity:No,0,0,2.4126309773462404e-301
Obesity:No,0,0,5.557674665443532e-150
Obesity:No,0,0,2.611612596213429e-192
Obesity:No,0,0,0.0
Obesity:No,0,0,0.0
Obesity:No,0,0,1.6089970691829059e-229
Obesity:No,0,0,0.0
Obesity:No,0,0,4.2837557397942923e-274
Obesity:No,0,0,8.681077002046049e-129
Obesity:No,0,0,2.204753102356948e-257
Obesity:No,0,0,6.15764325109282e-250
Obesity:No,0,0,0.0
Obesity:No,0,0,1.2051680948949919e-283
Obesity:No,0,0,5.851054223564382e-169
Obesity:No,0,0,2.1788531874889506e-226
Obesity:No,0,0,1.0985154664762482e-192
Obesity:No,0,0,0.0
Obesity:No,0,0,6.7227498660038e-193
Obesity:No,0,0,0.0
Obesity:No,0,0,4.832606675177227e-182
Obesity:No,0,0,3.3067758931369684e-258
Obesity:No,0,0,0.0
Obesity:No,0,0,0.0
Obesity:No,0,0,0.0
Obesity:No,0,0,6.224200014058795e-268
Obesity:No,0,0,2.180180127958048e-308
Obesity:No,0,0,0.0
Obesity:No,0,0,0.0
Obesity:No,0,0,7.002470363118528e-281
Obesity:No,0,0,0.0
Obesity:No,0,0,1.2405650353772016e-250
Obesity:No,0,0,1.7082545005977735e-159
Obesity:No,0,0,0.0
Obesity:No,0,0,0.0
Obesity:No,0,0,3.44610427163058e-262
Obesity:No,0,0,0.0
Obesity:No,0,0,0.0
Obesity:No,0,0,0.0
Obesity:No,0,0,0.0
Obesity:No,0,0,7.209111016915363e-283
Obesity:No,0,0,0.0
Obesity:No,0,0,1.8609915529105671e-236
Obesity:No,0,0,0.0
Obesity:No,0,0,0.0
Obesity:No,0,0,1.0436481007477558e-274
Obesity:No,0,0,4.20849170542191e-265
Obesity:No,0,0,8.302330056007288e-144
Obesity:No,1,0,8.700000315004304e-192
Obesity:No,0,0,0.0
Obesity:No,0,0,0.0
Obesity:No,0,0,4.846962504448671e-72
Obesity:No,0,0,0.0
Obesity:No,0,0,0.0
Obesity:No,0,0,0.0
Obesity:No,1,0,0.0
Obesity:No,0,0,0.0
Obesity:No,0,0,0.0
Obesity:No,0,0,2.4318361356849995e-235
Obesity:No,0,0,0.0
Obesity:No,0,0,4.307953159101191e-196
Obesity:No,0,0,5.9288345618136554e-108
Obesity:No,0,0,5.781349390446924e-243
Obesity:No,0,0,0.0
Obesity:No,0,0,0.0
Obesity:No,0,0,1.4302137685274324e-299
Obesity:No,0,0,0.0
Obesity:No,0,0,8.437284538667598e-176
Obesity:No,0,0,0.0
Obesity:No,0,0,0.0
Obesity:No,0,0,1.2593825361229131e-278
Obesity:No,0,0,0.0
Obesity:No,1,0,5.588449291366196e-126
Obesity:No,0,0,0.0
Obesity:No,0,0,0.0
Obesity:No,0,0,4.338225073949641e-249
Obesity:No,0,0,8.14306791705561e-292
Obesity:No,0,0,3.7938550528520016e-274
Obesity:No,0,0,3.133788795147047e-250
Obesity:No,0,0,0.0
Obesity:No,0,0,4.163858008060538e-259
Obesity:No,0,0,8.129727239590916e-277
Obesity:No,0,0,9.166724771942622e-187
Obesity:No,0,0,0.0
Obesity:No,0,0,0.0
Obesity:No,1,0,4.1442109962389936e-222
Obesity:No,0,0,3.2135024006215415e-147
Obesity:No,0,0,0.0
Obesity:No,0,0,7.668112265947355e-82
Obesity:No,0,0,1.521953991068537e-308
Obesity:No,0,0,0.0
Obesity:No,0,0,0.0
Obesity:No,0,0,0.0
Obesity:No,0,0,3.128481960448635e-144
Obesity:No,0,0,0.0
Obesity:No,0,0,3.996481143018142e-247
Obesity:No,0,0,0.0
Obesity:No,0,0,0.0
Obesity:No,0,0,0.0
Obesity:No,0,0,0.0
Obesity:No,0,0,2.881081984916682e-33
Obesity:No,0,0,4.4040121867691273e-237
Obesity:No,0,0,1.392748137430168e-278
Obesity:No,0,0,1.002914614055897e-279
Obesity:No,0,0,0.0
Obesity:No,0,0,0.0
Obesity:No,0,0,0.0
Obesity:No,0,0,9.751317442557511e-49
Obesity:No,0,0,0.0
Obesity:No,0,0,0.0
Obesity:No,0,0,1.30913651730907e-136
Obesity:No,0,0,0.0
Obesity:No,0,0,1.929236364254462e-267
Obesity:No,0,0,0.0
Obesity:No,0,0,2.7958007256540383e-298
Obesity:No,0,0,0.0
Obesity:No,0,0,0.0
Obesity:No,0,0,8.510014705892492e-169
Obesity:No,0,0,0.0
Obesity:No,0,0,0.0
Obesity:No,0,0,0.0
Obesity:No,0,0,1.254241582622321e-187
Obesity:No,0,0,0.0
Obesity:No,0,0,2.0085801787531856e-257
Obesity:No,0,0,1.4820369576716788e-200
Obesity:No,0,0,0.0
Obesity:No,0,0,0.0
Obesity:No,0,0,0.0
Obesity:No,0,0,1.7453611037283252e-133
Obesity:No,0,0,2.6342279368160828e-210
Obesity:No,0,0,1.8457637381941347e-145
Obesity:No,0,0,0.0
Obesity:No,0,0,0.0
Obesity:No,0,0,0.0
Obesity:No,0,0,0.0
Obesity:No,0,0,0.0
Obesity:No,1,0,1.7312277340666473e-170
Obesity:No,0,0,8.733937486996531e-275
Obesity:No,0,0,0.0
Obesity:No,0,0,0.0
Obesity:No,0,0,0.0
Obesity:No,0,0,2.2904684951106445e-221
Obesity:No,0,0,0.0
Obesity:No,0,0,5.481139710247122e-196
Obesity:No,0,0,0.0
Obesity:No,1,0,0.0
Obesity:No,0,0,0.0
Obesity:No,0,0,1.0584212587866038e-244
Obesity:No,0,0,8.257801545093372e-132
Obesity:No,0,0,0.0
Obesity:No,0,0,0.0
Obesity:No,0,0,5.661773029506692e-151
Obesity:No,0,0,0.0
Obesity:No,0,0,0.0
Obesity:No,0,0,0.0
Obesity:No,0,0,2.7463326998099055e-105
Obesity:No,0,0,0.0
Obesity:No,0,0,0.0
Obesity:No,0,0,0.0
Obesity:No,0,0,2.734466182532045e-240
Obesity:No,0,0,2.5969740833297947e-103
Obesity:No,1,0,2.964582729475915e-77
Obesity:No,0,0,8.321254445946759e-70
Obesity:No,0,0,0.0
Obesity:No,0,0,0.0
Obesity:No,0,0,0.0
Obesity:No,0,0,0.0
Obesity:No,0,0,0.0
Obesity:No,0,0,7.888348799248577e-228
Obesity:No,0,0,0.0
Obesity:No,0,0,1.8656351407797213e-238
Obesity:No,0,0,0.0
Obesity:No,0,0,1.8183867337444928e-168
Obesity:No,0,0,0.0
Obesity:No,0,0,2.2589924158371246e-292
Obesity:No,0,0,0.0
Obesity:No,0,0,0.0
Obesity:No,0,0,0.0
Obesity:No,0,0,0.0
Obesity:No,0,0,0.0
Obesity:No,0,0,8.815911401428695e-221
Obesity:No,0,0,7.608415874276109e-256
Obesity:No,0,0,0.0
Obesity:No,0,0,0.0
Obesity:No,0,0,0.0
Obesity:No,0,0,0.0
Obesity:No,0,0,0.0
Obesity:No,0,0,0.0
Obesity:No,0,0,0.0
Obesity:No,0,0,3.3088330937014736e-269
Obesity:No,0,0,0.0
Obesity:No,0,0,0.0
Obesity:No,0,0,0.0
Obesity:No,0,0,0.0
Obesity:No,0,0,0.0
Obesity:No,0,0,0.0
Obesity:No,0,0,1.8204037049534347e-31
Obesity:No,1,0,0.0
Obesity:No,0,0,0.0
Obesity:No,0,0,0.0
Obesity:No,0,1,1.0
Obesity:No,0,0,0.0
Obesity:No,0,0,0.0
Obesity:No,0,0,0.0
Obesity:No,0,0,2.7530137833017025e-94
Obesity:No,0,0,0.0
Obesity:No,0,0,0.0
Obesity:No,0,0,0.0
Obesity:No,0,0,4.117026252446136e-226
Obesity:No,0,0,0.0
Obesity:No,0,0,0.0
Obesity:No,0,0,0.0
Obesity:No,0,0,9.057511795709366e-226
Obesity:No,0,0,3.2244942020038895e-137
Obesity:No,0,0,0.0
Obesity:No,0,0,2.265927941563787e-177
Obesity:No,0,0,0.0
Obesity:No,0,0,0.0
Obesity:No,0,0,9.687820619395003e-214
Obesity:No,0,0,0.0
Obesity:No,0,0,0.0
Obesity:No,0,0,0.0
Obesity:No,1,0,9.551572782574986e-181
Obesity:No,0,0,0.0
Obesity:No,0,0,0.0
Obesity:No,0,0,0.0
Obesity:No,0,0,3.2735199140493145e-254
Obesity:No,0,0,0.0
Obesity:No,0,0,0.0
Obesity:No,0,0,5.1927672255660374e-235
Obesity:No,0,0,0.0
Obesity:No,0,0,3.853959914856944e-293
Obesity:No,0,0,0.0
Obesity:No,0,0,0.0
Obesity:No,0,0,0.0
Obesity:No,0,0,0.0
Obesity:No,0,0,0.0
Obesity:No,1,0,0.0
Obesity:No,0,0,4.2944880385379e-41
Obesity:No,0,0,0.0
Obesity:No,0,0,4.31445472212819e-50
Obesity:No,0,0,0.0
Obesity:No,0,0,0.0
Obesity:No,0,0,0.0
Obesity:No,0,0,8.360074340395557e-227
Obesity:No,0,0,0.0
Obesity:No,0,0,0.0
Obesity:No,0,0,2.833191212960086e-175
Obesity:No,0,0,2.75153370818696e-284
Obesity:No,0,0,0.0
Obesity:No,0,0,0.0
Obesity:No,0,0,0.0
Obesity:No,0,0,1.8712418738031073e-261
Obesity:No,0,0,0.0
Obesity:No,0,0,1.1064497897625367e-247
Obesity:No,0,0,0.0
Obesity:No,0,0,0.0
Obesity:No,0,0,0.0
Obesity:No,0,0,0.0
Obesity:No,0,0,0.0
Obesity:No,0,1,1.0
Obesity:No,0,0,9.725653495065173e-267
Obesity:No,0,0,0.0
Obesity:No,0,0,0.0
Obesity:No,0,0,2.246720857165707e-202
Obesity:No,0,0,0.0
Obesity:No,0,0,0.0
Obesity:No,0,0,0.0
Obesity:No,0,0,0.0
Obesity:No,0,0,2.9640325864933667e-285
Obesity:No,0,0,0.0
Obesity:No,0,0,0.0
Obesity:No,0,0,0.0
Obesity:No,0,1,1.0
Obesity:No,0,0,0.0
Obesity:No,0,0,0.0
Obesity:No,0,0,0.0
Obesity:No,0,0,5.33979068548493e-134
Obesity:No,0,0,0.0
Obesity:No,0,0,0.0
Obesity:No,0,0,0.0
Obesity:No,0,0,3.2851508866554015e-145
Obesity:No,0,0,0.0
Obesity:No,0,0,0.0
Obesity:No,0,0,0.0
Obesity:No,0,0,1.7656112231554776e-262
Obesity:No,0,0,0.0
Obesity:No,0,0,0.0
Obesity:No,0,0,7.763124089850844e-308
Obesity:No,0,0,2.3677039479432224e-308
Obesity:No,0,0,0.0
Obesity:No,0,0,2.6864662018806355e-202
Obesity:No,0,0,4.306249631785504e-172
Obesity:No,0,0,1.1516335105833605e-270
Obesity:No,0,0,2.345274416328647e-232
Obesity:No,0,0,0.0
Obesity:No,0,0,0.0
Obesity:No,0,0,7.423893605912077e-273
Obesity:No,0,0,0.0
Obesity:No,0,0,0.0
Obesity:No,0,0,0.0
Obesity:No,0,1,1.0
Obesity:No,0,0,0.0
Obesity:No,0,0,5.24345168946668e-282
Obesity:No,0,0,0.0
Obesity:No,0,1,0.9999999739638896
Obesity:No,1,0,0.0
Obesity:No,0,0,0.0
Obesity:No,0,0,0.0
Obesity:No,0,0,1.9681044077523247e-269
Obesity:No,0,0,2.5162014189077676e-227
Obesity:No,0,0,0.0
Obesity:No,0,0,3.1684201033341973e-94
Obesity:No,0,0,2.0464272575154483e-270
Obesity:No,0,0,1.5606989559875876e-266
Obesity:No,0,0,7.449474969719711e-308
Obesity:No,0,0,0.0
Obesity:No,0,0,1.063689719905008e-154
Obesity:No,0,0,3.296465273953192e-219
Obesity:No,0,0,0.0
Obesity:No,0,0,6.863090235007388e-262
Obesity:No,0,0,0.0
Obesity:No,0,0,0.0
Obesity:No,0,0,0.0
Obesity:No,0,0,0.0
Obesity:No,0,0,0.0
Obesity:No,0,1,1.0
Obesity:No,0,0,0.0
Obesity:No,0,0,4.8123799967900974e-300
Obesity:No,0,0,0.0
Obesity:No,0,0,0.0
Obesity:No,0,0,0.0
Obesity:No,0,0,6.816827015867756e-289
Obesity:No,0,0,0.0
Obesity:No,0,0,0.0
Obesity:No,0,0,0.0
Obesity:No,1,0,0.0
Obesity:No,0,0,2.9240356453884575e-60
Obesity:No,0,0,6.066104787114043e-307
Obesity:No,0,0,0.0
Obesity:No,0,0,0.0
Obesity:No,0,0,6.673177949268723e-193
Obesity:No,0,0,0.0
Obesity:No,0,0,0.0
Obesity:No,0,0,0.0
Obesity:No,0,0,0.0
Obesity:No,0,0,1.0445354795262714e-261
Obesity:No,0,0,1.010421154765164e-252
Obesity:No,1,0,0.0
Obesity:No,0,0,0.0
Obesity:No,0,0,1.418947192009018e-302
Obesity:No,0,0,0.0
Obesity:No,0,0,0.0
Obesity:No,0,0,0.0
Obesity:No,0,0,0.0
Obesity:No,0,0,0.0
Obesity:No,0,0,0.0
Obesity:No,0,0,1.674035920941538e-159
Obesity:No,0,0,0.0
Obesity:No,0,0,0.0
Obesity:No,0,0,2.7555460084922894e-223
Obesity:No,1,0,5.935909823754654e-194
Obesity:No,0,0,4.919170454294521e-306
Obesity:No,0,0,0.0
Obesity:No,0,0,0.0
Obesity:No,0,0,4.68920337349943e-300
Obesity:No,0,0,0.0
Obesity:No,0,0,0.0
Obesity:No,0,0,3.5592017035975783e-299
Obesity:No,0,0,0.0
Obesity:No,0,0,0.0
Obesity:No,0,0,2.3264461230142073e-120
Obesity:No,0,0,7.627098264256506e-149
Obesity:No,0,0,0.0
Obesity:No,0,0,0.0
Obesity:No,0,0,2.8217246368598315e-267
Obesity:No,0,0,1.7008031170223448e-212
Obesity:No,0,0,1.3545955379827386e-282
Obesity:No,0,0,2.4884425014696965e-291
Obesity:No,0,0,1.806415162295348e-190
Obesity:No,0,0,0.0
Obesity:No,0,0,0.0
Obesity:No,0,0,0.0
Obesity:No,0,0,2.5580948958846785e-266
Obesity:No,0,0,3.971810468361199e-224
Obesity:No,0,0,0.0
Obesity:No,0,0,0.0
Obesity:No,0,0,4.692554573011971e-216
Obesity:No,0,0,2.2932779392294814e-255
Obesity:No,0,0,2.2830208352038586e-43
Obesity:No,0,0,0.0
Obesity:No,0,0,0.0
Obesity:No,0,0,0.0
Obesity:No,0,0,0.0
Obesity:No,0,0,3.124558174047783e-256
Obesity:No,0,0,0.0
Obesity:No,0,0,0.0
Obesity:No,0,0,0.0
Obesity:No,0,0,0.0
Obesity:No,0,0,5.606542365795049e-140
Obesity:No,0,0,0.0
Obesity:No,0,0,0.0
Obesity:No,0,0,0.0
Obesity:No,0,0,0.0
Obesity:No,0,0,0.0
Obesity:No,0,0,7.123931491953738e-157
Obesity:No,0,0,0.0
Obesity:No,0,0,0.0
Obesity:No,0,0,0.0
Obesity:No,0,0,1.8635902652126215e-289
Obesity:No,0,0,0.0
Obesity:No,0,0,0.0
Obesity:No,0,0,2.585060726589357e-294
Obesity:No,0,0,0.0
Obesity:No,0,0,0.0
Obesity:No,0,0,0.0
Obesity:No,0,0,0.0
Obesity:No,0,0,0.0
Obesity:No,0,0,0.0
Obesity:No,0,0,1.5431797718945889e-301
Obesity:No,0,0,0.0
Obesity:No,0,0,0.0
Obesity:No,0,0,0.0
Obesity:No,0,0,0.0
Obesity:No,1,0,0.0
Obesity:No,0,0,0.0
Obesity:No,0,0,1.1038278000153048e-201
Obesity:No,0,0,0.0
Obesity:No,0,0,0.0
Obesity:No,0,0,0.0
Obesity:No,0,0,1.0705906274371354e-220
Obesity:No,0,0,0.0
Obesity:No,0,0,0.0
Obesity:No,0,0,0.0
Obesity:No,0,0,0.0
Obesity:No,0,0,0.0
Obesity:No,0,0,5.861769931188075e-147
Obesity:No,0,0,0.0
Obesity:No,0,0,0.0
Obesity:No,0,1,1.0
Obesity:No,0,0,0.0
Obesity:No,0,0,3.8836736131446197e-88
Obesity:No,0,0,0.0
Obesity:No,0,0,0.0
Obesity:No,0,0,0.0
Obesity:No,0,0,0.0
Obesity:No,0,0,0.0
Obesity:No,0,0,0.0
Obesity:No,0,0,2.2654654238951876e-53
Obesity:No,0,0,0.0
Obesity:No,0,0,0.0
Obesity:No,0,0,1.4490900912820186e-252
Obesity:No,0,0,1.88782231322856e-279
Obesity:No,0,0,4.87971592026681e-206
Obesity:No,0,0,0.0
Obesity:No,0,0,1.1241908419895085e-252
Obesity:No,0,0,0.0
Obesity:No,0,0,0.0
Obesity:No,0,0,0.0
Obesity:No,0,0,5.0360101599506557e-200
Obesity:No,0,0,0.0
Obesity:No,0,0,0.0
Obesity:No,0,0,3.135013562681005e-299
Obesity:No,0,0,1.9740056206890973e-279
Obesity:No,0,0,0.0
Obesity:No,0,0,0.0
Obesity:No,0,0,0.0
Obesity:No,0,0,0.0
Obesity:No,0,0,1.3516414225828626e-306
Obesity:No,0,0,0.0
Obesity:No,0,0,1.0006317857159438e-301
Obesity:No,0,0,0.0
Obesity:No,0,0,1.1920763694035002e-244
Obesity:No,0,0,2.1393204391830204e-270
Obesity:No,0,0,0.0
Obesity:No,0,0,0.0
Obesity:No,0,0,3.324636084407031e-174
Obesity:No,0,0,9.516107549641438e-215
Obesity:No,0,0,1.1065848978652245e-213
Obesity:No,0,0,1.480825073480393e-245
Obesity:No,0,0,1.9471759830609415e-152
Obesity:No,0,0,9.669612897853588e-200
Obesity:No,0,0,2.0366954802915675e-212
Obesity:No,0,0,0.0
Obesity:No,0,0,8.304881637972021e-267
Obesity:No,0,0,0.0
Obesity:No,0,0,0.0
Obesity:No,0,0,2.4751790555622766e-175
Obesity:No,0,0,0.0
Obesity:No,0,0,0.0
Obesity:No,0,0,1.4929423480381076e-285
Obesity:No,0,0,0.0
Obesity:No,0,0,1.5781057362761626e-308
Obesity:No,0,0,2.192211226715998e-104
Obesity:No,0,0,7.333842192878402e-273
Obesity:No,0,0,0.0
Obesity:No,0,1,1.0
Obesity:No,0,0,2.1562318310757645e-230
Obesity:No,0,0,0.0
Obesity:No,0,0,0.0
Obesity:No,0,0,0.0
Obesity:No,0,0,0.0
Obesity:No,0,0,0.0
Obesity:No,0,0,1.8307360025838975e-293
Obesity:No,0,0,2.0002405748167884e-293
Obesity:No,0,0,8.448743363699239e-167
Obesity:No,0,0,1.498733276697838e-285
Obesity:No,0,0,0.0
Obesity:No,1,0,0.0
Obesity:No,0,0,1.4905475383001653e-283
Obesity:No,0,0,0.0
Obesity:No,0,0,0.0
Obesity:No,0,0,4.577992983728253e-153
Obesity:No,0,0,1.5917596126942518e-184
Obesity:No,0,0,1.5577933381189193e-136
Obesity:No,0,0,0.0
Obesity:No,0,0,0.0
Obesity:No,0,0,0.0
Obesity:No,0,0,0.0
Obesity:No,0,0,0.0
Obesity:No,0,0,0.0
Obesity:No,1,0,0.0
Obesity:No,0,0,1.5917572646219491e-202
Obesity:No,0,0,0.0
Obesity:No,0,0,4.350238167561222e-295
Obesity:No,0,0,0.0
Obesity:No,0,0,0.0
Obesity:No,0,0,2.0816441283151914e-136
Obesity:No,0,0,0.0
Obesity:No,0,0,0.0
Obesity:No,0,0,0.0
Obesity:No,0,0,0.0
Obesity:No,0,0,0.0
Obesity:No,0,0,4.0646307997829857e-271
Obesity:No,0,0,0.0
Obesity:No,0,0,0.0
Obesity:No,0,0,0.0
Obesity:No,0,0,1.2413499339906433e-262
Obesity:No,0,0,1.920096620112889e-242
Obesity:No,0,0,3.436070362791617e-223
Obesity:No,0,0,7.732594933270441e-205
Obesity:No,0,0,0.0
Obesity:No,0,0,0.0
Obesity:No,0,0,1.1807226624752864e-281
Obesity:No,0,0,7.223056676622898e-275
Obesity:No,0,0,0.0
Obesity:No,0,0,0.0
Obesity:No,0,0,2.1246720054469427e-225
Obesity:No,0,0,0.0
Obesity:No,0,0,7.708048837254368e-101
Obesity:No,0,0,0.0
Obesity:No,0,0,0.0
Obesity:No,1,0,8.14280465433792e-15
Obesity:No,0,0,0.0
Obesity:No,0,0,0.0
Obesity:No,0,0,0.0
Obesity:No,0,0,3.8662626352756474e-69
Obesity:No,0,0,1.9023289628490471e-261
Obesity:No,0,0,1.1639832202965833e-204
Obesity:No,0,0,0.0
Obesity:No,0,0,0.0
Obesity:No,0,0,0.0
Obesity:No,0,0,0.0
Obesity:No,0,0,0.0
Obesity:No,0,0,3.878052970415654e-84
Obesity:No,0,0,0.0
Obesity:No,0,0,0.0
Obesity:No,0,0,0.0
Obesity:No,0,0,9.09707547292622e-201
Obesity:No,0,0,0.0
Obesity:No,0,0,0.0
Obesity:No,0,0,0.0
Obesity:No,0,0,1.3028644914911824e-227
Obesity:No,0,0,2.2349954656233673e-293
Obesity:No,0,0,0.0
Obesity:No,0,0,0.0
Obesity:No,0,0,0.0
Obesity:No,0,0,0.0
Obesity:No,0,0,0.0
Obesity:No,0,0,0.0
Obesity:No,0,0,0.0
Obesity:No,0,0,0.0
Obesity:No,0,0,0.0
Obesity:No,0,0,0.0
Obesity:No,0,0,0.0
Obesity:No,0,0,6.465649765671022e-289
Obesity:No,0,0,0.0
Obesity:No,0,0,0.0
Obesity:No,0,0,1.0988005220537775e-254
Obesity:No,0,0,0.0
Obesity:No,0,0,0.0
Obesity:No,0,0,0.0
Obesity:No,1,0,0.0
Obesity:No,0,0,0.0
Obesity:No,0,0,0.0
Obesity:No,0,0,0.0
Obesity:No,0,0,4.0914145611859134e-169
Obesity:No,0,0,0.0
Obesity:No,0,0,0.0
Obesity:No,0,0,0.0
Obesity:No,0,0,0.0
Obesity:No,0,0,1.2945909229900022e-29
Obesity:No,0,0,0.0
Obesity:No,0,0,0.0
Obesity:No,0,0,0.0
Obesity:No,0,0,0.0
Obesity:No,0,0,0.0
Obesity:No,0,0,0.0
Obesity:No,0,0,0.0
Obesity:No,0,0,0.0
Obesity:No,0,0,0.0
Obesity:No,0,0,4.7832749816535594e-148
Obesity:No,0,0,0.0
Obesity:No,0,0,0.0
Obesity:No,0,0,0.0
Obesity:No,0,0,0.0
Obesity:No,0,0,2.3174678111559052e-287
Obesity:No,0,0,0.0
Obesity:No,0,0,0.0
Obesity:No,0,0,2.109525311475464e-270
Obesity:No,1,0,7.853782423127338e-135
Obesity:No,1,0,0.0
Obesity:No,0,0,1.363463556211638e-112
Obesity:No,0,0,0.0
Obesity:No,0,0,0.0
Obesity:No,0,0,0.0
Obesity:No,0,0,0.0
Obesity:No,0,0,0.0
Obesity:No,0,0,0.0
Obesity:No,0,0,0.0
Obesity:No,0,0,0.0
Obesity:No,1,0,1.1233023783915473e-172
Obesity:No,0,0,0.0
Obesity:No,0,0,0.0
Obesity:No,0,0,1.075071920307697e-242
Obesity:No,0,0,2.314047945985529e-103
Obesity:No,0,0,3.210520680194641e-267
Obesity:No,0,0,2.505157522469454e-233
Obesity:No,0,0,0.0
Obesity:No,0,0,0.0
Obesity:No,0,0,0.0
Obesity:No,0,0,1.6057968474245667e-290
Obesity:No,0,0,0.0
Obesity:No,0,0,0.0
Obesity:No,0,0,3.742459908431269e-213
Obesity:No,0,0,1.6797346579472075e-275
Obesity:No,0,0,1.6229392547011767e-263
Obesity:No,0,0,0.0
Obesity:No,0,0,0.0
Obesity:No,0,0,7.380259375220405e-243
Obesity:No,0,0,0.0
Obesity:No,0,0,2.969246810995688e-303
Obesity:No,0,0,0.0
Obesity:No,0,0,0.0
Obesity:No,0,0,0.0
Obesity:No,0,0,1.346903364484942e-308
Obesity:No,0,0,0.0
Obesity:No,0,0,1.3423012162838889e-301
Obesity:No,0,0,6.107695292935932e-183
Obesity:No,0,0,0.0
Obesity:No,0,0,0.0
Obesity:No,0,0,0.0
Obesity:No,0,0,0.0
Obesity:No,0,0,1.8783458779449363e-284
Obesity:No,0,0,0.0
Obesity:No,0,0,0.0
Obesity:No,1,0,1.6882993378167434e-184
Obesity:No,0,0,5.629276079272137e-233
Obesity:No,0,0,4.926491725271227e-267
Obesity:No,0,0,0.0
Obesity:No,0,0,5.28023150042336e-304
Obesity:No,0,0,6.04947140728254e-153
Obesity:No,0,0,0.0
Obesity:No,0,0,0.0
Obesity:No,0,0,0.0
Obesity:No,0,0,0.0
Obesity:No,0,0,3.2332329857605104e-245
Obesity:No,0,0,0.0
Obesity:No,0,0,6.80929275281839e-305
Obesity:No,0,0,2.211521517293942e-170
Obesity:No,0,0,1.5608678892021396e-191
Obesity:No,0,0,0.0
Obesity:No,0,0,0.0
Obesity:No,0,0,0.0
Obesity:No,0,0,0.0
Obesity:No,0,0,0.0
Obesity:No,0,0,0.0
Obesity:No,0,0,0.0
Obesity:No,0,0,0.0
Obesity:No,0,0,0.0
Obesity:No,0,0,0.0
Obesity:No,0,0,2.1365242818110367e-173
Obesity:No,0,0,4.756603930022475e-118
Obesity:No,0,0,1.8859017815419637e-204
Obesity:No,0,0,2.667360218778456e-60
Obesity:No,0,0,2.83231957419096e-211
Obesity:No,0,0,2.5078885580373612e-303
Obesity:No,0,0,0.0
Obesity:No,0,0,3.0331674620324028e-49
Obesity:No,1,0,1.3091093448207466e-271
Obesity:No,0,0,0.0
Obesity:No,0,0,0.0
Obesity:No,0,0,5.66293994933306e-276
Obesity:No,0,0,0.0
Obesity:No,0,0,9.038626337015316e-243
Obesity:No,0,0,0.0
Obesity:No,1,0,0.0
Obesity:No,0,0,1.9007538721283645e-286
Obesity:No,1,0,0.0
Obesity:No,0,0,0.0
Obesity:No,0,0,0.0
Obesity:No,0,0,0.0
Obesity:No,0,0,4.497477654757301e-269
Obesity:No,0,0,1.778068661923851e-194
Obesity:No,0,0,0.0
Obesity:No,0,0,0.0
Obesity:No,0,0,0.0
Obesity:No,0,0,0.0
Obesity:No,0,0,9.581831070653237e-273
Obesity:No,0,0,0.0
Obesity:No,0,0,0.0
Obesity:No,0,0,0.0
Obesity:No,0,0,4.1664241742134086e-203
Obesity:No,0,0,3.8835248890746195e-263
Obesity:No,0,0,0.0
Obesity:No,0,0,2.9043733579197597e-232
Obesity:No,0,0,0.0
Obesity:No,0,0,0.0
Obesity:No,0,0,0.0
Obesity:No,0,0,0.0
Obesity:No,0,0,0.0
Obesity:No,0,0,0.0
Obesity:No,0,0,8.936869959765592e-295
Obesity:No,0,0,0.0
Obesity:No,0,0,4.06024310053507e-262
Obesity:No,0,0,8.280802863154192e-104
Obesity:No,0,0,4.852310534012709e-229
Obesity:No,0,0,0.0
Obesity:No,0,0,0.0
Obesity:No,0,0,6.181688124737586e-268
Obesity:No,0,0,1.831764612660277e-150
Obesity:No,0,0,0.0
Obesity:No,0,0,1.4957171032286984e-152
Obesity:No,0,0,1.0060773238429085e-268
Obesity:No,0,0,1.2957940401943532e-277
Obesity:No,0,0,1.9181104655847402e-292
Obesity:No,0,0,0.0
Obesity:No,0,0,0.0
Obesity:No,0,0,2.9272510684371337e-195
Obesity:No,0,0,5.343400510915128e-199
Obesity:No,0,0,0.0
Obesity:No,0,0,0.0
Obesity:No,1,0,0.0
Obesity:No,0,0,2.980198711092045e-276
Obesity:No,0,0,0.0
Obesity:No,0,0,0.0
Obesity:No,0,0,0.0
Obesity:No,0,0,5.975990479436009e-170
Obesity:No,0,0,0.0
Obesity:No,0,0,0.0
Obesity:No,0,0,0.0
Obesity:No,0,0,0.0
Obesity:No,0,0,0.0
Obesity:No,0,0,1.7456230362444702e-268
Obesity:No,0,0,1.1796558461317064e-257
Obesity:No,0,0,0.0
Obesity:No,0,0,9.59245872080569e-222
Obesity:No,0,0,0.0
Obesity:No,0,0,0.0
Obesity:No,1,0,1.0410165019057261e-162
Obesity:No,0,0,3.76774532021606e-227
Obesity:No,0,0,0.0
Obesity:No,0,0,0.0
Obesity:No,0,0,1.3189170391423608e-53
Obesity:No,0,0,0.0
Obesity:No,0,0,9.21677290990611e-183
Obesity:No,0,0,4.3168236451549423e-308
Obesity:No,0,0,1.7456056846570567e-220
Obesity:No,0,0,3.539755224790038e-279
Obesity:No,0,0,6.090134704273615e-181
Obesity:No,0,0,6.392907650739742e-235
Obesity:No,0,0,0.0
Obesity:No,0,0,2.5865758304771186e-285
Obesity:No,0,0,0.0
Obesity:No,0,0,1.6600916883083779e-46
Obesity:No,0,0,2.5636137261116596e-176
Obesity:No,0,0,0.0
Obesity:No,0,0,0.0
Obesity:No,1,0,1.0403611115906415e-117
Obesity:No,0,0,6.974142699466355e-147
Obesity:No,0,0,0.0
Obesity:No,0,0,6.474635471704726e-30
Obesity:No,0,0,3.6947619753702133e-132
Obesity:No,0,0,1.0242626277389422e-220
Obesity:No,0,0,5.768668017393236e-250
Obesity:No,0,0,1.6723445951630386e-275
Obesity:No,0,0,0.0
Obesity:No,0,0,0.0
Obesity:No,0,0,3.2215522778258444e-236
Obesity:No,0,0,0.0
Obesity:No,0,0,0.0
Obesity:No,0,0,0.0
Obesity:No,0,0,0.0
Obesity:No,0,0,0.0
Obesity:No,0,0,6.911261209213952e-291
Obesity:No,0,0,0.0
Obesity:No,0,0,0.0
Obesity:No,1,0,1.6403519344256496e-190
Obesity:No,0,0,3.297780149924615e-190
Obesity:No,0,0,0.0
Obesity:No,0,0,4.454703549697797e-161
Obesity:No,0,0,0.0
Obesity:No,0,0,1.4312539625752101e-251
Obesity:No,0,0,1.0737237599622063e-159
Obesity:No,0,0,5.280085056759293e-242
Obesity:No,0,0,2.0623708213804754e-294
Obesity:No,0,0,0.0
Obesity:No,0,0,0.0
Obesity:No,0,0,9.421359962529872e-288
Obesity:No,0,0,0.0
Obesity:No,0,0,0.0
Obesity:No,0,0,9.295345523427555e-291
Obesity:No,0,0,0.0
Obesity:No,0,0,0.0
Obesity:No,0,0,0.0
Obesity:No,0,0,0.0
Obesity:No,0,0,0.0
Obesity:No,0,0,7.56364712170279e-219
Obesity:No,0,0,0.0
Obesity:No,0,0,2.678646501841706e-177
Obesity:No,0,0,3.7196592081833718e-236
Obesity:No,0,0,0.0
Obesity:No,0,0,3.79114464731415e-82
Obesity:No,0,0,0.0
Obesity:No,0,0,0.0
Obesity:No,0,0,2.4862266947781408e-132
Obesity:No,0,0,2.697595553398275e-197
Obesity:No,0,0,0.0
Obesity:No,0,0,0.0
Obesity:No,0,0,0.0
Obesity:No,0,0,7.440097543463262e-141
Obesity:No,0,0,8.313238265855431e-130
Obesity:No,0,0,1.6988460722885372e-225
Obesity:No,0,0,1.1142138457946956e-294
Obesity:No,0,0,1.873629405688255e-197
Obesity:No,0,0,0.0
Obesity:No,0,0,1.2476344433771542e-203
Obesity:No,0,0,0.0
Obesity:No,0,0,2.08520773593232e-228
Obesity:No,0,0,0.0
Obesity:No,0,0,6.306343932070765e-295
Obesity:No,0,0,1.1004252103978677e-253
Obesity:No,0,0,0.0
Obesity:No,0,0,5.681679724616782e-272
Obesity:No,0,0,0.0
Obesity:No,0,0,0.0
Obesity:No,0,0,0.0
Obesity:No,0,0,2.688188588064948e-306
Obesity:No,0,0,7.364160657338177e-216
Obesity:No,0,0,0.0
Obesity:No,0,0,1.107791564798527e-285
Obesity:No,0,0,4.700918300602787e-273
Obesity:No,0,0,0.0
Obesity:No,0,0,6.799638581404665e-223
Obesity:No,0,0,0.0
Obesity:No,0,0,0.0
Obesity:No,0,0,0.0
Obesity:No,0,0,3.6420282336288414e-268
Obesity:No,0,0,0.0
Obesity:No,0,0,0.0
Obesity:No,0,0,0.0
Obesity:No,0,0,0.0
Obesity:No,0,0,1.8212048692844223e-92
Obesity:No,0,0,0.0
Obesity:No,0,0,0.0
Obesity:No,0,0,0.0
Obesity:No,0,0,0.0
Obesity:No,0,0,1.5369118456206327e-273
Obesity:No,0,0,1.3724920781490572e-184
Obesity:No,0,0,1.7755195689958176e-218
Obesity:No,0,0,7.17532130255748e-188
Obesity:No,0,0,0.0
Obesity:No,0,0,0.0
Obesity:No,0,0,1.1674487710402853e-171
Obesity:No,0,0,0.0
Obesity:No,0,0,0.0
Obesity:No,0,0,3.977071795338545e-270
Obesity:No,0,0,0.0
Obesity:No,0,0,0.0
Obesity:No,0,0,0.0
Obesity:No,0,0,2.315450219591551e-295
Obesity:No,0,0,0.0
Obesity:No,0,0,0.0
Obesity:No,0,0,3.143895415524771e-240
Obesity:No,1,0,4.108909475317787e-205
Obesity:No,0,0,1.1577015665067624e-254
Obesity:No,0,0,0.0
Obesity:No,0,0,0.0
Obesity:No,0,0,1.9583314558162318e-198
Obesity:No,0,0,1.6785550531475405e-298
Obesity:No,0,0,0.0
Obesity:No,0,0,2.0261534858448317e-44
Obesity:No,0,0,0.0
Obesity:No,0,0,0.0
Obesity:No,0,0,7.684195412685905e-235
Obesity:No,0,0,1.852619285167501e-280
Obesity:No,0,0,0.0
Obesity:No,0,0,0.0
Obesity:No,0,0,3.5386537392951386e-219
Obesity:No,0,0,0.0
Obesity:No,0,0,5.649735908554147e-68
Obesity:No,0,0,2.9395126101808973e-249
Obesity:No,0,0,0.0
Obesity:No,0,0,6.356241068156481e-302
Obesity:No,0,0,0.0
Obesity:No,0,0,0.0
Obesity:No,0,0,0.0
Obesity:No,0,0,1.2429849694499694e-295
Obesity:No,0,0,0.0
Obesity:No,0,0,0.0
Obesity:No,0,0,0.0
Obesity:No,0,0,1.7039475985731887e-206
Obesity:No,0,0,0.0
Obesity:No,0,0,0.0
Obesity:No,0,0,1.9554187688113628e-230
Obesity:No,0,0,0.0
Obesity:No,0,0,0.0
Obesity:No,0,0,4.671551406183926e-123
Obesity:No,0,0,0.0
Obesity:No,0,0,1.7024656579407229e-199
Obesity:No,0,0,0.0
Obesity:No,0,0,1.2113199873615355e-301
Obesity:No,0,0,0.0
Obesity:No,0,0,1.8700386398378194e-212
Obesity:No,0,0,0.0
Obesity:No,0,0,1.8080091968122302e-193
Obesity:No,0,0,4.408236620972721e-224
Obesity:No,1,0,0.0
Obesity:No,0,0,0.0
Obesity:No,0,0,0.0
Obesity:No,0,0,1.817100037524771e-120
Obesity:No,0,0,1.2027505383635643e-68
Obesity:No,0,0,0.0
Obesity:No,0,0,0.0
Obesity:No,1,0,3.7314685128301416e-155
Obesity:No,0,0,0.0
Obesity:No,0,0,0.0
Obesity:No,0,0,0.0
Obesity:No,0,0,0.0
Obesity:No,0,0,0.0
Obesity:No,0,0,2.6920184314962477e-212
Obesity:No,0,0,1.2447802301739051e-234
Obesity:No,0,0,2.240393512698781e-289
Obesity:No,0,0,0.0
Obesity:No,0,0,9.423431852180317e-292
Obesity:No,0,0,2.007761252703292e-251
Obesity:No,0,0,5.581506900571233e-269
Obesity:No,0,0,2.4179081521303487e-250
Obesity:No,0,0,0.0
Obesity:No,0,0,2.02904955194706e-169
Obesity:No,0,0,0.0
Obesity:No,0,0,0.0
Obesity:No,0,0,1.1169942409201349e-219
Obesity:No,0,0,0.0
Obesity:No,0,0,0.0
Obesity:No,0,0,0.0
Obesity:No,0,0,0.0
Obesity:No,0,0,0.0
Obesity:No,0,0,0.0
Obesity:No,0,0,3.0736151850290197e-278
Obesity:No,0,0,0.0
Obesity:No,0,0,0.0
Obesity:No,0,0,1.94094953620402e-36
Obesity:No,0,0,0.0
Obesity:No,0,0,1.1632005219970843e-100
Obesity:No,0,0,4.4481172592189705e-67
Obesity:No,0,0,0.0
Obesity:No,0,0,0.0
Obesity:No,0,0,0.0
Obesity:No,0,0,0.0
Obesity:No,0,0,1.267776729884207e-274
Obesity:No,0,0,0.0
Obesity:No,0,0,2.4486762043659e-199
Obesity:No,0,0,2.434637634821157e-208
Obesity:No,0,0,1.1370557311968204e-271
Obesity:No,0,0,0.0
Obesity:No,0,0,0.0
Obesity:No,0,0,2.5857747056689362e-238
Obesity:No,0,0,0.0
Obesity:No,0,0,0.0
Obesity:No,0,0,8.377680997316024e-188
Obesity:No,0,0,0.0
Obesity:No,0,0,1.139828331670875e-217
Obesity:No,0,0,0.0
Obesity:No,0,0,2.4591902648011294e-195
Obesity:No,0,0,0.0
Obesity:No,0,0,0.0
Obesity:No,0,0,5.594894730483947e-239
Obesity:No,0,0,0.0
Obesity:No,0,0,9.243128285886072e-241
Obesity:No,0,0,0.0
Obesity:No,1,1,1.0
Obesity:No,0,0,2.392003578879868e-306
Obesity:No,0,0,8.200674375856393e-196
Obesity:No,0,0,1.727643752035303e-269
Obesity:No,0,0,0.0
Obesity:No,0,0,0.0
Obesity:No,0,0,4.886458808658258e-238
Obesity:No,0,0,4.388232033347536e-272
Obesity:No,0,0,0.0
Obesity:No,0,0,0.0
Obesity:No,0,0,0.0
Obesity:No,0,0,0.0
Obesity:No,0,0,0.0
Obesity:No,0,0,2.025130060704539e-294
Obesity:No,0,0,2.476393736031847e-159
Obesity:No,0,0,4.646345706947436e-256
Obesity:No,0,0,0.0
Obesity:No,0,0,0.0
Obesity:No,0,0,0.0
Obesity:No,0,0,0.0
Obesity:No,0,0,4.728427285488409e-287
Obesity:No,0,0,0.0
Obesity:No,0,0,9.03375882060929e-177
Obesity:No,0,0,8.13913792615803e-238
Obesity:No,0,0,0.0
Obesity:No,0,1,1.0
Obesity:No,0,0,6.546845138469589e-68
Obesity:No,0,0,3.2730588294967945e-308
Obesity:No,0,0,0.0
Obesity:No,0,0,0.0
Obesity:No,0,0,8.296144917011884e-301
Obesity:No,0,0,0.0
Obesity:No,0,0,2.3318814006118534e-78
Obesity:No,0,0,1.1683365535931375e-223
Obesity:No,0,0,0.0
Obesity:No,0,0,4.8573244028672624e-206
Obesity:No,0,0,0.0
Obesity:No,0,0,5.292136142812951e-268
Obesity:No,0,0,0.0
Obesity:No,0,0,0.0
Obesity:No,0,0,0.0
Obesity:No,0,0,0.0
Obesity:No,0,0,0.0
Obesity:No,0,0,0.0
Obesity:No,0,0,0.0
Obesity:No,0,0,0.0
Obesity:No,0,0,0.0
Obesity:No,0,0,0.0
Obesity:No,0,0,0.0
Obesity:No,0,0,0.0
Obesity:No,0,0,1.877832510883677e-07
Obesity:No,0,0,0.0
Obesity:No,0,0,0.0
Obesity:No,0,0,0.0
Obesity:No,0,0,1.5155270028144378e-134
Obesity:No,0,0,6.339054891198383e-166
Obesity:No,0,0,0.0
Obesity:No,0,0,0.0
Obesity:No,0,0,2.9377002699156656e-211
Obesity:No,0,0,0.0
Obesity:No,0,0,0.0
Obesity:No,0,0,0.0
Obesity:No,0,0,0.0
Obesity:No,0,0,4.2966116402137587e-210
Obesity:No,0,0,1.2635676681744818e-206
Obesity:No,0,1,1.0
Obesity:No,0,0,7.432190289320033e-189
Obesity:No,0,0,0.0
Obesity:No,0,0,0.0
Obesity:No,0,0,1.7968727691972707e-279
Obesity:No,0,0,0.0
Obesity:No,0,0,0.0
Obesity:No,0,0,8.117476675882059e-243
Obesity:No,0,0,7.796110240237382e-38
Obesity:No,0,0,2.8886541661991923e-246
Obesity:No,0,0,1.0689361401262583e-280
Obesity:No,0,0,0.0
Obesity:No,0,0,0.0
Obesity:No,0,0,0.0
Obesity:No,0,0,8.602826650163603e-285
Obesity:No,0,0,0.0
Obesity:No,0,0,5.197085488288231e-55
Obesity:No,0,0,0.0
Obesity:No,0,0,0.0
Obesity:No,0,0,9.826127860446419e-149
Obesity:No,0,0,3.5882864949663173e-168
Obesity:No,0,0,0.0
Obesity:No,0,0,4.5552124960377637e-203
Obesity:No,0,0,0.0
Obesity:No,1,0,5.59001775580249e-16
Obesity:No,0,0,1.9550147478054294e-276
Obesity:No,0,0,2.0537617564974337e-250
Obesity:No,0,0,0.0
Obesity:No,0,0,0.0
Obesity:No,0,0,0.0
Obesity:No,0,0,0.0
Obesity:No,0,0,0.0
Obesity:No,0,0,4.876372538033916e-283
Obesity:No,0,0,0.0
Obesity:No,1,0,0.0
Obesity:No,0,0,4.343315669578267e-168
Obesity:No,0,0,1.2834472517964188e-279
Obesity:No,0,0,0.0
Obesity:No,0,0,0.0
Obesity:No,0,0,0.0
Obesity:No,0,0,4.175065630943128e-266
Obesity:No,0,0,0.0
Obesity:No,0,0,0.0
Obesity:No,0,0,0.0
Obesity:No,0,0,2.4386706400459746e-292
Obesity:No,0,0,0.0
Obesity:No,0,0,0.0
Obesity:No,1,0,0.0
Obesity:No,0,0,0.0
Obesity:No,0,0,5.649282700392698e-247
Obesity:No,0,0,0.0
Obesity:No,0,1,1.0
Obesity:No,0,0,0.0
Obesity:No,0,0,0.0
Obesity:No,0,0,3.630880676116594e-172
Obesity:No,0,0,0.0
Obesity:No,0,0,0.0
Obesity:No,0,0,8.233638220265371e-255
Obesity:No,0,0,0.0
Obesity:No,0,0,0.0
Obesity:No,0,0,4.442635865457754e-165
Obesity:No,0,0,0.0
Obesity:No,0,0,1.3737285240524989e-260
Obesity:No,0,0,1.5965833121075889e-292
Obesity:No,0,0,4.5368263638398513e-147
Obesity:No,0,0,9.549438772108572e-229
Obesity:No,0,0,0.0
Obesity:No,0,0,1.8345400992011327e-200
Obesity:No,0,0,6.403486817602985e-185
Obesity:No,0,0,0.0
Obesity:No,0,0,0.0
Obesity:No,0,0,0.0
Obesity:No,0,0,0.0
Obesity:No,0,0,0.0
Obesity:No,0,0,1.7804420821517044e-140
Obesity:No,0,0,0.0
Obesity:No,0,0,7.426403210182875e-223
Obesity:No,0,0,0.0
Obesity:No,0,0,0.0
Obesity:No,0,0,0.0
Obesity:No,0,0,0.0
Obesity:No,0,0,0.0
Obesity:No,0,0,0.0
Obesity:No,0,0,0.0
Obesity:No,0,0,0.0
Obesity:No,0,0,0.0
Obesity:No,0,0,0.0
Obesity:No,0,0,0.0
Obesity:No,0,0,1.069215705050462e-276
Obesity:No,0,0,0.0
Obesity:No,0,0,0.0
Obesity:No,0,0,0.0
Obesity:No,0,0,2.083873274086331e-292
Obesity:No,0,0,0.0
Obesity:No,0,0,0.0
Obesity:No,0,0,0.0
Obesity:No,0,0,0.0
Obesity:No,0,0,1.8211683071234183e-228
Obesity:No,0,0,4.3178468176392764e-228
Obesity:No,0,0,3.2902431403784546e-224
Obesity:No,0,0,0.0
Obesity:No,0,0,8.421610797476307e-289
Obesity:No,0,0,0.0
Obesity:No,0,0,3.8219037169963045e-306
Obesity:No,0,0,1.985772382308314e-266
Obesity:No,0,0,1.3902655693698794e-84
Obesity:No,0,0,1.6427881937410397e-275
Obesity:No,0,0,1.4775627041754603e-292
Obesity:No,0,0,4.74112936337385e-200
Obesity:No,0,0,0.0
Obesity:No,0,0,0.0
Obesity:No,0,0,0.0
Obesity:No,0,0,0.0
Obesity:No,0,0,0.0
Obesity:No,0,0,1.689108953527265e-78
Obesity:No,0,0,0.0
Obesity:No,0,0,0.0
Obesity:No,0,0,0.0
Obesity:No,0,0,0.0
Obesity:No,0,0,0.0
Obesity:No,0,0,6.101132089669492e-72
Obesity:No,0,0,0.0
Obesity:No,0,0,0.0
Obesity:No,0,0,3.4424500192535533e-293
Obesity:No,0,0,0.0
Obesity:No,0,0,0.0
Obesity:No,0,0,0.0
Obesity:No,0,0,1.0581134999761225e-267
Obesity:No,0,0,0.0
Obesity:No,0,0,0.0
Obesity:No,0,0,0.0
Obesity:No,0,0,0.0
Obesity:No,0,0,0.0
Obesity:No,0,0,8.420983585234874e-118
Obesity:No,0,0,0.0
Obesity:No,0,0,4.9400565816957434e-206
Obesity:No,0,0,0.0
Obesity:No,0,0,0.0
Obesity:No,0,0,0.0
Obesity:No,0,0,2.1343073857313742e-265
Obesity:No,0,0,3.216711782004448e-250
Obesity:No,0,0,0.0
Obesity:No,0,0,0.0
Obesity:No,0,0,6.868017334620358e-170
Obesity:No,0,0,3.418814037058742e-275
Obesity:No,0,0,8.959673187319663e-60
Obesity:No,0,0,1.0727959793543435e-162
Obesity:No,0,0,0.0
Obesity:No,0,0,2.4974641175832055e-256
Obesity:No,0,0,0.0
Obesity:No,0,0,0.0
Obesity:No,0,0,0.0
Obesity:No,1,0,0.0
Obesity:No,0,0,0.0
Obesity:No,0,0,0.0
Obesity:No,0,0,0.0
Obesity:No,0,0,0.0
Obesity:No,0,0,0.0
Obesity:No,0,0,0.0
Obesity:No,0,0,0.0
Obesity:No,0,0,0.0
Obesity:No,0,0,0.0
Obesity:No,0,0,5.119391199973173e-257
Obesity:No,0,0,1.5554298652909284e-151
Obesity:No,0,0,0.0
Obesity:No,0,0,0.0
Obesity:No,0,0,0.0
Obesity:No,0,0,0.0
Obesity:No,0,0,6.910067155614402e-222
Obesity:No,0,0,3.8551156148788818e-283
Obesity:No,0,0,0.0
Obesity:No,0,0,0.0
Obesity:No,0,0,9.637390821202877e-304
Obesity:No,0,0,4.731689346964026e-307
Obesity:No,0,0,0.0
Obesity:No,0,0,1.4401010795222153e-264
Obesity:No,0,0,0.0
Obesity:No,0,0,1.999591530678754e-70
Obesity:No,0,0,1.1268418382157844e-199
Obesity:No,0,0,0.0
Obesity:No,0,0,0.0
Obesity:No,0,0,0.0
Obesity:No,0,0,1.9177469382151336e-259
Obesity:No,0,0,0.0
Obesity:No,0,0,0.0
Obesity:No,0,0,0.0
Obesity:No,1,0,4.493086765806929e-264
Obesity:No,0,0,0.0
Obesity:No,0,0,0.0
Obesity:No,0,0,0.0
Obesity:No,0,0,1.2102347768602658e-249
Obesity:No,0,0,0.0
Obesity:No,0,0,0.0
Obesity:No,0,0,0.0
Obesity:No,0,0,0.0
Obesity:No,0,0,0.0
Obesity:No,0,0,0.0
Obesity:No,0,0,2.9075461941625796e-305
Obesity:No,0,0,1.962760791259235e-247
Obesity:No,0,0,4.29909381847674e-301
Obesity:No,0,0,5.388447632482935e-246
Obesity:No,0,0,0.0
Obesity:No,0,0,0.0
Obesity:No,0,0,4.433059755601037e-192
Obesity:No,0,0,0.0
Obesity:No,1,0,3.230398879168486e-157
Obesity:No,0,0,1.7149050825992117e-93
Obesity:No,0,0,0.0
Obesity:No,0,0,0.0
Obesity:No,0,0,0.0
Obesity:No,0,0,1.7651596553227474e-209
Obesity:No,0,0,0.0
Obesity:No,0,0,0.0
Obesity:No,0,0,0.0
Obesity:No,1,0,0.0
Obesity:No,0,0,0.0
Obesity:No,0,0,0.0
Obesity:No,0,0,0.0
Obesity:No,0,0,0.0
Obesity:No,0,0,0.0
Obesity:No,0,0,2.8727732753367774e-168
Obesity:No,0,0,3.121924430789596e-277
Obesity:No,0,0,0.0
Obesity:No,0,0,1.1637937872199268e-223
Obesity:No,0,0,0.0
Obesity:No,0,0,0.0
Obesity:No,0,0,0.0
Obesity:No,1,0,0.0
Obesity:No,0,0,3.7983705854678084e-110
Obesity:No,0,0,1.2689234224512023e-159
Obesity:No,1,0,2.788039613720444e-156
Obesity:No,0,0,0.0
Obesity:No,0,0,0.0
Obesity:No,0,0,0.0
Obesity:No,0,0,5.818590917227172e-235
Obesity:No,0,0,3.3414675393136027e-285
Obesity:No,0,0,5.142307514679723e-155
Obesity:No,0,0,0.0
Obesity:No,0,0,0.0
Obesity:No,0,0,2.971282559634382e-216
Obesity:No,0,0,0.0
Obesity:No,0,0,0.0
Obesity:No,0,0,3.0557895016011524e-296
Obesity:No,0,0,5.130178979405301e-270
Obesity:No,0,0,0.0
Obesity:No,0,0,0.0
Obesity:No,0,0,0.0
Obesity:No,0,0,0.0
Obesity:No,0,0,0.0
Obesity:No,0,0,0.0
Obesity:No,0,0,7.4605700399161e-284
Obesity:No,0,0,0.0
Obesity:No,0,0,2.5080846313801417e-268
Obesity:No,0,0,0.0
Obesity:No,0,0,6.053418922997075e-255
Obesity:No,0,0,0.0
Obesity:No,0,0,0.0
Obesity:No,0,0,0.0
Obesity:No,0,0,3.290269671992913e-51
Obesity:No,0,0,1.489652403736035e-299
Obesity:No,0,0,0.0
Obesity:No,0,0,0.0
Obesity:No,0,0,0.0
Obesity:No,0,0,1.448103260072489e-75
Obesity:No,0,0,1.3405626268435103e-198
Obesity:No,0,0,5.875107818202792e-307
Obesity:No,0,0,0.0
Obesity:No,0,0,1.0327377846485745e-285
Obesity:No,0,0,9.982146630873558e-308
Obesity:No,0,0,0.0
Obesity:No,1,0,0.0
Obesity:No,0,0,0.0
Obesity:No,0,0,0.0
Obesity:No,0,0,0.0
Obesity:No,0,0,0.0
Obesity:No,0,0,3.6462975125405115e-196
Obesity:No,0,1,1.0
Obesity:No,0,0,0.0
Obesity:No,0,0,4.609444868295695e-203
Obesity:No,0,0,0.0
Obesity:No,0,0,0.0
Obesity:No,0,0,2.6359192528625653e-254
Obesity:No,0,0,0.0
Obesity:No,0,0,0.0
Obesity:No,0,0,0.0
Obesity:No,0,0,0.0
Obesity:No,1,0,5.90047727807788e-165
Obesity:No,0,0,6.425690843397305e-222
Obesity:No,0,0,0.0
Obesity:No,0,0,0.0
Obesity:No,0,0,0.0
Obesity:No,0,0,0.0
Obesity:No,0,0,0.0
Obesity:No,0,0,1.8441082589132973e-300
Obesity:No,0,0,8.11969856078831e-242
Obesity:No,0,0,1.1659404485894729e-225
Obesity:No,0,0,0.0
Obesity:No,0,0,1.0975889001523241e-126
Obesity:No,1,0,0.0
Obesity:No,0,0,0.0
Obesity:No,0,0,0.0
Obesity:No,0,0,8.942021626196649e-156
Obesity:No,0,0,1.8855680228290473e-123
Obesity:No,0,0,0.0
Obesity:No,0,0,6.906463186496443e-235
Obesity:No,0,0,0.0
Obesity:No,0,0,4.895612145243173e-281
Obesity:No,0,0,4.0351700432915536e-213
Obesity:No,0,0,7.189709185163489e-236
Obesity:No,0,0,0.0
Obesity:No,0,0,2.5457066195346026e-249
Obesity:No,0,0,2.603997109711356e-266
Obesity:No,0,0,0.0
Obesity:No,0,0,0.0
Obesity:No,0,0,0.0
Obesity:No,0,0,0.0
Obesity:No,0,0,0.0
Obesity:No,0,0,5.602029335150117e-155
Obesity:No,0,0,0.0
Obesity:No,0,0,1.897617590776399e-203
Obesity:No,0,0,7.769001801866225e-237
Obesity:No,0,0,0.0
Obesity:No,0,0,3.698029093108489e-152
Obesity:No,0,0,0.0
Obesity:No,0,0,0.0
Obesity:No,0,0,3.0799105965004782e-211
Obesity:No,0,0,0.0
Obesity:No,0,0,5.813500851312896e-296
Obesity:No,0,0,1.3682776139717786e-155
Obesity:No,0,0,0.0
Obesity:No,0,0,0.0
Obesity:No,0,0,0.0
Obesity:No,0,0,0.0
Obesity:No,0,0,0.0
Obesity:No,0,0,0.0
Obesity:No,0,0,0.0
Obesity:No,1,0,0.0
Obesity:No,0,0,0.0
Obesity:No,0,0,0.0
Obesity:No,0,0,4.313251749402437e-238
Obesity:No,0,0,8.445086360727468e-297
Obesity:No,0,0,0.0
Obesity:No,0,0,4.22704898707266e-290
Obesity:No,0,0,0.0
Obesity:No,0,0,0.0
Obesity:No,0,0,0.0
Obesity:No,0,0,0.0
Obesity:No,0,0,0.0
Obesity:No,0,0,0.0
Obesity:No,0,0,0.0
Obesity:No,0,0,0.0
Obesity:No,0,0,8.558199847063197e-234
Obesity:No,0,0,8.998119887370228e-220
Obesity:No,0,0,0.0
Obesity:No,0,0,0.0
Obesity:No,0,0,1.2738806330506567e-87
Obesity:No,0,0,0.0
Obesity:No,0,0,0.0
Obesity:No,0,0,0.0
Obesity:No,0,0,0.0
Obesity:No,0,0,0.0
Obesity:No,0,0,0.0
Obesity:No,0,0,0.0
Obesity:No,0,0,6.601336875911056e-261
Obesity:No,0,0,4.925560246703866e-174
Obesity:No,0,0,5.334652310339141e-218
Obesity:No,0,0,0.0
Obesity:No,0,0,0.0
Obesity:No,0,0,0.0
Obesity:No,0,0,0.0
Obesity:No,0,0,0.0
Obesity:No,0,1,1.0
Obesity:No,0,0,0.0
Obesity:No,0,0,1.0189287062334447e-290
Obesity:No,0,0,6.946490687539161e-155
Obesity:No,0,0,3.075118594778826e-265
Obesity:No,0,0,0.0
Obesity:No,0,0,0.0
Obesity:No,0,0,0.0
Obesity:No,0,0,0.0
Obesity:No,0,0,0.0
Obesity:No,0,0,8.913526545432939e-209
Obesity:No,0,0,0.0
Obesity:No,0,0,0.0
Obesity:No,0,0,0.0
Obesity:No,0,0,0.0
Obesity:No,0,0,0.0
Obesity:No,0,0,0.0
Obesity:No,0,0,7.150061234665619e-158
Obesity:No,0,0,0.0
Obesity:No,0,0,1.4762764401716408e-192
Obesity:No,0,0,2.4839105448841762e-276
Obesity:No,0,0,0.0
Obesity:No,0,0,0.0
Obesity:No,0,0,0.0
Obesity:No,0,0,5.4775657019742044e-198
Obesity:No,0,0,7.05084347265614e-169
Obesity:No,0,0,0.0
Obesity:No,0,0,1.1608857100278943e-196
Obesity:No,0,0,3.3190246791105145e-289
Obesity:No,0,0,0.0
Obesity:No,0,0,0.0
Obesity:No,0,0,1.0340805413867183e-206
Obesity:No,0,0,0.0
Obesity:No,0,0,1.8315385500464775e-250
Obesity:No,0,0,0.0
Obesity:No,0,0,0.0
Obesity:No,0,0,1.526311220878275e-302
Obesity:No,0,0,7.694231990126032e-242
Obesity:No,0,0,7.101133340410782e-295
Obesity:No,0,0,4.313071813247332e-123
Obesity:No,0,0,0.0
Obesity:No,0,0,0.0
Obesity:No,0,0,0.0
Obesity:No,0,0,0.0
Obesity:No,0,0,0.0
Obesity:No,0,0,0.0
Obesity:No,0,0,0.0
Obesity:No,0,0,0.0
Obesity:No,0,0,3.298621343636681e-159
Obesity:No,0,0,0.0
Obesity:No,0,0,3.341085923763022e-253
Obesity:No,0,0,3.51681857647784e-215
Obesity:No,0,0,3.8058155314086385e-133
Obesity:No,0,0,0.0
Obesity:No,0,0,0.0
Obesity:No,0,0,0.0
Obesity:No,0,0,0.0
Obesity:No,0,0,0.0
Obesity:No,0,0,0.0
Obesity:No,0,0,1.5066826548152417e-133
Obesity:No,0,0,0.0
Obesity:No,0,0,8.297523552059468e-279
Obesity:No,0,0,2.356665829959064e-296
Obesity:No,0,0,1.0332369852257227e-245
Obesity:No,0,0,8.715235838065701e-46
Obesity:No,0,0,2.7318620672337823e-265
Obesity:No,1,0,0.0
Obesity:No,0,0,1.5067577625814011e-148
Obesity:No,0,0,0.0
Obesity:No,0,0,1.8691790175131932e-277
Obesity:No,0,0,0.0
Obesity:No,0,0,3.308519460460461e-306
Obesity:No,0,0,7.527850930617738e-210
Obesity:No,0,0,1.2546924663096601e-260
Obesity:No,0,0,4.093410627581168e-266
Obesity:No,0,0,9.725255872480768e-109
Obesity:No,0,0,0.0
Obesity:No,0,0,2.2807923959585823e-280
Obesity:No,0,0,0.0
Obesity:No,0,0,5.2593674586283544e-282
Obesity:No,0,0,0.0
Obesity:No,0,0,1.7283376431947086e-208
Obesity:No,0,0,0.0
Obesity:No,1,0,0.0
Obesity:No,0,0,0.0
Obesity:No,0,0,0.0
Obesity:No,0,0,0.0
Obesity:No,0,0,6.220432693367015e-290
Obesity:No,0,0,1.925972839134022e-308
Obesity:No,0,0,0.0
Obesity:No,0,0,0.0
Obesity:No,0,0,0.0
Obesity:No,0,0,3.9199724967274165e-292
Obesity:No,0,0,0.0
Obesity:No,0,0,0.0
Obesity:No,0,0,3.995787644756636e-179
Obesity:No,0,0,0.0
Obesity:No,0,0,0.0
Obesity:No,0,0,0.0
Obesity:No,0,0,0.0
Obesity:No,0,0,0.0
Obesity:No,0,0,1.1021127799620512e-261
Obesity:No,0,0,7.659813861042024e-234
Obesity:No,0,0,0.0
Obesity:No,0,0,0.0
Obesity:No,0,0,1.5024509223997994e-292
Obesity:No,0,0,5.0068049435853556e-241
Obesity:No,0,0,0.0
Obesity:No,0,0,0.0
Obesity:No,0,0,0.0
Obesity:No,0,0,0.0
Obesity:No,0,0,0.0
Obesity:No,0,0,0.0
Obesity:No,0,0,0.0
Obesity:No,0,0,3.5577825179577425e-168
Obesity:No,0,0,0.0
Obesity:No,0,0,0.0
Obesity:No,0,0,0.0
Obesity:No,0,0,1.097727070902834e-263
Obesity:No,0,0,0.0
Obesity:No,0,0,0.0
Obesity:No,0,0,1.9946664603802997e-137
Obesity:No,0,0,1.5065106442771823e-213
Obesity:No,0,0,1.3566240791563597e-218
Obesity:No,0,0,0.0
Obesity:No,0,0,0.0
Obesity:No,0,0,0.0
Obesity:No,0,0,0.0
Obesity:No,0,0,3.321528987455524e-231
Obesity:No,0,0,9.189135366236705e-229
Obesity:No,0,0,0.0
Obesity:No,0,0,0.0
Obesity:No,0,0,0.0
Obesity:No,0,0,0.0
Obesity:No,0,0,0.0
Obesity:No,0,0,1.32964470866493e-231
Obesity:No,0,0,1.198909877441871e-264
Obesity:No,0,0,7.476640109614735e-218
Obesity:No,0,0,0.0
Obesity:No,0,0,1.3367626383955516e-308
Obesity:No,0,0,0.0
Obesity:No,0,0,0.0
Obesity:No,0,0,0.0
Obesity:No,0,0,7.437848692421312e-308
Obesity:No,0,0,5.405288192052847e-305
Obesity:No,0,0,0.0
Obesity:No,0,0,9.858618595297197e-291
Obesity:No,0,0,0.0
Obesity:No,0,0,0.0
Obesity:No,0,0,0.0
Obesity:No,0,0,0.0
Obesity:No,0,0,0.0
Obesity:No,0,0,0.0
Obesity:No,0,0,0.0
Obesity:No,0,0,0.0
Obesity:No,0,0,0.0
Obesity:No,0,0,0.0
Obesity:No,0,0,4.731279617258961e-175
Obesity:No,0,0,4.347740325502074e-296
Obesity:No,0,0,1.6075147459357338e-53
Obesity:No,0,0,6.458018979623646e-239
Obesity:No,0,0,0.0
Obesity:No,0,0,0.0
Obesity:No,0,0,0.0
Obesity:No,0,0,4.877166192813806e-163
Obesity:No,0,0,0.0
Obesity:No,0,0,1.1730262642695518e-217
Obesity:No,0,0,0.0
Obesity:No,0,0,3.504296982039264e-206
Obesity:No,0,0,0.0
Obesity:No,0,0,0.0
Obesity:No,0,0,0.0
Obesity:No,1,0,0.0
Obesity:No,0,0,0.0
Obesity:No,0,0,0.0
Obesity:No,0,0,0.0
Obesity:No,0,0,0.0
Obesity:No,0,0,2.5729564644402688e-256
Obesity:No,0,0,0.0
Obesity:No,0,0,5.188335745112644e-261
Obesity:No,0,0,0.0
Obesity:No,0,0,0.0
Obesity:No,0,0,0.0
Obesity:No,0,0,9.907666022099892e-108
Obesity:No,0,0,2.8006500203070727e-162
Obesity:No,0,0,0.0
Obesity:No,0,0,0.0
Obesity:No,0,0,0.0
Obesity:No,0,0,0.0
Obesity:No,0,0,8.352167027506586e-299
Obesity:No,0,0,5.2702901483311e-163
Obesity:No,0,0,0.0
Obesity:No,0,0,0.0
Obesity:No,0,0,0.0
Obesity:No,0,0,0.0
Obesity:No,0,0,0.0
Obesity:No,0,0,0.0
Obesity:No,0,0,0.0
Obesity:No,0,0,0.0
Obesity:No,0,0,0.0
Obesity:No,0,0,1.4527273659304216e-206
Obesity:No,1,0,6.492268026832975e-290
Obesity:No,0,0,2.0154602087668057e-253
Obesity:No,0,0,0.0
Obesity:No,0,0,0.0
Obesity:No,0,0,0.0
Obesity:No,0,0,8.788912014395927e-143
Obesity:No,0,0,0.0
Obesity:No,0,0,0.0
Obesity:No,0,0,9.917907331231415e-245
Obesity:No,0,0,0.0
Obesity:No,0,0,0.0
Obesity:No,0,0,0.0
Obesity:No,0,0,0.0
Obesity:No,0,0,0.0
Obesity:No,0,0,1.9017953120506373e-212
Obesity:No,0,0,2.1899703434849185e-253
Obesity:No,0,0,0.0
Obesity:No,0,0,0.0
Obesity:No,0,0,0.0
Obesity:No,0,0,0.0
Obesity:No,0,0,0.0
Obesity:No,0,0,0.0
Obesity:No,0,0,4.473618181411546e-248
Obesity:No,0,0,1.5805714700222614e-179
Obesity:No,1,0,4.464765506764966e-189
Obesity:No,0,0,0.0
Obesity:No,0,0,0.0
Obesity:No,0,1,1.0
Obesity:No,0,0,0.0
Obesity:No,0,0,0.0
Obesity:No,0,0,1.5179269171679317e-84
Obesity:No,0,0,2.101571037989466e-277
Obesity:No,0,0,0.0
Obesity:No,0,0,0.0
Obesity:No,0,0,1.695167348495711e-298
Obesity:No,0,0,4.461168780544417e-257
Obesity:No,0,0,0.0
Obesity:No,0,0,4.417332366112468e-274
Obesity:No,0,0,0.0
Obesity:No,0,0,0.0
Obesity:No,0,0,3.364964184612025e-252
Obesity:No,0,0,0.0
Obesity:No,1,0,0.0
Obesity:No,0,0,0.0
Obesity:No,0,0,0.0
Obesity:No,0,0,7.322172696134712e-171
Obesity:No,0,0,0.0
Obesity:No,0,0,1.2500310400003869e-290
Obesity:No,0,0,3.1464634023516013e-224
Obesity:No,0,0,0.0
Obesity:No,0,0,1.4758963662472427e-248
Obesity:No,0,0,0.0
Obesity:No,0,0,0.0
Obesity:No,0,0,0.0
Obesity:No,0,0,0.0
Obesity:No,0,0,0.0
Obesity:No,0,0,0.0
Obesity:No,0,0,0.0
Obesity:No,0,0,0.0
Obesity:No,0,0,0.017890328624507776
Obesity:No,0,0,0.0
Obesity:No,0,0,0.0
Obesity:No,0,0,8.129727239590916e-277
Obesity:No,0,0,7.311884304575287e-309
Obesity:No,0,0,0.0
Obesity:No,0,0,2.1710836065594196e-250
Obesity:No,0,0,3.1476596506660786e-258
Obesity:No,0,0,0.0
Obesity:No,0,0,2.999131805650294e-246
Obesity:No,0,0,0.0
Obesity:No,1,1,1.0
Obesity:No,0,0,0.0
Obesity:No,0,0,1.429269718487685e-277
Obesity:No,0,0,4.3957007813302656e-142
Obesity:No,0,0,8.713699268590987e-295
Obesity:No,0,0,0.0
Obesity:No,0,0,0.0
Obesity:No,0,0,0.0
Obesity:No,0,0,0.0
Obesity:No,0,0,0.0
Obesity:No,0,0,1.2905912759459973e-142
Obesity:No,0,0,0.0
Obesity:No,0,0,1.1078148880363612e-275
Obesity:No,0,0,2.0005320865216182e-289
Obesity:No,0,0,0.0
Obesity:No,0,0,0.0
Obesity:No,0,0,0.0
Obesity:No,0,0,5.352072321969729e-228
Obesity:No,0,0,0.0
Obesity:No,0,0,9.957885819170127e-262
Obesity:No,0,0,1.2217431441926189e-261
Obesity:No,0,0,6.23168695489157e-134
Obesity:No,0,0,0.0
Obesity:No,0,0,3.91037474584024e-67
Obesity:No,0,0,3.6014956821230815e-155
Obesity:No,0,0,1.0292844881896159e-171
Obesity:No,0,0,7.073433245138643e-260
Obesity:No,0,0,0.0
Obesity:No,0,0,0.0
Obesity:No,0,0,0.0
Obesity:No,0,0,4.360317651185038e-257
Obesity:No,0,0,0.0
Obesity:No,0,0,0.0
Obesity:No,0,0,0.0
Obesity:No,0,0,7.586973252264776e-269
Obesity:No,0,0,0.0
Obesity:No,0,0,2.9038802619431604e-256
Obesity:No,0,0,0.0
Obesity:No,0,0,2.96870703984069e-238
Obesity:No,0,0,0.0
Obesity:No,0,0,0.0
Obesity:No,0,0,0.0
Obesity:No,0,0,0.0
Obesity:No,0,0,3.6524647084300025e-282
Obesity:No,0,0,0.0
Obesity:No,0,0,0.0
Obesity:No,0,0,4.7683753763130985e-146
Obesity:No,0,0,0.0
Obesity:No,0,0,0.0
Obesity:No,0,0,7.425663984612791e-92
Obesity:No,0,0,4.49368496688223e-267
Obesity:No,0,0,0.0
Obesity:No,0,0,0.0
Obesity:No,0,0,4.4259580484402853e-219
Obesity:No,0,0,0.0
Obesity:No,0,0,9.99493098680485e-251
Obesity:No,0,0,0.0
Obesity:No,0,0,7.263454565542223e-130
Obesity:No,0,0,0.0
Obesity:No,1,0,3.2541441406394057e-226
Obesity:No,0,0,6.760663502493871e-181
Obesity:No,0,0,0.0
Obesity:No,0,0,4.329855652697479e-267
Obesity:No,0,0,0.0
Obesity:No,0,0,0.0
Obesity:No,0,0,0.0
Obesity:No,0,0,0.0
Obesity:No,0,0,0.0
Obesity:No,0,0,0.0
Obesity:No,0,0,0.0
Obesity:No,0,0,0.0
Obesity:No,0,0,3.618319272593681e-286
Obesity:No,0,0,0.0
Obesity:No,0,0,1.4184082676518767e-232
Obesity:No,0,0,0.0
Obesity:No,0,0,1.5227493967125327e-259
Obesity:No,0,0,0.0
Obesity:No,0,0,0.0
Obesity:No,0,0,0.0
Obesity:No,0,0,0.0
Obesity:No,0,0,2.8271872522346404e-166
Obesity:No,0,0,0.0
Obesity:No,0,0,8.711211903063056e-225
Obesity:No,0,0,0.0
Obesity:No,0,0,0.0
Obesity:No,0,0,5.649677722866393e-290
Obesity:No,0,0,0.0
Obesity:No,0,0,0.0
Obesity:No,0,0,0.0
Obesity:No,0,0,8.736178348559425e-239
Obesity:No,0,0,3.4971888004109205e-176
Obesity:No,0,0,0.0
Obesity:No,0,0,0.0
Obesity:No,0,0,0.0
Obesity:No,0,0,0.0
Obesity:No,0,0,1.3842043703860821e-269
Obesity:No,0,0,0.0
Obesity:No,0,0,4.990416858267075e-183
Obesity:No,0,0,0.0
Obesity:No,0,0,0.0
Obesity:No,0,0,1.9806764810286218e-301
Obesity:No,0,0,0.0
Obesity:No,0,0,1.6275299058144286e-297
Obesity:No,0,0,0.0
Obesity:No,0,0,0.0
Obesity:No,0,0,0.0
Obesity:No,0,0,3.134469539975575e-306
Obesity:No,0,0,1.554031712582191e-145
Obesity:No,1,0,0.11711911405946226
Obesity:No,0,0,0.0
Obesity:No,0,0,0.0
Obesity:No,0,0,0.0
Obesity:No,0,0,0.0
Obesity:No,0,0,0.0
Obesity:No,0,0,3.8177562019479e-204
Obesity:No,0,0,0.0
Obesity:No,0,0,8.083607487153716e-301
Obesity:No,0,0,0.0
Obesity:No,0,0,1.6484124262064373e-75
Obesity:No,0,0,1.535105979168414e-255
Obesity:No,0,0,2.5988010825629356e-204
Obesity:No,0,0,0.0
Obesity:No,0,0,1.3674382517512207e-304
Obesity:No,0,0,2.8573067808202455e-180
Obesity:No,0,0,7.61226645993224e-270
Obesity:No,0,0,0.0
Obesity:No,0,0,2.9697925903134745e-225
Obesity:No,0,0,0.0
Obesity:No,0,0,0.0
Obesity:No,0,1,1.0
Obesity:No,0,0,3.4026049739795976e-104
Obesity:No,0,0,2.9665406369621727e-162
Obesity:No,0,0,0.0
Obesity:No,1,0,0.0
Obesity:No,0,0,0.0
Obesity:No,0,0,0.0
Obesity:No,0,0,0.0
Obesity:No,0,0,0.0
Obesity:No,0,0,0.0
Obesity:No,0,0,2.1398982342153583e-108
Obesity:No,0,0,0.0
Obesity:No,0,0,0.0
Obesity:No,0,0,3.8104351819798273e-129
Obesity:No,0,0,0.0
Obesity:No,0,0,0.0
Obesity:No,0,0,0.0
Obesity:No,0,0,0.0
Obesity:No,0,0,1.1579918251205432e-51
Obesity:No,0,0,0.0
Obesity:No,0,0,0.0
Obesity:No,0,0,0.0
Obesity:No,0,0,0.0
Obesity:No,0,0,0.0
Obesity:No,0,0,2.4133967755545546e-287
Obesity:No,0,0,2.9382415271962046e-112
Obesity:No,0,0,0.0
Obesity:No,0,0,0.0
Obesity:No,0,0,0.0
Obesity:No,0,0,0.0
Obesity:No,0,0,1.0711152874423811e-269
Obesity:No,0,0,8.956464785308622e-231
Obesity:No,0,0,0.0
Obesity:No,0,0,0.0
Obesity:No,0,0,0.0
Obesity:No,0,0,0.0
Obesity:No,0,0,0.0
Obesity:No,0,0,8.751894668593552e-271
Obesity:No,0,0,7.270593376221925e-247
Obesity:No,0,0,0.0
Obesity:No,0,0,0.0
Obesity:No,0,0,0.0
Obesity:No,0,0,0.0
Obesity:No,0,0,0.0
Obesity:No,0,0,2.1568793144035575e-255
Obesity:No,0,0,2.352892188721814e-300
Obesity:No,0,0,7.044896304059613e-249
Obesity:No,0,0,1.0461617062393479e-294
Obesity:No,0,0,7.628199693530631e-186
Obesity:No,0,0,0.0
Obesity:No,0,0,1.7864653250960752e-287
Obesity:No,0,0,2.295532680188757e-267
Obesity:No,0,0,0.0
Obesity:No,0,0,0.0
Obesity:No,0,0,0.0
Obesity:No,0,0,0.0
Obesity:No,0,0,0.0
Obesity:No,0,0,1.1289423680438635e-261
Obesity:No,0,0,0.0
Obesity:No,0,0,0.0
Obesity:No,0,0,1.3308032818787235e-188
Obesity:No,0,0,0.0
Obesity:No,0,0,0.0
Obesity:No,0,0,0.0
Obesity:No,0,0,0.0
Obesity:No,0,0,8.12073476074526e-160
Obesity:No,0,0,0.0
Obesity:No,0,0,2.4606736853268577e-249
Obesity:No,0,0,0.0
Obesity:No,0,0,0.0
Obesity:No,0,0,0.0
Obesity:No,0,0,0.0
Obesity:No,0,0,6.901766302625543e-203
Obesity:No,0,0,2.6811600292825613e-191
Obesity:No,0,0,4.157988320422554e-269
Obesity:No,0,0,0.0
Obesity:No,0,0,0.0
Obesity:No,0,0,0.0
Obesity:No,0,0,1.142500247550052e-168
Obesity:No,0,0,0.0
Obesity:No,0,0,1.1091995812048361e-277
Obesity:No,0,0,1.1667317701368174e-97
Obesity:No,0,0,0.0
Obesity:No,0,0,0.0
Obesity:No,0,0,0.0
Obesity:No,0,0,0.0
Obesity:No,0,0,0.0
Obesity:No,0,0,0.0
Obesity:No,0,0,0.0
Obesity:No,0,0,5.890641940772865e-98
Obesity:No,0,0,1.1372628238177333e-236
Obesity:No,0,0,0.0
Obesity:No,0,0,0.0
Obesity:No,0,0,8.395265974380003e-277
Obesity:No,0,0,0.0
Obesity:No,0,0,1.9315221920938166e-183
Obesity:No,0,0,1.6840184063047946e-224
Obesity:No,0,0,2.882877162707604e-203
Obesity:No,0,0,0.0
Obesity:No,0,0,0.0
Obesity:No,0,0,0.0
Obesity:No,0,0,0.0
Obesity:No,0,0,0.0
Obesity:No,0,0,1.7896002307585254e-305
Obesity:No,0,0,5.62531988595257e-193
Obesity:No,0,0,0.0
Obesity:No,0,0,9.627671090201096e-214
Obesity:No,0,0,0.0
Obesity:No,0,0,0.0
Obesity:No,0,0,2.381563056072028e-296
Obesity:No,0,0,1.0064532831952942e-302
Obesity:No,0,0,0.0
Obesity:No,0,0,0.0
Obesity:No,0,0,0.0
Obesity:No,0,0,1.2597840525119748e-231
Obesity:No,0,0,1.4493889216783374e-244
Obesity:No,0,0,2.5839342405892807e-171
Obesity:No,0,0,5.361586797102375e-102
Obesity:No,0,0,0.0
Obesity:No,0,0,6.6631118439226446e-214
Obesity:No,0,0,5.600952181477334e-271
Obesity:No,0,0,0.0
Obesity:No,0,0,0.0
Obesity:No,0,0,0.0
Obesity:No,0,0,0.0
Obesity:No,0,0,1.8643540954518881e-171
Obesity:No,0,0,1.747021866981452e-107
Obesity:No,0,0,4.3575463688398937e-213
Obesity:No,0,0,0.0
Obesity:No,0,0,2.0072767122422276e-107
Obesity:No,0,0,0.0
Obesity:No,0,0,0.0
Obesity:No,0,0,1.4548275362743966e-307
Obesity:No,0,0,4.4970146018567667e-73
Obesity:No,0,0,0.0
Obesity:No,0,0,8.712091026097584e-99
Obesity:No,0,0,0.0
Obesity:No,0,0,3.400329177761728e-148
Obesity:No,0,0,0.0
Obesity:No,0,0,2.0152614294254466e-272
Obesity:No,0,0,0.0
Obesity:No,0,0,0.0
Obesity:No,0,0,0.0
Obesity:No,0,0,2.3736212898455857e-258
Obesity:No,0,0,0.0
Obesity:No,0,0,2.398686335400757e-214
Obesity:No,0,0,0.0
Obesity:No,0,0,0.0
Obesity:No,1,0,5.333617238664914e-180
Obesity:No,0,0,0.0
Obesity:No,0,0,0.0
Obesity:No,0,0,0.0
Obesity:No,1,0,0.0
Obesity:No,0,0,0.0
Obesity:No,0,0,0.0
Obesity:No,0,0,2.0338605021908263e-119
Obesity:No,0,0,0.0
Obesity:No,0,0,1.675037111219818e-230
Obesity:No,0,0,3.1377773247852526e-226
Obesity:No,0,0,4.7573982971425925e-249
Obesity:No,0,0,0.0
Obesity:No,0,0,0.0
Obesity:No,0,0,0.0
Obesity:No,0,0,0.0
Obesity:No,0,0,5.022438421874224e-301
Obesity:No,0,0,0.0
Obesity:No,0,0,8.986147002993146e-127
Obesity:No,0,0,1.254757390221421e-117
Obesity:No,0,0,4.105214836177472e-179
Obesity:No,0,0,0.0
Obesity:No,0,0,1.8987839099465893e-223
Obesity:No,0,0,8.061036304302698e-285
Obesity:No,0,0,4.082292352898656e-292
Obesity:No,0,0,0.0
Obesity:No,0,0,0.0
Obesity:No,0,0,0.0
Obesity:No,0,0,2.3322892963144167e-131
Obesity:No,0,0,0.0
Obesity:No,0,0,6.0609951543662346e-204
Obesity:No,0,0,0.0
Obesity:No,0,0,0.0
Obesity:No,0,0,0.0
Obesity:No,0,0,0.0
Obesity:No,0,0,0.0
Obesity:No,0,0,1.222005098219852e-165
Obesity:No,0,0,0.0
Obesity:No,0,0,0.0
Obesity:No,0,0,0.0
Obesity:No,0,0,5.319717013602644e-47
Obesity:No,0,0,3.1162314478704357e-224
Obesity:No,0,0,1.4764039595181547e-173
Obesity:No,0,0,0.0
Obesity:No,0,0,0.0
Obesity:No,0,0,5.7810967929816585e-136
Obesity:No,0,0,7.785226839547139e-170
Obesity:No,0,0,0.0
Obesity:No,0,0,0.0
Obesity:No,0,0,1.9746370410868677e-203
Obesity:No,0,0,2.9402884376993055e-245
Obesity:No,0,0,5.331232757008984e-243
Obesity:No,0,0,0.0
Obesity:No,0,0,0.0
Obesity:No,0,0,1.0578719841298769e-299
Obesity:No,0,0,0.0
Obesity:No,0,0,7.728142495988814e-175
Obesity:No,0,0,0.0
Obesity:No,0,0,0.0
Obesity:No,0,0,1.3293750101537505e-173
Obesity:No,1,0,7.104508025439877e-32
Obesity:No,1,0,3.2152698689465054e-38
Obesity:No,0,0,7.126892694068987e-205
Obesity:No,0,0,1.006387422409147e-243
Obesity:No,0,0,0.0
Obesity:No,0,0,0.0
Obesity:No,0,0,1.642027205303225e-194
Obesity:No,0,0,0.0
Obesity:No,0,0,0.0
Obesity:No,0,0,2.53212918730828e-249
Obesity:No,0,0,1.5925440948925337e-182
Obesity:No,0,0,1.5488484479879015e-115
Obesity:No,0,0,0.0
Obesity:No,0,0,0.0
Obesity:No,0,0,0.0
Obesity:No,0,0,4.266248834029132e-208
Obesity:No,0,0,0.0
Obesity:No,0,0,0.0
Obesity:No,0,0,0.0
Obesity:No,0,0,0.0
Obesity:No,0,0,0.0
Obesity:No,1,0,0.0
Obesity:No,0,0,0.0
Obesity:No,0,0,2.3696926652083896e-290
Obesity:No,0,0,0.0
Obesity:No,0,0,0.0
Obesity:No,0,0,0.0
Obesity:No,0,0,0.0
Obesity:No,0,0,5.140106288554631e-301
Obesity:No,0,0,1.3875565928603516e-110
Obesity:No,0,0,1.7810929323376334e-284
Obesity:No,0,0,0.0
Obesity:No,0,0,0.0
Obesity:No,0,0,0.0
Obesity:No,0,0,2.2534199258142076e-158
Obesity:No,0,0,0.0
Obesity:No,0,0,0.0
Obesity:No,0,0,1.088477858277736e-143
Obesity:No,0,0,5.783625713597099e-289
Obesity:No,0,0,0.0
Obesity:No,0,0,1.3614994308972938e-125
Obesity:No,0,0,0.0
Obesity:No,0,0,5.325427282918794e-196
Obesity:No,0,0,0.0
Obesity:No,0,0,0.0
Obesity:No,0,0,3.0743302746463056e-241
Obesity:No,0,0,0.0
Obesity:No,0,0,0.0
Obesity:No,0,0,4.0604808349347675e-261
Obesity:No,0,0,2.1887644601925022e-260
Obesity:No,0,0,0.0
Obesity:No,0,0,0.0
Obesity:No,0,0,0.0
Obesity:No,0,0,0.0
Obesity:No,0,0,1.0193313839357685e-290
Obesity:No,0,0,2.735264191399233e-293
Obesity:No,0,0,0.0
Obesity:No,0,0,7.222835734560595e-274
Obesity:No,0,0,1.57769737292966e-278
Obesity:No,0,0,0.0
Obesity:No,0,0,0.0
Obesity:No,0,0,0.0
Obesity:No,0,0,4.9544826977589386e-185
Obesity:No,0,0,2.2745447192959843e-243
Obesity:No,0,0,0.0
Obesity:No,0,0,0.0
Obesity:No,0,0,0.0
Obesity:No,0,0,2.924569592876457e-207
Obesity:No,0,0,3.806050132431268e-213
Obesity:No,0,0,6.068391482553163e-246
Obesity:No,0,0,0.0
Obesity:No,0,0,1.8867019788836913e-172
Obesity:No,0,0,0.0
Obesity:No,0,0,0.0
Obesity:No,0,0,5.442651140368216e-275
Obesity:No,0,0,1.2522186131802136e-204
Obesity:No,0,0,0.0
Obesity:No,0,0,0.0
Obesity:No,0,0,3.3684588039701494e-216
Obesity:No,0,0,3.2837287633577266e-284
Obesity:No,0,0,0.0
Obesity:No,0,0,0.0
Obesity:No,1,0,0.0
Obesity:No,0,0,3.232216426879848e-256
Obesity:No,0,0,0.0
Obesity:No,0,0,8.967539964796385e-101
Obesity:No,0,0,1.5372364384216066e-223
Obesity:No,0,0,0.0
Obesity:No,0,0,7.082035809863994e-212
Obesity:No,0,0,0.0
Obesity:No,0,0,0.0
Obesity:No,0,0,0.0
Obesity:No,0,0,0.0
Obesity:No,0,0,1.3030724997382756e-251
Obesity:No,0,0,3.3031415819638083e-122
Obesity:No,0,0,3.7125679874340756e-211
Obesity:No,0,0,0.0
Obesity:No,0,0,8.873844731320105e-197
Obesity:No,0,0,0.0
Obesity:No,0,0,1.516815518141783e-265
Obesity:No,0,0,0.0
Obesity:No,0,0,5.489582019958969e-08
Obesity:No,0,0,1.5863831959146425e-271
Obesity:No,0,0,4.0017036750183067e-287
Obesity:No,0,0,3.497019453906757e-92
Obesity:No,0,0,2.8621652720600794e-208
Obesity:No,0,0,0.0
Obesity:No,0,0,0.0
Obesity:No,0,0,0.0
Obesity:No,0,0,0.0
Obesity:No,0,0,8.728284824527647e-283
Obesity:No,0,0,0.0
Obesity:No,0,0,3.5745965251396137e-303
Obesity:No,0,0,1.2991366911085457e-296
Obesity:No,0,0,0.0
Obesity:No,0,0,0.0
Obesity:No,0,0,4.060458845274065e-305
Obesity:No,0,0,1.256120404870197e-237
Obesity:No,0,0,0.0
Obesity:No,0,0,1.3063964015852972e-257
Obesity:No,0,0,0.0
Obesity:No,0,0,4.4544751238947554e-178
Obesity:No,0,0,0.0
Obesity:No,0,0,0.0
Obesity:No,0,0,0.0
Obesity:No,0,0,2.1991620832028789e-277
Obesity:No,0,0,1.022336725785547e-93
Obesity:No,1,0,4.5856349111312626e-184
Obesity:No,0,0,0.0
Obesity:No,0,0,0.0
Obesity:No,0,0,9.102681345965599e-270
Obesity:No,0,0,0.0
Obesity:No,0,0,3.7610513662130603e-253
Obesity:No,0,0,2.009204546928616e-201
Obesity:No,0,0,0.0
Obesity:No,0,0,1.0621077161111454e-289
Obesity:No,0,0,3.34782143000581e-145
Obesity:No,0,0,0.0
Obesity:No,0,0,0.0
Obesity:No,0,0,0.0
Obesity:No,0,0,0.0
Obesity:No,0,0,0.0
Obesity:No,0,0,4.542503526216601e-176
Obesity:No,0,0,0.0
Obesity:No,0,0,4.444864491876672e-127
Obesity:No,0,0,0.0
Obesity:No,0,0,0.0
Obesity:No,0,0,0.0
Obesity:No,0,0,0.0
Obesity:No,0,0,0.0
Obesity:No,0,0,0.0
Obesity:No,0,0,0.0
Obesity:No,0,0,1.605013301711588e-185
Obesity:No,0,0,1.773381818412946e-240
Obesity:No,0,0,6.814340749558897e-234
Obesity:No,0,0,0.0
Obesity:No,0,0,0.0
Obesity:No,0,0,0.0
Obesity:No,0,0,3.639031540011516e-302
Obesity:No,0,0,0.0
Obesity:No,0,0,0.0
Obesity:No,1,0,0.0
Obesity:No,0,0,0.0
Obesity:No,0,0,0.0
Obesity:No,0,0,1.5136846893661925e-189
Obesity:No,0,0,1.8255484560445685e-224
Obesity:No,0,0,0.0
Obesity:No,0,0,0.0
Obesity:No,0,0,0.0
Obesity:No,0,0,7.901478017191812e-167
Obesity:No,0,0,1.0796222948460583e-242
Obesity:No,0,0,1.702949135094199e-204
Obesity:No,0,0,0.0
Obesity:No,0,0,0.0
Obesity:No,0,0,0.0
Obesity:No,0,0,0.0
Obesity:No,0,0,1.042784212008656e-207
Obesity:No,0,0,9.693461694730952e-283
Obesity:No,0,0,0.0
Obesity:No,0,0,0.0
Obesity:No,0,0,1.1566822620001552e-247
Obesity:No,0,0,0.0
Obesity:No,0,0,0.0
Obesity:No,0,0,0.0
Obesity:No,0,0,7.937516081674971e-231
Obesity:No,0,0,0.0
Obesity:No,0,0,0.0
Obesity:No,0,0,6.53789695539682e-277
Obesity:No,0,0,0.0
Obesity:No,0,0,0.0
Obesity:No,0,0,4.982509049511387e-138
Obesity:No,0,0,5.46343435820609e-271
Obesity:No,1,0,8.769884552492157e-289
Obesity:No,0,0,3.056545177364463e-199
Obesity:No,0,0,1.375957177448062e-155
Obesity:No,0,0,6.680492604075896e-266
Obesity:No,0,0,3.2905496800273293e-256
Obesity:No,0,0,0.0
Obesity:No,1,0,0.0
Obesity:No,0,0,0.0
Obesity:No,0,0,1.3671352509153081e-163
Obesity:No,0,0,0.0
Obesity:No,0,0,0.0
Obesity:No,0,0,0.0
Obesity:No,0,0,9.640669791243003e-230
Obesity:No,0,0,0.0
Obesity:No,0,0,0.0
Obesity:No,0,0,2.7291885116931773e-283
Obesity:No,0,0,6.125892447715066e-170
Obesity:No,0,0,3.13470535931647e-243
Obesity:No,0,0,1.8189236137428504e-186
Obesity:No,0,0,1.4890450813964967e-211
Obesity:No,0,0,4.213637289373709e-279
Obesity:No,0,0,0.0
Obesity:No,0,0,0.0
Obesity:No,0,0,0.0
Obesity:No,0,0,9.37492634775106e-309
Obesity:No,0,0,0.0
Obesity:No,0,0,4.8810164946995386e-234
Obesity:No,0,0,3.6112412943932646e-245
Obesity:No,0,0,0.0
Obesity:No,0,0,5.82405096566885e-191
Obesity:No,0,0,1.4672392605922598e-219
Obesity:No,0,0,1.8563120559758446e-226
Obesity:No,0,0,2.6686475433470455e-92
Obesity:No,0,0,4.307661807107168e-261
Obesity:No,0,0,2.122138991344792e-218
Obesity:No,0,0,5.473834982011915e-149
Obesity:No,0,0,7.868052315515141e-275
Obesity:No,0,0,4.524268860536622e-214
Obesity:No,0,0,5.433517456882578e-206
Obesity:No,0,0,0.0
Obesity:No,0,0,0.0
Obesity:No,0,0,2.8962409418859577e-270
Obesity:No,0,0,6.913750690329309e-278
Obesity:No,0,0,3.1146186592512443e-115
Obesity:No,0,0,7.142367671084499e-226
Obesity:No,0,0,0.0
Obesity:No,0,0,1.2669536051615577e-308
Obesity:No,0,0,0.0
Obesity:No,1,0,8.754536403449313e-245
Obesity:No,0,0,0.0
Obesity:No,0,0,3.005153623240338e-175
Obesity:No,0,0,8.454671514773039e-250
Obesity:No,0,0,3.5932351099601746e-246
Obesity:No,0,0,0.0
Obesity:No,0,0,0.0
Obesity:No,0,0,0.0
Obesity:No,0,0,0.0
Obesity:No,0,0,3.356666359271031e-281
Obesity:No,0,0,3.903931843814236e-272
Obesity:No,0,0,0.0
Obesity:No,0,0,0.0
Obesity:No,0,0,0.0
Obesity:No,0,0,0.0
Obesity:No,0,0,0.0
Obesity:No,0,0,0.0
Obesity:No,0,0,7.838333543002957e-254
Obesity:No,0,0,0.0
Obesity:No,0,0,0.0
Obesity:No,0,0,0.0
Obesity:No,0,0,3.3652422067273096e-267
Obesity:No,0,0,0.0
Obesity:No,0,0,0.0
Obesity:No,0,1,0.9999999946246994
Obesity:No,0,0,3.8363295856679936e-108
Obesity:No,0,0,3.1850002327013874e-204
Obesity:No,0,0,1.1209347120491871e-294
Obesity:No,0,0,0.0
Obesity:No,0,0,0.0
Obesity:No,0,0,1.987717294842893e-182
Obesity:No,0,0,0.0
Obesity:No,0,0,0.0
Obesity:No,0,0,3.818239973705378e-260
Obesity:No,0,0,0.0
Obesity:No,0,0,0.0
Obesity:No,0,0,0.0
Obesity:No,0,0,3.452211435505312e-278
Obesity:No,0,0,0.0
Obesity:No,0,0,0.0
Obesity:No,0,0,5.205757743282196e-285
Obesity:No,0,0,0.0
Obesity:No,0,0,0.0
Obesity:No,0,0,0.0
Obesity:No,0,0,4.229780291368252e-223
Obesity:No,0,0,0.0
Obesity:No,0,0,2.6877585805951026e-300
Obesity:No,0,0,1.1956502673166041e-257
Obesity:No,0,0,5.9966065347712055e-292
Obesity:No,0,0,0.0
Obesity:No,0,0,3.239853987155028e-247
Obesity:No,0,0,1.7302251720567873e-245
Obesity:No,0,0,0.0
Obesity:No,0,0,0.0
Obesity:No,0,0,2.1883273937650314e-270
Obesity:No,0,0,4.395426447001861e-281
Obesity:No,0,0,0.0
Obesity:No,0,0,0.0
Obesity:No,0,0,0.0
Obesity:No,0,0,6.045467406384989e-122
Obesity:No,0,0,1.5705701574602632e-60
Obesity:No,0,0,0.0
Obesity:No,0,0,3.8672904546738324e-279
Obesity:No,0,0,2.8912419163445745e-198
Obesity:No,0,0,1.2148752862187948e-128
Obesity:No,0,0,1.9399731493112557e-189
Obesity:No,0,0,3.7158791375384686e-161
Obesity:No,0,0,4.16721575767224e-208
Obesity:No,1,0,3.160603938338341e-211
Obesity:No,0,0,0.0
Obesity:No,0,0,0.0
Obesity:No,0,0,0.0
Obesity:No,0,0,2.3402724928509133e-205
Obesity:No,0,0,0.0
Obesity:No,0,0,1.0200116880461673e-210
Obesity:No,0,0,2.851820074348477e-205
Obesity:No,0,0,0.0
Obesity:No,0,0,0.0
Obesity:No,0,0,0.0
Obesity:No,0,0,0.0
Obesity:No,0,0,2.281471811114417e-253
Obesity:No,0,0,0.0
Obesity:No,0,0,0.0
Obesity:No,0,0,0.0
Obesity:No,0,0,4.27649124500744e-266
Obesity:No,0,0,0.0
Obesity:No,0,0,0.0
Obesity:No,0,0,2.2807923959585823e-280
Obesity:No,0,0,2.654068629399592e-262
Obesity:No,0,0,6.099083733112583e-191
Obesity:No,0,0,0.0
Obesity:No,0,0,0.0
Obesity:No,0,0,0.0
Obesity:No,0,0,0.0
Obesity:No,0,0,2.232158218125743e-25
Obesity:No,0,0,4.802876327074345e-202
Obesity:No,0,0,0.0
Obesity:No,0,0,0.0
Obesity:No,0,0,4.595918047026862e-214
Obesity:No,0,0,1.6567735326679246e-266
Obesity:No,0,0,0.0
Obesity:No,0,0,0.0
Obesity:No,0,0,0.0
Obesity:No,0,0,3.3188745058215026e-256
Obesity:No,0,0,3.8965583886744704e-284
Obesity:No,0,0,1.5206770730444189e-204
Obesity:No,0,0,0.0
Obesity:No,0,0,0.0
Obesity:No,0,0,1.3111640312394213e-207
Obesity:No,0,0,9.193588038594975e-158
Obesity:No,0,0,0.0
Obesity:No,0,0,0.0
Obesity:No,0,0,0.0
Obesity:No,0,0,2.296268013395137e-158
Obesity:No,0,0,2.8968130776090586e-221
Obesity:No,0,0,8.688198382871171e-275
Obesity:No,0,0,1.540220793204033e-197
Obesity:No,0,0,5.0069804868004e-250
Obesity:No,0,0,7.513631013483438e-213
Obesity:No,0,0,8.05833655984811e-263
Obesity:No,0,0,0.0
Obesity:No,0,0,0.0
Obesity:No,0,0,2.3445506664424585e-41
Obesity:No,0,0,1.1677120521036814e-239
Obesity:No,0,0,0.0
Obesity:No,0,0,0.0
Obesity:No,0,0,8.898135337199039e-95
Obesity:No,0,0,0.0
Obesity:No,1,0,8.034784220173252e-194
Obesity:No,0,0,5.045455006123133e-204
Obesity:No,0,0,0.0
Obesity:No,0,0,4.3126321132193335e-295
Obesity:No,1,0,1.2643181057959612e-108
Obesity:No,0,0,0.0
Obesity:No,0,0,6.234273651561751e-64
Obesity:No,0,0,2.879424720489263e-250
Obesity:No,0,0,0.0
Obesity:No,0,0,0.0
Obesity:No,0,0,0.0
Obesity:No,0,0,3.3917504703590844e-219
Obesity:No,0,0,0.0
Obesity:No,0,0,3.5525244546888574e-187
Obesity:No,0,0,0.0
Obesity:No,0,0,0.0
Obesity:No,0,0,1.6760132987904195e-224
Obesity:No,0,0,5.133346433323095e-162
Obesity:No,0,0,0.0
Obesity:No,0,0,3.2209318235213848e-214
Obesity:No,0,0,0.0
Obesity:No,0,0,0.0
Obesity:No,1,1,1.0
Obesity:No,0,0,1.0598921241957127e-106
Obesity:No,0,0,0.0
Obesity:No,0,0,7.03366101421725e-199
Obesity:No,0,0,0.0
Obesity:No,0,0,0.0
Obesity:No,0,0,2.2752235376952004e-236
Obesity:No,0,0,0.0
Obesity:No,0,0,0.0
Obesity:No,0,0,0.0
Obesity:No,0,0,2.014737112879068e-233
Obesity:No,0,0,0.0
Obesity:No,0,0,0.0
Obesity:No,0,0,2.079925205884926e-230
Obesity:No,0,0,0.0
Obesity:No,0,0,1.0002282931966698e-270
Obesity:No,0,0,3.5078625939336494e-227
Obesity:No,0,0,0.0
Obesity:No,0,0,8.748935296873813e-71
Obesity:No,0,0,2.0269117905760903e-134
Obesity:No,0,0,0.0
Obesity:No,0,0,1.5777339372641204e-205
Obesity:No,0,0,0.0
Obesity:No,0,0,0.0
Obesity:No,0,0,2.2645112162467263e-235
Obesity:No,1,0,0.0
Obesity:No,0,0,0.0
Obesity:No,0,0,0.0
Obesity:No,0,0,1.5438484498498374e-288
Obesity:No,0,0,3.320034367777438e-288
Obesity:No,0,0,1.351627997391994e-261
Obesity:No,0,0,3.344826803270871e-237
Obesity:No,0,0,0.0
Obesity:No,0,0,0.0
Obesity:No,0,0,0.0
Obesity:No,0,0,0.0
Obesity:No,0,0,0.0
Obesity:No,0,0,0.0
Obesity:No,0,0,5.422659796955321e-145
Obesity:No,0,0,1.8106200071249006e-84
Obesity:No,0,0,0.0
Obesity:No,0,0,0.0
Obesity:No,0,0,1.495038671350503e-161
Obesity:No,0,0,0.0
Obesity:No,0,0,0.0
Obesity:No,0,0,0.0
Obesity:No,0,0,0.0
Obesity:No,0,0,0.0
Obesity:No,0,0,0.0
Obesity:No,0,0,0.0
Obesity:No,0,0,0.0
Obesity:No,0,0,3.3291120852198763e-248
Obesity:No,0,0,0.0
Obesity:No,0,0,0.0
Obesity:No,0,0,0.0
Obesity:No,0,0,0.0
Obesity:No,0,0,0.0
Obesity:No,0,0,2.110139482855557e-252
Obesity:No,0,0,0.0
Obesity:No,0,0,0.0
Obesity:No,0,0,0.0
Obesity:No,0,0,3.7781059085941285e-209
Obesity:No,0,0,0.0
Obesity:No,0,0,0.0
Obesity:No,0,0,4.5318463442986746e-197
Obesity:No,0,0,0.0
Obesity:No,0,0,3.832994480947783e-259
Obesity:No,0,0,0.0
Obesity:No,0,0,0.0
Obesity:No,0,0,0.0
Obesity:No,0,0,0.0
Obesity:No,0,0,0.0
Obesity:No,1,0,0.0
Obesity:No,0,0,0.0
Obesity:No,0,0,0.0
Obesity:No,0,0,0.0
Obesity:No,0,0,0.0
Obesity:No,0,0,2.397889142265855e-115
Obesity:No,0,0,0.0
Obesity:No,0,0,5.007473041801787e-273
Obesity:No,0,0,0.0
Obesity:No,1,0,0.0
Obesity:No,0,0,0.0
Obesity:No,0,0,0.0
Obesity:No,0,0,0.0
Obesity:No,0,0,0.0
Obesity:No,0,0,2.373633957296976e-137
Obesity:No,0,0,0.0
Obesity:No,0,0,0.0
Obesity:No,0,0,2.1087767628397792e-102
Obesity:No,0,0,3.236662236898782e-286
Obesity:No,0,0,2.1958251465787977e-183
Obesity:No,0,0,8.713004774938158e-307
Obesity:No,0,0,1.8805755521964295e-231
Obesity:No,0,0,4.0432869806247695e-118
Obesity:No,0,0,5.620168414585885e-199
Obesity:No,0,0,1.1833923147452805e-242
Obesity:No,0,0,0.0
Obesity:No,0,0,0.0
Obesity:No,0,0,0.0
Obesity:No,0,0,0.0
Obesity:No,0,0,0.0
Obesity:No,0,0,0.0
Obesity:No,0,0,0.0
Obesity:No,0,0,0.0
Obesity:No,0,0,0.0
Obesity:No,0,0,0.0
Obesity:No,0,0,0.0
Obesity:No,0,0,0.0
Obesity:No,0,0,0.0
Obesity:No,0,0,0.0
Obesity:No,0,0,6.837153790488959e-223
Obesity:No,0,0,4.063962316509624e-178
Obesity:No,0,0,0.0
Obesity:No,0,0,0.0
Obesity:No,0,0,0.0
Obesity:No,0,0,0.0
Obesity:No,0,0,3.617884052690767e-153
Obesity:No,0,0,3.575854585954378e-261
Obesity:No,0,0,2.6676261063079544e-227
Obesity:No,0,0,1.241831318148138e-308
Obesity:No,0,0,0.0
Obesity:No,0,0,0.0
Obesity:No,0,0,5.658285834827611e-39
Obesity:No,0,0,0.0
Obesity:No,0,0,0.0
Obesity:No,0,0,0.0
Obesity:No,0,0,0.0
Obesity:No,0,0,3.0267924897547576e-299
Obesity:No,0,0,0.0
Obesity:No,0,0,0.0
Obesity:No,0,0,2.3834629597651244e-211
Obesity:No,0,0,0.0
Obesity:No,0,0,0.0
Obesity:No,0,0,0.0
Obesity:No,0,0,0.0
Obesity:No,0,0,0.0
Obesity:No,0,0,0.0
Obesity:No,0,0,0.0
Obesity:No,0,0,7.360432640615041e-202
Obesity:No,0,0,0.0
Obesity:No,0,0,0.0
Obesity:No,0,0,1.1499392385522333e-284
Obesity:No,0,0,0.0
Obesity:No,0,0,0.0
Obesity:No,0,0,2.941617082729313e-251
Obesity:No,0,0,1.4632186787728293e-261
Obesity:No,0,0,0.0
Obesity:No,0,0,2.7130087677604906e-41
Obesity:No,0,0,0.0
Obesity:No,0,0,0.0
Obesity:No,0,0,0.0
Obesity:No,0,0,2.0748990546214518e-241
Obesity:No,0,0,1.2773008754732314e-235
Obesity:No,0,0,2.293447072596641e-285
Obesity:No,0,0,4.510820504006452e-254
Obesity:No,0,0,1.4340617285351233e-49
Obesity:No,0,0,1.096121642358603e-308
Obesity:No,0,1,1.0
Obesity:No,0,0,0.0
Obesity:No,0,0,0.0
Obesity:No,0,0,7.422647723298523e-212
Obesity:No,0,0,4.710413814061894e-211
Obesity:No,0,0,0.0
Obesity:No,0,0,1.650662445457548e-188
Obesity:No,0,0,0.0
Obesity:No,0,0,0.0
Obesity:No,0,0,0.0
Obesity:No,0,0,0.0
Obesity:No,0,0,3.4285288444851305e-209
Obesity:No,0,0,4.5341838840138514e-126
Obesity:No,0,0,0.0
Obesity:No,0,0,8.477879227534683e-163
Obesity:No,0,0,5.579388627387704e-248
Obesity:No,0,0,1.1668319937897966e-289
Obesity:No,0,0,0.0
Obesity:No,0,0,1.2654702238973174e-258
Obesity:No,0,0,3.185140799201134e-266
Obesity:No,0,0,0.0
Obesity:No,0,0,1.2275716417708333e-247
Obesity:No,0,0,0.0
Obesity:No,0,0,0.0
Obesity:No,0,0,0.0
Obesity:No,0,0,3.3914151848314055e-107
Obesity:No,0,0,0.0
Obesity:No,0,0,0.0
Obesity:No,0,0,0.0
Obesity:No,0,0,0.0
Obesity:No,0,0,0.0
Obesity:No,0,0,0.0
Obesity:No,0,0,0.0
Obesity:No,0,0,3.5605374555499524e-271
Obesity:No,0,0,0.0
Obesity:No,0,0,0.0
Obesity:No,0,0,0.0
Obesity:No,0,0,1.0436644567397327e-215
Obesity:No,0,0,1.8481448934046273e-259
Obesity:No,0,1,1.0
Obesity:No,0,0,7.527850930617738e-210
Obesity:No,0,0,0.0
Obesity:No,0,0,0.0
Obesity:No,0,0,0.0
Obesity:No,0,0,3.6596165570047596e-141
Obesity:No,0,0,9.365946006513054e-244
Obesity:No,0,0,3.5382235432929253e-212
Obesity:No,0,0,0.0
Obesity:No,0,0,0.0
Obesity:No,0,0,1.0971430910263098e-252
Obesity:No,0,0,1.1290288530052941e-203
Obesity:No,0,0,0.0
Obesity:No,0,0,1.9035193586410933e-300
Obesity:No,0,0,0.0
Obesity:No,0,0,0.0
Obesity:No,0,0,0.0
Obesity:No,0,0,3.36593356661759e-259
Obesity:No,0,0,1.1183442243642766e-73
Obesity:No,0,0,0.0
Obesity:No,0,0,0.0
Obesity:No,0,0,0.0
Obesity:No,0,0,1.6796508138008512e-167
Obesity:No,0,0,0.0
Obesity:No,0,0,7.97536265803704e-74
Obesity:No,0,0,0.0
Obesity:No,0,0,2.0497601290380804e-192
Obesity:No,0,0,0.0
Obesity:No,0,0,0.0
Obesity:No,0,0,0.0
Obesity:No,0,0,0.0
Obesity:No,0,0,2.8698375860005137e-170
Obesity:No,0,0,0.0
Obesity:No,0,0,0.0
Obesity:No,0,0,0.0
Obesity:No,0,0,0.0
Obesity:No,0,0,0.0
Obesity:No,0,0,0.0
Obesity:No,0,0,2.4795308471644098e-135
Obesity:No,0,0,6.3764382060021005e-90
Obesity:No,0,0,0.0
Obesity:No,0,0,2.7247367457530225e-107
Obesity:No,0,0,0.0
Obesity:No,0,0,1.229202951314352e-260
Obesity:No,0,0,1.4527018005777295e-287
Obesity:No,0,0,0.0
Obesity:No,0,0,0.0
Obesity:No,0,0,0.0
Obesity:No,0,0,0.0
Obesity:No,0,0,6.036126827392982e-214
Obesity:No,0,0,0.0
Obesity:No,0,0,2.7838596671143015e-224
Obesity:No,0,0,0.0
Obesity:No,0,0,5.305334180905478e-164
Obesity:No,0,0,0.0
Obesity:No,0,0,3.702650941899918e-276
Obesity:No,0,0,0.0
Obesity:No,0,0,0.0
Obesity:No,0,0,7.065266695744284e-148
Obesity:No,0,0,1.1934229625444193e-76
Obesity:No,0,0,0.0
Obesity:No,0,0,6.615746271162177e-206
Obesity:No,0,0,0.0
Obesity:No,0,0,0.0
Obesity:No,0,0,4.217949178714749e-275
Obesity:No,0,0,0.0
Obesity:No,0,0,0.0
Obesity:No,0,0,8.701101674009882e-168
Obesity:No,0,0,0.0
Obesity:No,0,0,0.0
Obesity:No,0,0,0.0
Obesity:No,0,0,0.0
Obesity:No,0,0,2.259480052695957e-84
Obesity:No,0,1,0.9999988990281898
Obesity:No,0,0,0.0
Obesity:No,0,0,0.0
Obesity:No,0,0,0.0
Obesity:No,0,0,0.0
Obesity:No,0,0,0.0
Obesity:No,0,0,5.782054745206421e-81
Obesity:No,0,0,2.4036386603587774e-52
Obesity:No,0,0,6.149774726188006e-234
Obesity:No,0,0,0.0
Obesity:No,0,0,0.0
Obesity:No,0,0,0.0
Obesity:No,0,0,0.0
Obesity:No,0,0,7.426623490547308e-184
Obesity:No,0,0,0.0
Obesity:No,0,0,4.4418337633022604e-263
Obesity:No,0,0,2.7782575723125606e-180
Obesity:No,0,0,0.0
Obesity:No,0,0,3.866109307402742e-272
Obesity:No,0,0,0.0
Obesity:No,0,0,0.0
Obesity:No,0,0,2.1003174989264232e-241
Obesity:No,0,0,0.0
Obesity:No,0,0,0.0
Obesity:No,0,0,3.159448821350476e-288
Obesity:No,0,0,6.64905423270682e-155
Obesity:No,0,0,0.0
Obesity:No,0,0,0.0
Obesity:No,0,0,0.0
Obesity:No,0,0,1.6432681437625783e-145
Obesity:No,0,0,0.0
Obesity:No,0,0,0.0
Obesity:No,0,0,3.1770272812747233e-293
Obesity:No,0,0,9.199710113643116e-219
Obesity:No,0,0,0.0
Obesity:No,0,0,0.0
Obesity:No,0,0,0.0
Obesity:No,0,0,2.757752346728859e-276
Obesity:No,0,0,5.4949241176248705e-266
Obesity:No,0,0,0.0
Obesity:No,0,0,3.954958279446725e-240
Obesity:No,0,0,0.0
Obesity:No,0,0,0.0
Obesity:No,0,0,0.0
Obesity:No,0,0,0.0
Obesity:No,0,0,7.977244426527623e-161
Obesity:No,0,0,0.0
Obesity:No,0,0,0.0
Obesity:No,0,0,1.4021038224465666e-196
Obesity:No,0,0,0.0
Obesity:No,0,0,6.553451783144144e-302
Obesity:No,0,0,0.0
Obesity:No,0,0,1.0140681329745143e-199
Obesity:No,0,0,0.0
Obesity:No,0,0,8.398099247671879e-277
Obesity:No,0,0,3.3277279507153695e-239
Obesity:No,0,0,0.0
Obesity:No,0,0,2.7611271506340255e-249
Obesity:No,0,0,0.0
Obesity:No,0,0,0.0
Obesity:No,0,0,8.774561709464396e-251
Obesity:No,0,0,0.0
Obesity:No,0,0,1.4714083044495955e-290
Obesity:No,0,0,2.2628731534704283e-291
Obesity:No,0,0,0.0
Obesity:No,0,0,0.0
Obesity:No,0,0,2.408616610910399e-94
Obesity:No,0,0,3.2952059700818797e-293
Obesity:No,0,0,4.4054877464449506e-238
Obesity:No,0,0,7.053301901805665e-153
Obesity:No,0,0,1.5205355536653784e-83
Obesity:No,0,0,0.0
Obesity:No,0,0,0.0
Obesity:No,0,0,8.524722485586585e-137
Obesity:No,0,0,0.0
Obesity:No,0,0,4.02552264645295e-87
Obesity:No,0,0,0.0
Obesity:No,0,0,0.0
Obesity:No,0,0,0.0
Obesity:No,0,0,0.0
Obesity:No,0,0,0.0
Obesity:No,0,0,0.0
Obesity:No,0,0,7.684839748290046e-223
Obesity:No,0,0,8.608926527581067e-294
Obesity:No,0,0,3.9560430178335354e-202
Obesity:No,0,0,0.0
Obesity:No,0,0,5.4223160119952535e-267
Obesity:No,0,0,0.0
Obesity:No,0,0,0.0
Obesity:No,0,0,0.0
Obesity:No,0,0,3.4985120779477764e-216
Obesity:No,0,0,4.561357616360203e-148
Obesity:No,0,0,0.0
Obesity:No,0,0,0.0
Obesity:No,0,0,0.0
Obesity:No,0,0,0.0
Obesity:No,0,0,0.0
Obesity:No,0,0,8.939847193513774e-269
Obesity:No,0,0,0.0
Obesity:No,0,0,0.0
Obesity:No,0,0,0.0
Obesity:No,0,0,0.0
Obesity:No,0,0,0.0
Obesity:No,0,0,1.3147631890883251e-284
Obesity:No,0,0,0.0
Obesity:No,0,0,7.237298027506678e-256
Obesity:No,0,0,0.0
Obesity:No,0,0,0.0
Obesity:No,0,0,0.0
Obesity:No,0,0,3.082487728277479e-137
Obesity:No,0,0,0.0
Obesity:No,0,0,0.0
Obesity:No,0,0,0.0
Obesity:No,0,0,0.0
Obesity:No,0,0,0.0
Obesity:No,0,0,0.0
Obesity:No,0,0,2.5734716734279634e-151
Obesity:No,0,0,0.0
Obesity:No,0,0,0.0
Obesity:No,0,0,1.102880698900083e-200
Obesity:No,0,0,0.0
Obesity:No,0,0,0.0
Obesity:No,0,0,1.8819139095019012e-223
Obesity:No,0,0,1.136120103449848e-269
Obesity:No,0,0,0.0
Obesity:No,0,0,0.0
Obesity:No,0,0,0.0
Obesity:No,0,0,1.0237868577823295e-214
Obesity:No,0,0,0.0
Obesity:No,0,0,0.0
Obesity:No,0,0,1.9697108970730732e-247
Obesity:No,0,0,0.0
Obesity:No,0,0,1.1548222461713851e-294
Obesity:No,0,0,0.0
Obesity:No,0,0,0.0
Obesity:No,0,0,0.0
Obesity:No,0,0,6.062879521903856e-229
Obesity:No,0,0,0.0
Obesity:No,0,0,0.0
Obesity:No,0,0,3.2064454289217535e-269
Obesity:No,0,0,1.1697405684041001e-168
Obesity:No,0,0,9.087023131321873e-278
Obesity:No,0,0,0.0
Obesity:No,0,0,0.0
Obesity:No,0,0,0.0
Obesity:No,0,0,3.78020776046952e-296
Obesity:No,0,0,0.0
Obesity:No,0,0,0.0
Obesity:No,0,0,2.901020709464733e-167
Obesity:No,0,0,2.614179635040168e-288
Obesity:No,0,0,4.56198411916612e-259
Obesity:No,0,0,4.946191794654896e-237
Obesity:No,0,0,6.566525884705582e-288
Obesity:No,0,0,9.099581921366698e-273
Obesity:No,0,0,0.0
Obesity:No,0,0,1.710971689798836e-184
Obesity:No,0,0,0.0
Obesity:No,0,0,0.0
Obesity:No,0,0,1.3684550163712804e-307
Obesity:No,0,0,1.6888472459964798e-239
Obesity:No,0,0,0.0
Obesity:No,0,0,3.2204803392401823e-195
Obesity:No,0,0,0.0
Obesity:No,0,0,0.0
Obesity:No,0,0,3.2873219514848328e-261
Obesity:No,0,0,0.0
Obesity:No,0,0,1.2799899513538684e-247
Obesity:No,0,0,0.0
Obesity:No,0,0,3.4009245546702433e-133
Obesity:No,0,0,0.0
Obesity:No,0,0,3.03484790542917e-235
Obesity:No,0,0,0.0
Obesity:No,0,0,0.0
Obesity:No,0,0,4.078345436995421e-304
Obesity:No,0,0,0.0
Obesity:No,0,0,0.0
Obesity:No,0,0,8.598649797319229e-272
Obesity:No,0,0,1.2356994460006151e-283
Obesity:No,0,0,9.209792203871328e-206
Obesity:No,0,0,0.0
Obesity:No,0,0,0.0
Obesity:No,0,0,7.314309442961367e-284
Obesity:No,0,0,0.0
Obesity:No,0,0,0.0
Obesity:No,0,0,9.674833743002037e-276
Obesity:No,0,0,2.6127834682999456e-78
Obesity:No,0,0,4.607314555932698e-234
Obesity:No,0,0,0.0
Obesity:No,0,0,0.0
Obesity:No,0,0,0.0
Obesity:No,0,0,0.0
Obesity:No,0,0,3.9097956078969526e-173
Obesity:No,0,0,9.738243242133201e-199
Obesity:No,0,0,0.0
Obesity:No,0,0,5.559104460450028e-295
Obesity:No,0,0,1.9333205854649663e-240
Obesity:No,0,0,0.0
Obesity:No,0,0,0.0
Obesity:No,0,0,0.0
Obesity:No,0,0,0.0
Obesity:No,0,0,0.0
Obesity:No,0,0,1.1921682948270171e-270
Obesity:No,0,0,0.0
Obesity:No,0,0,0.0
Obesity:No,0,0,1.1378493534211318e-281
Obesity:No,0,0,0.0
Obesity:No,0,0,0.0
Obesity:No,0,0,0.0
Obesity:No,0,0,0.0
Obesity:No,0,0,0.0
Obesity:No,0,0,1.1153590273883517e-219
Obesity:No,0,0,2.6502376252811788e-248
Obesity:No,0,0,0.0
Obesity:No,0,0,0.0
Obesity:No,0,0,0.0
Obesity:No,0,0,1.338168428924441e-164
Obesity:No,0,0,2.7306113299244672e-260
Obesity:No,0,0,0.0
Obesity:No,0,0,1.6147078027769346e-298
Obesity:No,0,0,0.0
Obesity:No,0,0,3.0031851566490355e-221
Obesity:No,0,0,0.0
Obesity:No,0,0,0.0
Obesity:No,0,0,0.0
Obesity:No,0,0,3.8989521594746655e-266
Obesity:No,0,0,0.0
Obesity:No,0,0,3.814741113293184e-308
Obesity:No,0,0,0.0
Obesity:No,0,0,0.0
Obesity:No,0,0,0.0
Obesity:No,0,0,1.178922190617026e-138
Obesity:No,0,0,0.0
Obesity:No,0,0,7.558787577734324e-279
Obesity:No,0,0,5.0692265010235265e-256
Obesity:No,0,0,0.0
Obesity:No,0,0,0.0
Obesity:No,0,0,0.0
Obesity:No,0,0,0.0
Obesity:No,0,0,0.0
Obesity:No,0,0,2.9727478790547837e-110
Obesity:No,0,0,2.9876934594284727e-274
Obesity:No,0,0,0.0
Obesity:No,0,0,0.0
Obesity:No,0,0,0.0
Obesity:No,0,0,0.0
Obesity:No,1,0,0.0
Obesity:No,0,0,1.2336399586673978e-283
Obesity:No,0,0,3.328303226383777e-44
Obesity:No,0,0,0.0
Obesity:No,0,0,0.0
Obesity:No,0,0,0.0
Obesity:No,0,0,0.0
Obesity:No,0,0,0.0
Obesity:No,0,0,0.0
Obesity:No,0,0,0.0
Obesity:No,0,0,0.0
Obesity:No,0,0,2.5467422008005198e-281
Obesity:No,0,0,2.0912738696610437e-217
Obesity:No,0,0,0.0
Obesity:No,0,0,0.0
Obesity:No,0,0,0.0
Obesity:No,0,0,2.5148173339394085e-255
Obesity:No,0,0,1.2890046171833693e-266
Obesity:No,0,0,1.9818434546868446e-298
Obesity:No,0,0,0.0
Obesity:No,0,0,0.0
Obesity:No,0,0,6.265495644747289e-278
Obesity:No,0,0,0.0
Obesity:No,0,0,0.0
Obesity:No,0,0,2.0789292639675086e-260
Obesity:No,0,0,8.548037637476791e-219
Obesity:No,0,0,1.2582643514223887e-112
Obesity:No,0,0,1.4511539203264588e-217
Obesity:No,0,0,0.0
Obesity:No,0,0,2.1978334816879705e-192
Obesity:No,0,0,0.0
Obesity:No,0,0,0.0
Obesity:No,0,0,3.185676438998479e-188
Obesity:No,0,0,2.4974186234403114e-266
Obesity:No,0,0,0.0
Obesity:No,0,0,0.0
Obesity:No,0,0,0.0
Obesity:No,0,0,0.0
